transcript_id	gene_id	TCGA-IB-AAUS-01	TCGA-HZ-8637-01	TCGA-3A-A9IO-01	TCGA-IB-AAUQ-01	TCGA-2L-AAQJ-01	TCGA-US-A77E-01	TCGA-HZ-8519-01	TCGA-FB-AAPQ-01	TCGA-HZ-7919-01	TCGA-LB-A9Q5-01	TCGA-HZ-A49H-01	TCGA-S4-A8RM-01	TCGA-IB-7891-01	TCGA-IB-7652-01	TCGA-M8-A5N4-01	TCGA-HV-A5A4-01	TCGA-S4-A8RO-01	TCGA-YH-A8SY-01	TCGA-2J-AAB1-01	TCGA-HZ-A77P-01	TCGA-3A-A9IN-01	TCGA-FB-AAQ6-01	TCGA-US-A77J-01	TCGA-3A-A9IU-01	TCGA-3A-A9IS-01	TCGA-XD-AAUI-01	TCGA-HV-A5A5-01	TCGA-US-A776-01	TCGA-3A-A9IJ-01	TCGA-H6-8124-11	TCGA-HV-A5A3-01	TCGA-IB-A7LX-01	TCGA-Q3-AA2A-01	TCGA-2J-AAB9-01	TCGA-3A-A9IX-01	TCGA-3A-A9IL-01	TCGA-YB-A89D-11	TCGA-HZ-7925-01	TCGA-IB-7888-01	TCGA-IB-7893-01	TCGA-IB-A5SO-01	TCGA-F2-7276-01	TCGA-IB-AAUU-01	TCGA-FB-A7DR-01	TCGA-2J-AABP-01	TCGA-F2-A8YN-01	TCGA-F2-A7TX-01	TCGA-IB-7651-01	TCGA-IB-7897-01	TCGA-IB-AAUR-01	TCGA-HV-AA8V-01	TCGA-3A-A9J0-01	TCGA-2J-AABE-01	TCGA-FB-A4P6-01	TCGA-IB-A5SP-01	TCGA-HZ-7924-01	TCGA-HZ-A49I-01	TCGA-XD-AAUH-01	TCGA-IB-A5SS-01	TCGA-FB-A4P5-01	TCGA-OE-A75W-01	TCGA-FB-A545-01	TCGA-IB-8126-01	TCGA-HZ-8636-01	TCGA-IB-7654-01	TCGA-IB-7646-01	TCGA-PZ-A5RE-01	TCGA-FB-AAQ3-01	TCGA-FB-AAPP-01	TCGA-2J-AABI-01	TCGA-YB-A89D-01	TCGA-RL-AAAS-01	TCGA-HZ-7289-01	TCGA-IB-AAUV-01	TCGA-2J-AABA-01	TCGA-IB-AAUT-01	TCGA-2L-AAQI-01	TCGA-3A-A9I5-01	TCGA-HZ-8315-01	TCGA-HZ-A77Q-01	TCGA-2L-AAQM-01	TCGA-3A-A9IR-01	TCGA-HZ-A9TJ-06	TCGA-HV-AA8X-01	TCGA-2J-AABH-01	TCGA-IB-A6UF-01	TCGA-IB-AAUP-01	TCGA-LB-A7SX-01	TCGA-3E-AAAZ-01	TCGA-3A-A9IB-01	TCGA-F2-6879-01	TCGA-FB-A78T-01	TCGA-XD-AAUL-01	TCGA-US-A774-01	TCGA-3A-A9IH-01	TCGA-2J-AABU-01	TCGA-HZ-7922-01	TCGA-IB-A5SQ-01	TCGA-2J-AAB6-01	TCGA-2L-AAQA-01	TCGA-HZ-8003-01	TCGA-F2-6880-01	TCGA-HZ-8005-01	TCGA-US-A77G-01	TCGA-IB-7647-01	TCGA-2J-AABK-01	TCGA-IB-A7M4-01	TCGA-US-A779-01	TCGA-2J-AAB8-01	TCGA-H6-A45N-01	TCGA-IB-AAUN-01	TCGA-HZ-7923-01	TCGA-L1-A7W4-01	TCGA-Q3-A5QY-01	TCGA-HZ-7918-01	TCGA-HV-A5A6-01	TCGA-2J-AAB4-01	TCGA-3A-A9IC-01	TCGA-HZ-8317-01	TCGA-2L-AAQL-01	TCGA-HV-A7OP-01	TCGA-FB-AAPY-01	TCGA-IB-7886-01	TCGA-IB-7645-01	TCGA-IB-7649-01	TCGA-F2-7273-01	TCGA-HV-A5A3-11	TCGA-IB-7887-01	TCGA-HZ-A9TJ-01	TCGA-HZ-8002-01	TCGA-LB-A8F3-01	TCGA-RB-AA9M-01	TCGA-F2-A44G-01	TCGA-2J-AABR-01	TCGA-IB-7890-01	TCGA-IB-7644-01	TCGA-FB-AAQ0-01	TCGA-FB-AAQ1-01	TCGA-Z5-AAPL-01	TCGA-H8-A6C1-01	TCGA-HZ-7920-01	TCGA-HZ-A4BK-01	TCGA-FB-AAPZ-01	TCGA-HZ-8001-01	TCGA-IB-7889-01	TCGA-HZ-7926-01	TCGA-3A-A9IZ-01	TCGA-IB-AAUM-01	TCGA-3E-AAAY-01	TCGA-XN-A8T5-01	TCGA-IB-8127-01	TCGA-3A-A9IV-01	TCGA-IB-7885-01	TCGA-IB-A5ST-01	TCGA-XN-A8T3-01	TCGA-2J-AABO-01	TCGA-HZ-A8P1-01	TCGA-IB-AAUW-01	TCGA-2J-AABF-01	TCGA-HV-A7OL-01	TCGA-HZ-A77O-01	TCGA-2J-AABT-01	TCGA-XD-AAUG-01	TCGA-S4-A8RP-01	TCGA-FB-A5VM-01	TCGA-H6-8124-01	TCGA-YY-A8LH-01	TCGA-IB-AAUO-01	TCGA-FB-AAPS-01	TCGA-FB-AAQ2-01	TCGA-3A-A9I9-01	TCGA-H6-A45N-11	TCGA-HZ-A49G-01	TCGA-HZ-A4BH-01	TCGA-RB-A7B8-01	TCGA-2J-AABV-01	TCGA-HZ-8638-01	TCGA-2L-AAQE-01	TCGA-F2-A44H-01	TCGA-IB-A6UG-01	TCGA-3A-A9I7-01	TCGA-FB-AAPU-01	TCGA-HZ-A8P0-01
ENST00000275196	ARG1-201	-9.9658	-6.5064	-9.9658	-9.9658	-4.2934	-9.9658	-9.9658	-9.9658	-9.9658	-9.9658	-9.9658	-9.9658	-9.9658	-9.9658	-4.2934	-5.5735	-9.9658	-9.9658	-9.9658	-9.9658	-1.5951	-9.9658	-9.9658	-9.9658	-2.3147	-9.9658	-4.035	-9.9658	-9.9658	-9.9658	-9.9658	-9.9658	-9.9658	-9.9658	-9.9658	-9.9658	-9.9658	-9.9658	-9.9658	-9.9658	-9.9658	-2.9324	-9.9658	-9.9658	-9.9658	-9.9658	-9.9658	-9.9658	-9.9658	-9.9658	-9.9658	-9.9658	-3.816	-9.9658	-9.9658	-9.9658	-3.816	-9.9658	-5.5735	-9.9658	-4.035	-9.9658	-3.3076	-6.5064	-5.0116	-9.9658	-3.458	-9.9658	-9.9658	-9.9658	-9.9658	-9.9658	-9.9658	-4.035	-9.9658	-4.2934	-3.0469	-9.9658	-4.6082	-9.9658	-9.9658	-9.9658	-9.9658	-9.9658	-6.5064	-9.9658	-9.9658	-4.2934	-3.1714	-9.9658	-9.9658	-9.9658	-9.9658	-9.9658	-9.9658	-9.9658	-9.9658	-9.9658	-9.9658	-6.5064	-9.9658	-9.9658	-9.9658	-9.9658	-4.035	-9.9658	-9.9658	-9.9658	-9.9658	-2.3884	-9.9658	-9.9658	-9.9658	-9.9658	-4.6082	-9.9658	-9.9658	-9.9658	-9.9658	-9.9658	-5.0116	-9.9658	-4.6082	-3.816	-9.9658	-3.458	-9.9658	-9.9658	-9.9658	-9.9658	-9.9658	-4.2934	-9.9658	-3.6259	-9.9658	-9.9658	-9.9658	-9.9658	-9.9658	-9.9658	-9.9658	-3.1714	-9.9658	-9.9658	-9.9658	-9.9658	-9.9658	-9.9658	-5.0116	-9.9658	-9.9658	-9.9658	-9.9658	-4.6082	-9.9658	-2.6349	-9.9658	-9.9658	-2.2447	-9.9658	-9.9658	-9.9658	-9.9658	-9.9658	-9.9658	-9.9658	-9.9658	-9.9658	-9.9658	-4.2934	-9.9658	-9.9658	-9.9658	-9.9658	-6.5064	-9.9658	-6.5064	-9.9658	-9.9658	-4.6082	-9.9658	-9.9658	-9.9658
ENST00000356962	ARG1-202	-2.4659	-9.9658	-5.5735	-2.7274	-9.9658	-4.6082	-9.9658	-9.9658	-9.9658	-5.0116	-0.9132	-9.9658	-9.9658	-5.0116	-9.9658	-4.6082	-5.5735	-9.9658	-9.9658	-9.9658	0.4233	-3.816	-9.9658	-4.6082	-3.458	-2.3147	-9.9658	-9.9658	-5.5735	-9.9658	-9.9658	-5.5735	-4.2934	-4.6082	-9.9658	-9.9658	-5.5735	-5.0116	-9.9658	-9.9658	-9.9658	-9.9658	-9.9658	-4.6082	-9.9658	-5.5735	-9.9658	-9.9658	-2.7274	-9.9658	-9.9658	-9.9658	-9.9658	-9.9658	-9.9658	-9.9658	-9.9658	-2.7274	-2.5479	-2.5479	-3.6259	-9.9658	-9.9658	-3.458	-9.9658	-4.2934	-9.9658	-9.9658	-9.9658	-9.9658	-3.458	-4.2934	-9.9658	-0.7834	-2.4659	-3.6259	-4.6082	-3.816	-9.9658	-9.9658	-9.9658	-9.9658	-4.2934	-5.5735	-5.0116	-9.9658	-4.6082	-9.9658	-9.9658	-9.9658	-9.9658	-9.9658	-3.458	-9.9658	-4.2934	-4.2934	-9.9658	-9.9658	-9.9658	-5.0116	-3.3076	-9.9658	-5.5735	-3.3076	-9.9658	-5.0116	-9.9658	-9.9658	-9.9658	-9.9658	-9.9658	-4.6082	-4.035	-2.9324	-9.9658	-9.9658	-9.9658	-5.5735	-9.9658	-5.5735	-9.9658	-5.0116	-9.9658	-9.9658	-9.9658	-2.9324	-9.9658	-9.9658	-5.5735	-2.1779	-2.3147	-9.9658	-5.5735	-9.9658	-5.0116	-9.9658	-4.6082	-3.816	-9.9658	-1.5951	-9.9658	-9.9658	-3.0469	-3.458	-4.6082	-6.5064	-3.3076	-9.9658	-5.0116	-9.9658	-9.9658	-0.1031	-4.035	-9.9658	-3.458	-9.9658	-9.9658	-2.2447	-9.9658	-9.9658	-9.9658	-4.035	-9.9658	-3.3076	-5.5735	-9.9658	-9.9658	-3.3076	-3.6259	-2.3147	-3.816	-9.9658	-9.9658	-3.3076	-4.6082	-9.9658	-3.458	-0.7588	-5.0116	-9.9658	-9.9658	-9.9658	-3.0469
ENST00000368087	ARG1-203	-9.9658	-2.2447	-9.9658	-9.9658	-9.9658	-9.9658	-4.035	-9.9658	-9.9658	-9.9658	-9.9658	-9.9658	-4.2934	-5.0116	-2.7274	-9.9658	-9.9658	-4.6082	-9.9658	-9.9658	5.6494	-9.9658	-2.1779	-9.9658	-9.9658	-9.9658	-9.9658	-1.8836	-1.2481	-3.816	-9.9658	-9.9658	-9.9658	-9.9658	-9.9658	-0.394	-9.9658	-9.9658	-0.7346	-9.9658	-3.816	-1.9942	-3.458	-9.9658	-9.9658	-9.9658	-9.9658	-4.2934	-1.7809	-1.9379	-9.9658	-9.9658	-9.9658	-2.5479	-9.9658	-2.8262	-9.9658	-9.9658	-9.9658	-9.9658	-9.9658	-9.9658	-4.2934	-9.9658	-9.9658	-9.9658	-3.816	-9.9658	-9.9658	-9.9658	-9.9658	-9.9658	-9.9658	-9.9658	-9.9658	-9.9658	-9.9658	-9.9658	-9.9658	-3.3076	0.058	-3.816	-9.9658	-9.9658	-9.9658	-9.9658	-9.9658	-4.6082	-9.9658	-2.4659	-3.6259	-3.1714	-9.9658	-1.4305	-9.9658	-9.9658	-9.9658	-1.2142	-9.9658	-9.9658	-9.9658	-9.9658	-9.9658	-9.9658	-3.3076	-9.9658	-3.458	-9.9658	-9.9658	-9.9658	-4.035	-9.9658	-9.9658	-1.6394	-9.9658	-9.9658	-9.9658	-9.9658	-3.458	-9.9658	-9.9658	-9.9658	-9.9658	-2.114	-9.9658	-9.9658	-9.9658	-3.1714	-9.9658	-9.9658	-9.9658	-9.9658	-9.9658	-1.9379	-9.9658	-9.9658	-9.9658	-9.9658	-1.1488	-9.9658	-1.0559	-9.9658	-9.9658	-9.9658	-9.9658	-9.9658	-9.9658	-4.2934	-9.9658	-2.7274	-4.6082	0.8726	-9.9658	-2.8262	-9.9658	-9.9658	-9.9658	-9.9658	-3.6259	-9.9658	-9.9658	-9.9658	-1.2481	-9.9658	-9.9658	-9.9658	-9.9658	-9.9658	-9.9658	-9.9658	-9.9658	-1.8314	-3.6259	-9.9658	-9.9658	-9.9658	-9.9658	-9.9658	-9.9658	-9.9658	-5.5735	-9.9658	-9.9658
ENST00000469293	ARG1-204	-9.9658	-9.9658	-4.035	-9.9658	-9.9658	-9.9658	-9.9658	-9.9658	-9.9658	-9.9658	-9.9658	-9.9658	-9.9658	-9.9658	-9.9658	-9.9658	-9.9658	-9.9658	-9.9658	-9.9658	0.2154	-9.9658	-9.9658	-9.9658	-9.9658	-9.9658	-9.9658	-9.9658	-9.9658	-9.9658	-9.9658	-9.9658	-9.9658	-9.9658	-9.9658	-2.2447	-9.9658	-9.9658	-9.9658	-9.9658	-9.9658	-9.9658	-9.9658	-9.9658	-9.9658	-9.9658	-9.9658	-9.9658	-9.9658	-9.9658	-9.9658	-9.9658	-9.9658	-9.9658	-9.9658	-9.9658	-9.9658	-9.9658	-9.9658	-9.9658	-9.9658	-9.9658	-3.6259	-9.9658	-9.9658	-9.9658	-9.9658	-9.9658	-9.9658	-9.9658	-9.9658	-9.9658	-9.9658	-9.9658	-2.114	-9.9658	-9.9658	-9.9658	-3.816	-9.9658	-9.9658	-9.9658	-9.9658	-9.9658	-9.9658	-3.6259	-9.9658	-9.9658	-9.9658	-6.5064	-9.9658	-9.9658	-9.9658	-3.3076	-9.9658	-9.9658	-9.9658	-9.9658	-9.9658	-9.9658	-4.2934	-9.9658	-9.9658	-9.9658	-9.9658	-9.9658	-9.9658	-9.9658	-9.9658	-9.9658	-9.9658	-2.9324	-9.9658	-9.9658	-9.9658	-9.9658	-9.9658	-9.9658	-9.9658	-9.9658	-9.9658	-9.9658	-9.9658	-9.9658	-9.9658	-9.9658	-9.9658	-9.9658	-9.9658	-9.9658	-6.5064	-9.9658	-9.9658	-9.9658	-9.9658	-9.9658	-9.9658	-9.9658	-9.9658	-9.9658	-9.9658	-9.9658	-9.9658	-9.9658	-9.9658	-9.9658	-9.9658	-9.9658	-9.9658	-9.9658	-9.9658	-9.9658	-9.9658	-9.9658	-9.9658	-9.9658	-9.9658	-9.9658	-9.9658	-9.9658	-9.9658	-9.9658	-9.9658	-9.9658	-9.9658	-9.9658	-9.9658	-9.9658	-9.9658	-9.9658	-9.9658	-9.9658	-9.9658	-9.9658	-9.9658	-9.9658	-9.9658	-9.9658	-9.9658	-9.9658	-9.9658	-9.9658	-9.9658
ENST00000484820	ARG1-205	-9.9658	-9.9658	-9.9658	-9.9658	-9.9658	-2.2447	-4.035	-2.4659	-9.9658	-9.9658	-9.9658	-9.9658	-3.6259	-9.9658	-9.9658	-9.9658	-9.9658	-9.9658	-9.9658	-9.9658	-9.9658	-9.9658	-9.9658	-9.9658	-9.9658	-9.9658	-9.9658	-9.9658	-9.9658	-9.9658	-9.9658	-9.9658	-9.9658	-9.9658	-2.6349	-9.9658	-9.9658	-9.9658	-9.9658	-9.9658	-9.9658	-9.9658	-9.9658	-9.9658	-9.9658	-9.9658	-9.9658	-9.9658	-9.9658	-9.9658	-9.9658	-3.1714	-9.9658	-9.9658	-9.9658	-9.9658	-9.9658	-2.114	-9.9658	-9.9658	-9.9658	-9.9658	-9.9658	-3.458	-9.9658	-9.9658	-5.5735	-9.9658	-2.7274	-9.9658	-9.9658	-9.9658	-9.9658	-9.9658	-9.9658	-9.9658	-9.9658	-9.9658	-9.9658	-2.7274	-9.9658	-3.3076	-9.9658	-9.9658	-9.9658	-9.9658	-9.9658	-4.2934	-9.9658	-9.9658	-9.9658	-4.035	-9.9658	-9.9658	-9.9658	-9.9658	-9.9658	-9.9658	-9.9658	-9.9658	-9.9658	-4.035	-9.9658	-9.9658	-9.9658	-9.9658	-3.3076	-9.9658	-9.9658	-9.9658	-9.9658	-9.9658	-9.9658	-9.9658	-3.6259	-9.9658	-9.9658	-9.9658	-9.9658	-9.9658	-9.9658	-9.9658	-9.9658	-9.9658	-9.9658	-9.9658	-9.9658	-9.9658	-9.9658	-9.9658	-9.9658	-9.9658	-9.9658	-9.9658	-9.9658	-9.9658	-9.9658	-9.9658	-2.8262	-9.9658	-2.6349	-6.5064	-9.9658	-9.9658	-9.9658	-9.9658	-9.9658	-9.9658	-9.9658	-9.9658	-9.9658	-9.9658	-9.9658	-4.2934	-9.9658	-9.9658	-9.9658	-9.9658	-9.9658	-9.9658	-9.9658	-9.9658	-9.9658	-2.8262	-9.9658	-9.9658	-9.9658	-9.9658	-9.9658	-9.9658	-9.9658	-9.9658	-2.7274	-9.9658	-9.9658	-9.9658	-3.6259	-9.9658	-9.9658	-3.6259	-9.9658	-9.9658	-9.9658
ENST00000498260	ARG1-206	-9.9658	-4.2934	-4.2934	-9.9658	-9.9658	-9.9658	-2.9324	-9.9658	-9.9658	-3.6259	-9.9658	-9.9658	-9.9658	-9.9658	-9.9658	-9.9658	-9.9658	-9.9658	-9.9658	-9.9658	2.1541	-9.9658	-9.9658	-9.9658	-9.9658	-9.9658	-9.9658	-9.9658	-9.9658	-9.9658	-9.9658	-9.9658	-4.035	-9.9658	-9.9658	-3.0469	-9.9658	-9.9658	-9.9658	-9.9658	-9.9658	-4.6082	-9.9658	-9.9658	-9.9658	-9.9658	-9.9658	-9.9658	-3.816	-3.3076	-9.9658	-9.9658	-9.9658	-3.458	-9.9658	-9.9658	-9.9658	-9.9658	-9.9658	-9.9658	-9.9658	-9.9658	-9.9658	-9.9658	-9.9658	-9.9658	-9.9658	-9.9658	-9.9658	-9.9658	-9.9658	-9.9658	-9.9658	-4.2934	-9.9658	-9.9658	-9.9658	-9.9658	-9.9658	-9.9658	-9.9658	-9.9658	-9.9658	-9.9658	-9.9658	-9.9658	-4.6082	-9.9658	-9.9658	-9.9658	-9.9658	-9.9658	-9.9658	-9.9658	-9.9658	-9.9658	-9.9658	-9.9658	-3.1714	-9.9658	-9.9658	-9.9658	-9.9658	-9.9658	-4.6082	-9.9658	-9.9658	-9.9658	-9.9658	-9.9658	-9.9658	-9.9658	-4.2934	-9.9658	-9.9658	-9.9658	-9.9658	-9.9658	-9.9658	-9.9658	-9.9658	-4.6082	-4.6082	-9.9658	-9.9658	-9.9658	-4.035	-4.2934	-9.9658	-1.685	-9.9658	-4.2934	-9.9658	-9.9658	-9.9658	-9.9658	-9.9658	-9.9658	-9.9658	-9.9658	-9.9658	-9.9658	-9.9658	-5.0116	-9.9658	-9.9658	-9.9658	-9.9658	-9.9658	-9.9658	-9.9658	-3.458	-5.0116	-9.9658	-3.816	-9.9658	-2.6349	-9.9658	-9.9658	-9.9658	-9.9658	-9.9658	-9.9658	-9.9658	-9.9658	-9.9658	-4.6082	-9.9658	-4.035	-9.9658	-9.9658	-9.9658	-9.9658	-9.9658	-9.9658	-9.9658	-9.9658	-9.9658	-9.9658	-9.9658	-9.9658	-9.9658	-9.9658
ENST00000261783	ARG2-201	1.2455	1.6558	5.5778	1.614	0.7579	0.9862	3.7593	1.7403	1.2875	-0.8339	2.0535	-0.2671	1.0642	0.9935	0.9038	1.4704	2.1925	1.5661	-0.1031	1.6558	3.4945	1.1117	2.6918	0.3115	6.0847	1.8119	1.2271	0.4233	5.5289	1.7489	1.412	1.0573	0.5955	1.196	0.6517	3.2572	1.5661	0.7146	1.4065	1.7617	0.8488	2.1541	1.6327	1.8119	3.453	2.4117	0.5069	1.8524	3.7539	1.1833	1.1512	1.5316	-0.2845	1.2516	1.9786	1.8604	0.5069	4.0497	1.7786	0.8246	-0.2671	0.9568	0.1776	1.7954	1.9895	2.4544	1.3051	0.3573	0.4967	1.7702	1.3679	1.0711	1.5902	2.2206	0.0718	1.6281	0.9343	2.0707	0.1388	2.4359	3.6417	2.2513	1.2875	1.4652	1.8996	0.6332	1.1382	0.099	1.6374	1.2756	0.4447	0.8726	1.7141	0.8488	1.0711	1.6045	1.5115	3.1892	2.4386	0.9493	1.1897	-0.5332	1.8918	0.3346	2.5585	1.105	2.3926	0.6699	0.1124	2.1213	0.4447	2.5948	0.5666	0.8961	1.0915	1.816	1.8879	2.0218	2.0604	0.9493	-2.9324	1.0007	2.05	0.8164	0.5666	1.9377	1.5465	0.8805	3.3979	1.7403	1.5998	2.4779	1.766	2.3732	2.0254	0.4233	1.1641	0.8805	-0.8863	-0.0725	3.3192	0.9191	1.6604	2.296	0.4865	3.9737	3.4048	-0.3752	0.6425	1.6327	1.2455	5.6818	0.3796	0.1257	1.125	1.2085	0.0718	1.4065	1.9264	0.03	0.5271	2.4144	3.7752	0.8961	2.5972	2.9148	0.3573	0.3231	0.7493	1.3225	0.2029	-2.7274	-0.1031	1.7009	0.5069	-0.1993	1.7009	0.3685	0.9191	-0.1345	0.7832	0.1257	1.2516
ENST00000556491	ARG2-202	-9.9658	-6.5064	-9.9658	-9.9658	-9.9658	-4.6082	-9.9658	-9.9658	-2.8262	-9.9658	-9.9658	-9.9658	-9.9658	-9.9658	-9.9658	-9.9658	-9.9658	-9.9658	-9.9658	-9.9658	-9.9658	-9.9658	-9.9658	-9.9658	-9.9658	-9.9658	-9.9658	-9.9658	-9.9658	-9.9658	-6.5064	-9.9658	-9.9658	-9.9658	-9.9658	-9.9658	-9.9658	-9.9658	-9.9658	-3.1714	-9.9658	-9.9658	-9.9658	-3.1714	-9.9658	-9.9658	-9.9658	-9.9658	-9.9658	-9.9658	-3.0469	-9.9658	-9.9658	-1.7322	-9.9658	-2.5479	-3.1714	-9.9658	-1.2481	-9.9658	-9.9658	-9.9658	-9.9658	-9.9658	-9.9658	-1.0862	-3.1714	-2.9324	-9.9658	-9.9658	-9.9658	-9.9658	-4.035	-9.9658	-9.9658	-9.9658	-2.6349	-9.9658	-9.9658	-9.9658	-9.9658	-9.9658	-9.9658	-2.2447	-9.9658	-9.9658	-9.9658	-9.9658	-9.9658	-1.9942	-9.9658	-9.9658	-2.1779	-9.9658	-9.9658	-9.9658	-9.9658	-1.1811	-9.9658	-9.9658	-3.816	-9.9658	-0.5543	-2.114	-1.7809	-9.9658	-9.9658	-9.9658	-9.9658	-9.9658	-9.9658	-2.5479	-9.9658	-9.9658	-1.4305	-9.9658	-9.9658	-9.9658	-3.6259	-9.9658	-9.9658	-9.9658	-1.9379	-9.9658	-9.9658	-9.9658	-9.9658	-9.9658	-9.9658	-9.9658	-9.9658	-9.9658	-9.9658	-9.9658	-9.9658	-9.9658	-9.9658	-9.9658	-9.9658	-9.9658	-2.3884	-9.9658	-3.1714	-9.9658	-9.9658	-9.9658	-0.5125	-9.9658	-2.1779	-9.9658	-9.9658	-9.9658	-1.8314	-3.0469	-9.9658	-9.9658	-9.9658	-9.9658	-9.9658	-9.9658	-9.9658	-9.9658	-9.9658	-2.114	-9.9658	-9.9658	-2.8262	-9.9658	-1.7809	-9.9658	-9.9658	-9.9658	-9.9658	-9.9658	-9.9658	-9.9658	-1.1488	-9.9658	-9.9658	-9.9658	-4.035	-9.9658	-9.9658
ENST00000557120	ARG2-203	-1.4699	-1.3921	-0.2159	-9.9658	-2.5479	-1.6394	-1.0262	-1.3921	-2.9324	-5.5735	-0.7346	-2.6349	-0.3383	-1.5951	-9.9658	-9.9658	-1.2828	-2.6349	-1.685	-1.2481	-9.9658	0.2642	-9.9658	-9.9658	2.1047	-1.9379	-1.2828	-2.6349	-3.816	-0.8339	-9.9658	-9.9658	-9.9658	-9.9658	-9.9658	-1.7809	-9.9658	-2.2447	-2.1779	-3.1714	-1.5105	-0.8339	-2.114	-1.5951	-2.5479	-1.6394	-9.9658	-1.0559	0.6145	-0.9686	-9.9658	-1.4699	-2.4659	-9.9658	-9.9658	-9.9658	-9.9658	0.7233	-0.4719	-1.7322	-2.8262	0.0718	-9.9658	-1.9379	-9.9658	-9.9658	-2.7274	-9.9658	-9.9658	-0.9686	-2.5479	-9.9658	-9.9658	-1.1488	-2.7274	-2.4659	-9.9658	-2.6349	-2.1779	-2.0529	-9.9658	-1.2142	-1.3183	-9.9658	-0.3201	-2.0529	-1.6394	-3.3076	-9.9658	-3.0469	-2.2447	-2.2447	-1.1172	-9.9658	-0.9971	-6.5064	-0.3201	-0.8863	-9.9658	-1.5105	-9.9658	-9.9658	-9.9658	-1.8314	-1.685	-3.0469	-9.9658	-2.9324	-2.3147	-0.9971	-1.3921	-1.2142	-1.3183	-3.0469	-9.9658	-3.0469	-1.3183	-0.8599	-0.4325	-9.9658	-9.9658	-1.4699	-4.035	-1.3921	-3.1714	-1.7809	-9.9658	-9.9658	-0.7346	-1.1811	-9.9658	-2.1779	-2.0529	-0.8084	-9.9658	-6.5064	-1.2828	-9.9658	-2.9324	-9.9658	-1.9942	-9.9658	-1.7322	-2.3884	-9.9658	-0.4521	-9.9658	-9.9658	-0.9406	-2.5479	-9.9658	0.517	-9.9658	-1.4699	-9.9658	-0.7588	-2.5479	-1.7322	-9.9658	-4.2934	-9.9658	-0.7346	-1.1172	-0.5125	-3.6259	-1.9942	-1.3921	-9.9658	-2.2447	-2.9324	-9.9658	-2.3147	-9.9658	-9.9658	-9.9658	-3.816	-1.3548	-4.2934	-9.9658	-1.8836	-1.4699	-1.6394	-2.7274
ENST00000557319	ARG2-204	-1.6394	-9.9658	1.8484	-1.3183	-9.9658	-2.114	-3.3076	-9.9658	-1.0559	-2.5479	-9.9658	-2.9324	-3.0469	-1.6394	-9.9658	-2.4659	-9.9658	-1.685	-2.5479	-1.0862	-0.9406	-9.9658	-0.5332	-2.9324	2.3564	-2.6349	-9.9658	-0.6416	-2.6349	-9.9658	-9.9658	-2.6349	-2.8262	-0.9686	-9.9658	0.3115	-1.0862	-9.9658	-1.7322	-2.8262	-1.8836	-9.9658	-1.5105	-0.8339	-0.4131	-1.1172	-2.2447	-1.7809	0.4233	-0.8084	-9.9658	-2.0529	-9.9658	-9.9658	-9.9658	-2.3147	-2.2447	0.7407	-9.9658	-9.9658	-2.8262	-1.0862	-2.3884	-2.8262	-3.458	-9.9658	-2.3147	-1.0862	-1.5522	-1.0862	-9.9658	-9.9658	-9.9658	-9.9658	-9.9658	-9.9658	-2.7274	-1.5522	-1.5951	-9.9658	0.2522	-2.3147	-0.4921	-2.3884	-3.0469	-2.5479	-2.5479	-9.9658	-1.3921	-9.9658	-1.8314	-2.0529	-2.3884	-1.8314	-1.3548	-9.9658	-1.5951	0.03	-0.5332	-1.3548	-0.9971	-3.1714	-9.9658	-9.9658	-0.6643	-1.4305	-9.9658	-2.8262	-1.3921	-0.3201	-1.5951	0.058	-9.9658	-9.9658	-9.9658	-9.9658	-1.5522	-1.1172	-2.2447	-9.9658	-4.6082	-1.1172	-3.1714	-1.8836	-3.3076	-1.7809	-9.9658	-2.8262	-2.3884	-9.9658	-9.9658	-2.4659	-9.9658	-9.9658	-9.9658	-0.7588	-0.3752	-2.9324	-0.8863	-2.2447	-9.9658	-9.9658	-9.9658	-0.9132	-9.9658	-0.9132	-0.7108	-9.9658	-2.114	-2.2447	-2.0529	-1.0262	-9.9658	-1.2142	-9.9658	-9.9658	-1.6394	-0.7108	-0.5332	-9.9658	-9.9658	-1.9379	0.3796	-1.7322	-1.6394	-0.5973	-0.9406	-2.4659	-1.5105	-2.2447	-1.7809	-1.9942	-1.685	-1.9379	-9.9658	-2.5479	-1.7322	-1.7322	-9.9658	-2.4659	-1.1488	-2.2447	-9.9658
ENST00000217169	BIRC7-201	2.9488	-1.4305	-9.9658	3.958	-0.1031	0.2998	-0.5756	-1.5951	-0.0277	-2.2447	-1.6394	0.5271	-1.3548	0.4761	2.4883	2.8402	1.3051	0.1257	-1.8836	0.1776	-1.0262	-0.4719	-0.5543	-0.4131	-9.9658	4.7893	-0.9686	-9.9658	-9.9658	1.9564	0.3573	2.2051	1.5806	0.4447	-1.2828	-1.8314	0.8327	-0.9971	-1.6394	2.4198	-0.0725	-0.3752	1.8201	-0.4325	1.2023	-0.7108	-0.1993	-0.1993	-9.9658	-1.1172	1.3167	2.2482	0.1124	-0.6873	-0.1828	-9.9658	2.0946	-0.3752	-1.1488	0.5859	2.1988	1.3846	-2.0529	1.3109	-2.114	-9.9658	2.0395	-0.6193	-9.9658	-0.6873	0.3685	-1.1172	-9.9658	1.6327	-9.9658	1.7097	-0.9406	-2.0529	-0.1345	0.8082	-9.9658	-9.9658	1.642	1.177	2.9032	2.8381	0.2642	0.0718	0.4761	-0.7834	-3.1714	2.8381	0.0718	1.7489	-0.6643	0.4967	0.7999	-0.2498	5.8001	2.4727	-0.3383	-9.9658	0.9493	2.3423	-1.7809	0.1388	-0.5543	1.5806	1.4174	1.5316	-1.2828	-0.6416	-2.3147	2.4934	-1.7322	-0.7834	3.0637	1.2209	-9.9658	1.1512	-2.6349	1.0079	-0.9406	1.0711	-1.3548	-2.0529	0.3796	0.2762	1.0711	-0.2159	-1.3921	-0.2159	2.1606	-0.5756	2.3732	-1.9942	2.3423	0.24	-1.2481	1.5612	-9.9658	1.1316	1.5316	-0.6416	-0.2671	-9.9658	-0.9686	-2.6349	1.0983	-3.816	1.6093	-9.9658	-0.3752	-0.1187	3.838	2.6693	0.3573	-1.7322	0.6145	3.3535	0.8488	1.9968	-1.0559	1.7786	-0.3752	1.1117	1.692	3.0428	1.6093	1.3791	5.8682	-9.9658	1.1184	2.118	0.6425	-1.6394	-9.9658	-0.5543	0.0014	0.9716	-0.1993	-1.2828	-1.0262
ENST00000342412	BIRC7-202	2.578	-1.4305	-5.5735	2.9469	-1.1488	-0.1993	-1.5522	-0.5973	-0.3383	-2.0529	-2.8262	-1.4699	-1.2142	0.7233	1.2875	3.0127	-1.0262	0.7058	0.0158	-9.9658	-9.9658	0.5069	-1.8836	-1.2828	-9.9658	3.1344	-0.3752	-5.5735	-3.816	0.2762	0.3573	1.7009	0.6969	-0.7346	-2.2447	-9.9658	-0.7588	-0.9132	-9.9658	1.0573	-9.9658	-3.3076	0.1519	-4.035	-0.1187	-1.0559	-4.6082	0.0158	-0.6873	-1.0559	-1.7809	0.6517	-0.1345	-1.3921	-1.4305	-6.5064	-0.1828	-1.9379	-0.0425	-0.2328	0.7916	0.2277	-9.9658	0.7916	-2.5479	-2.6349	0.537	-1.9942	-5.0116	-9.9658	-9.9658	-1.8836	-5.5735	1.1706	-0.3752	-1.1172	-3.0469	-1.6394	-1.1172	-2.1779	-5.5735	-9.9658	-0.6873	-0.9132	2.183	1.7995	-0.9132	-0.9971	-0.5756	-0.1187	-9.9658	2.0776	-0.8339	1.1316	-1.2481	0.1124	-1.2828	-0.013	3.242	2.3788	-1.9379	-9.9658	-1.5105	1.2815	-1.1488	-0.0425	-0.4521	-0.3752	-9.9658	-2.9324	0.24	-0.7108	-9.9658	1.3051	-0.7834	-0.0425	1.7403	0.0158	-2.2447	0.5955	-9.9658	0.537	-1.1811	0.3573	-9.9658	-9.9658	-1.6394	-0.5332	0.5763	-2.7274	-1.9942	-3.458	0.547	-1.2142	1.1184	-1.1811	1.9377	-1.1172	-1.7809	0.2029	-3.0469	-1.2481	-9.9658	-9.9658	-9.9658	-2.0529	-2.6349	-0.9971	1.0779	-3.1714	1.6374	-3.1714	-0.2159	-4.2934	2.9525	1.9527	-9.9658	-5.5735	1.46	1.6281	-0.4131	1.125	-9.9658	0.2642	-2.8262	-1.5522	0.6239	2.1606	-9.9658	0.8647	5.3147	-2.3884	0.0854	0.8327	-0.6873	-4.2934	-5.0116	-0.8599	-0.1665	0.1776	0.2029	-1.5522	-3.0469
ENST00000395306	BIRC7-203	-2.5479	-9.9658	-9.9658	0.4657	-3.3076	-9.9658	-9.9658	-1.8836	-3.458	-3.0469	-9.9658	-2.5479	-9.9658	-9.9658	-1.9942	0.5568	-1.9942	-1.5105	-9.9658	-9.9658	-9.9658	-9.9658	-9.9658	-9.9658	-9.9658	1.2085	-9.9658	-9.9658	-9.9658	-2.7274	-9.9658	-2.9324	-0.6643	-1.4305	-3.458	-9.9658	-1.685	-9.9658	-9.9658	-3.3076	-9.9658	-9.9658	-2.9324	-3.0469	-2.0529	-9.9658	-9.9658	-9.9658	-9.9658	-9.9658	-9.9658	0.6969	-9.9658	-2.2447	-3.1714	-9.9658	-1.3548	-1.8314	-9.9658	-9.9658	-0.5756	-9.9658	-5.0116	-2.114	-2.3147	-9.9658	-1.5522	-1.3921	-9.9658	-3.6259	-9.9658	-9.9658	-9.9658	-9.9658	-9.9658	-9.9658	-3.816	-9.9658	-2.3884	-9.9658	-9.9658	-9.9658	-0.8084	-9.9658	0.6608	-0.4719	-9.9658	-2.6349	-1.7809	-9.9658	-9.9658	0.8805	-9.9658	-2.5479	-9.9658	-9.9658	-3.1714	-9.9658	2.4985	-1.6394	-3.6259	-9.9658	-9.9658	-1.1488	-9.9658	-1.4699	-9.9658	-0.9406	-0.0725	-9.9658	-9.9658	-9.9658	-9.9658	-9.9658	-9.9658	-2.8262	0.679	-9.9658	-9.9658	-1.7809	-1.8836	-1.8314	-9.9658	-3.1714	-9.9658	-9.9658	-2.8262	-9.9658	-2.6349	-1.4699	-9.9658	-9.9658	0.058	-9.9658	-1.0262	-9.9658	-0.1504	-9.9658	-9.9658	-2.5479	-9.9658	-1.0559	-3.0469	-9.9658	-3.816	-9.9658	-9.9658	-3.458	-9.9658	-4.2934	-9.9658	-9.9658	-2.9324	-2.7274	-0.2671	-0.3201	-0.6416	-3.3076	-9.9658	0.2029	-0.5125	-2.4659	-9.9658	-2.6349	-3.0469	-1.7322	-0.7108	0.3346	-1.9379	1.5165	2.0979	-9.9658	-9.9658	-1.0262	-3.0469	-3.816	-9.9658	-2.4659	-9.9658	-1.8836	-9.9658	-2.3147	-9.9658
ENST00000225831	CCL2-201	6.9433	5.3374	3.0127	5.6865	5.1579	4.6753	5.8822	5.6893	5.1429	5.585	7.0859	3.795	6.8004	6.429	5.2597	5.613	3.772	5.4803	3.3364	6.8044	7.4192	3.4384	7.1126	5.4529	3.9099	6.3887	6.7327	3.1212	6.5322	8.8886	5.0497	4.9969	6.0179	7.5721	7.6237	5.72	8.1997	7.3428	7.2421	6.6509	4.7388	9.5372	5.2017	6.9022	4.9883	5.2529	5.6253	4.9241	7.5506	7.7304	6.3306	6.0687	5.8076	6.0689	4.481	4.3548	6.1785	8.1223	6.9174	5.0379	5.6396	4.4634	6.6927	7.0641	4.5589	5.3288	4.9681	6.0568	1.4756	5.5589	6.645	7.662	-0.3566	6.5868	4.8812	7.4195	6.1297	4.66	6.1697	8.8298	3.6417	4.854	5.8721	5.1571	6.5715	6.1142	5.5644	6.4517	4.7777	5.562	5.43	4.366	5.2869	6.8706	5.9232	2.7889	5.3837	5.1752	5.8215	4.2586	4.865	2.7847	4.4784	3.3032	7.6748	6.4214	3.9374	3.9289	5.9819	6.089	4.6916	7.0174	4.3162	6.727	6.2267	6.3683	7.4037	5.2103	6.8627	6.565	-0.8084	5.5577	6.0139	8.5956	3.8218	6.9797	9.6629	5.1728	5.4206	7.3264	6.7601	8.6306	4.7629	7.7272	4.7491	4.0985	3.2959	5.1672	7.74	6.1948	6.382	4.423	6.6072	7.4394	7.4773	5.4689	6.8061	4.0091	7.427	9.1719	5.5763	1.6281	5.3288	6.0273	5.5466	5.3965	4.0884	7.3966	7.5571	5.428	5.6551	6.1457	6.3911	6.3107	6.4694	4.8963	3.0127	7.558	5.7038	3.4143	6.08	2.1702	7.2331	6.7786	5.0648	4.437	6.8579	4.3862	6.1647	5.7892	4.8812	2.3843	4.9933
ENST00000580907	CCL2-202	1.4335	-0.0877	-3.1714	-0.4325	-0.4521	-0.9971	-0.4131	1.1447	-0.2671	-0.013	1.1897	-0.4719	0.8246	-0.013	-0.3022	-0.1345	-3.6259	-0.7588	-5.5735	0.2154	2.6348	-9.9658	0.1124	-0.8339	-0.6193	1.1316	0.24	-0.7108	0.605	2.9205	-2.5479	0.2154	-9.9658	1.9968	2.5338	0.4865	1.9226	0.2881	1.3791	-0.0725	-1.6394	3.3307	-1.3548	1.1512	-0.9406	-2.5479	-0.5543	-0.7108	1.3735	2.6278	0.044	0.6145	-0.2845	-0.0277	-1.7809	-0.9406	0.2642	2.9052	-0.0725	-9.9658	-0.9686	-9.9658	1.736	1.0779	-1.3183	-0.5756	-1.4699	-0.7108	-9.9658	-0.3201	0.3796	1.3109	-4.6082	1.4174	-1.685	2.8681	0.9642	-1.8314	0.8164	2.8779	-9.9658	-0.7346	0.2277	-0.8863	2.0465	1.3225	-9.9658	1.4174	-1.4305	0.5069	-2.6349	-0.6643	-0.2328	1.0915	0.4865	-2.6349	-0.9132	-0.9132	-1.9942	-0.4921	-0.0725	-2.1779	-9.9658	-0.8599	0.5955	0.9493	-1.5105	-9.9658	0.517	-0.013	-0.9406	2.1114	-1.1488	1.5514	0.3573	-2.1779	1.949	-0.013	1.7617	-0.0425	-9.9658	0.7664	0.9038	3.1162	-4.035	1.0779	4.1644	-9.9658	-0.6643	1.6558	-0.2498	3.5449	-0.6193	2.9469	-0.9406	-1.4699	-1.5951	-9.9658	2.5413	-0.0277	0.1776	-0.2845	1.6558	1.3511	1.0573	0.044	1.0711	-0.3566	2.0912	3.5149	-1.0862	-3.816	-1.0862	0.0718	-0.7346	-0.6193	-1.5105	1.9749	2.0946	-1.9379	-0.0425	1.2394	0.4657	1.2455	-0.1345	0.3115	-9.9658	1.3956	-0.8599	-9.9658	0.517	-1.9942	2.9432	0.8726	-1.9942	-4.2934	1.3225	-2.114	0.6969	0.1776	-0.8599	-3.6259	0.2029
ENST00000624362	CCL2-203	-0.6873	-1.5105	-2.4659	-2.3147	-2.7274	-2.3884	-1.3183	-1.1811	-1.9379	-1.4305	-0.8599	-5.0116	-1.5951	-1.5105	-2.0529	-2.6349	-2.3147	-0.9686	-5.0116	-0.9406	1.2636	-4.035	-0.9132	-2.2447	-2.4659	-1.1488	-1.1811	-5.0116	-1.9379	1.9111	-4.2934	-1.2142	-2.6349	-0.8863	0.8327	-0.5543	0.2998	-2.0529	-0.8599	-2.6349	-2.114	1.3225	-2.3884	-0.8339	-3.816	-5.0116	-1.7322	-2.9324	0.0014	0.4552	-0.0725	-1.4305	-1.0262	-1.5105	-3.458	-2.0529	-9.9658	1.2756	-1.685	-3.458	-3.816	-3.0469	-0.4521	-0.8084	-3.3076	-9.9658	-4.2934	-3.0469	-4.2934	-2.3147	-2.7274	-0.4521	-9.9658	-0.8863	-2.8262	-0.1993	-1.7322	-1.685	-1.4305	0.03	-3.816	-3.458	-2.3147	-4.035	-0.4325	-0.8863	-1.5951	-0.4131	-2.7274	-1.3548	-4.2934	-2.0529	-1.8836	-0.9406	-1.685	-9.9658	-1.9379	-1.4699	-3.1714	-1.9379	-2.114	-4.2934	-3.816	-2.114	-0.9686	-1.5105	-5.0116	-3.458	-1.8836	-1.5105	-1.4699	1.105	-2.114	-0.5543	-1.2142	-2.8262	-0.8339	-2.9324	0.1388	-2.6349	-9.9658	-3.6259	-1.3921	1.7575	-5.5735	-1.1172	1.9786	-2.8262	-2.3884	-1.4699	-1.7322	1.2271	-1.9942	1.0915	-4.6082	-4.2934	-3.3076	-2.8262	-1.3183	-0.8339	-1.3183	-5.0116	-0.394	-0.4521	-0.7346	-2.3884	-2.2447	-1.9942	-0.2328	1.4494	-1.0559	-9.9658	-1.9942	-1.5522	-1.4305	-2.3147	-4.6082	-0.013	0.7058	-3.1714	-1.9379	-0.0574	-2.9324	-0.0877	-2.4659	-2.0529	-9.9658	0.7748	-2.2447	-5.0116	-1.1811	-2.4659	0.2522	-1.2142	-3.3076	-3.816	-0.5125	-3.3076	-2.3147	-1.1172	-2.4659	-5.5735	-1.5951
ENST00000219235	CCL22-201	3.5312	2.0742	1.595	-1.1811	0.7916	0.4552	1.3167	-0.2328	2.376	1.4281	1.9749	1.6187	2.5756	2.0979	0.547	1.5854	0.4865	0.7407	3.0568	1.9111	-1.5522	-0.8084	2.8799	0.7321	-4.6082	2.4063	2.1574	-2.9324	-5.5735	0.346	0.7999	0.9716	-0.0725	1.3846	4.3548	0.605	4.5675	2.753	1.1184	-0.3201	2.9525	1.3956	2.9109	0.044	-0.3752	1.7995	1.2696	-0.6643	3.7072	4.9007	2.2051	0.3573	2.6783	2.2633	1.2394	1.8564	3.0287	1.9675	1.0779	3.1765	2.7117	-0.4921	0.605	2.9375	0.3573	-0.4921	1.6045	0.1257	-3.816	2.3222	3.9608	2.4985	-2.3147	1.0503	1.9111	1.0293	-1.1488	0.3907	1.5366	3.1062	-9.9658	-1.7809	-1.2828	0.2277	0.0718	-1.8314	3.449	-0.6643	0.5763	1.1512	0.688	2.0004	1.9822	2.0395	1.7532	1.2992	2.2693	3.4398	0.8246	0.9862	2.0254	-5.0116	-1.3183	1.2023	3.4752	0.6145	2.4198	0.3685	1.9302	3.1278	1.3846	4.4067	0.4967	4.2646	1.3109	-1.7809	1.9564	0.1124	0.7579	1.4652	-4.6082	3.2313	1.196	3.5187	1.9188	2.1378	0.7321	-0.9686	0.1124	3.0757	-2.7274	1.7185	0.7058	2.9802	-0.394	1.9675	-1.7809	0.9419	4.2212	3.034	1.4911	2.5972	2.1574	2.0673	2.5011	3.4674	-1.6394	1.0642	2.4779	2.4675	1.9188	-5.5735	2.9729	2.362	-0.5543	1.46	-0.8599	0.1776	1.9415	1.8996	0.3796	3.2002	2.3981	2.5388	3.0995	-1.2142	0.8568	0.0014	2.362	1.5013	0.2998	1.7009	3.2297	3.5959	0.6425	-2.3147	0.5666	2.7073	2.7249	1.5216	1.7097	1.0983	-0.2845
ENST00000381573	CD274-201	-9.9658	-0.8599	-9.9658	-1.3921	-3.0469	-3.458	-9.9658	-9.9658	-9.9658	-9.9658	-0.8863	-9.9658	-9.9658	-3.3076	-2.114	-9.9658	-9.9658	-9.9658	-9.9658	-1.1172	-2.0529	-6.5064	-3.1714	-1.3921	-9.9658	-0.7834	-0.1187	-0.6873	0.1388	-1.2828	-9.9658	-2.0529	0.0854	-9.9658	-9.9658	-9.9658	-0.9132	-9.9658	-9.9658	-9.9658	-9.9658	-9.9658	-9.9658	-9.9658	-0.8863	-9.9658	-9.9658	-9.9658	-9.9658	-9.9658	-9.9658	-9.9658	-2.6349	-9.9658	-9.9658	-9.9658	-1.0559	-0.2498	-9.9658	-1.3183	-1.4699	-0.1345	-9.9658	-2.8262	-9.9658	-9.9658	-1.7322	-9.9658	-1.3183	-9.9658	-9.9658	-9.9658	-9.9658	-9.9658	-0.6416	-9.9658	-2.3147	-9.9658	-1.2142	-9.9658	-0.3201	-9.9658	-9.9658	-2.0529	-3.458	-9.9658	-6.5064	-1.5105	-3.0469	-1.9942	-9.9658	-4.6082	-9.9658	-9.9658	-3.458	-0.4719	-9.9658	-1.9379	-1.2828	-9.9658	-9.9658	-9.9658	-9.9658	-1.5951	-9.9658	-3.6259	-1.7322	-9.9658	-1.3183	0.0854	-9.9658	-2.5479	-9.9658	-0.6873	-9.9658	-0.0277	-2.4659	-9.9658	-9.9658	-2.2447	-9.9658	-0.2328	-9.9658	-9.9658	-9.9658	-9.9658	-2.6349	-9.9658	-9.9658	-9.9658	-3.458	-2.1779	-9.9658	-9.9658	-2.0529	-9.9658	-1.9942	-0.8599	-1.2481	-9.9658	-9.9658	-1.0862	-1.9942	-0.1993	-1.3921	-9.9658	-9.9658	-9.9658	-1.4305	-9.9658	-2.8262	-9.9658	-9.9658	-9.9658	-0.5543	-1.7322	-9.9658	-9.9658	-9.9658	-0.7588	-9.9658	-9.9658	-0.7834	-9.9658	0.2881	-9.9658	-9.9658	-3.6259	-2.3147	-9.9658	-2.9324	-1.0262	-3.6259	-2.2447	-4.2934	-2.9324	-2.7274	-9.9658	-2.3147	-9.9658	-1.8836	-9.9658	-3.1714
ENST00000381577	CD274-202	0.7748	3.0163	-0.6416	0.8726	-1.3548	-0.1031	1.0433	-0.6193	2.128	-0.4719	0.2277	0.099	1.4808	0.9568	0.2881	0.3115	0.6145	0.7058	0.7146	-1.4699	-1.1488	-1.3548	0.0854	-0.4325	-0.4719	-0.0725	-0.2159	0.1257	-4.6082	0.1519	-0.6873	1.7273	-1.6394	-0.1187	0.7493	-0.0277	1.1184	0.7579	1.1706	2.1378	0.5666	1.0779	0.679	1.7316	1.6604	-0.4921	1.8242	1.5563	1.9302	1.125	0.6699	-1.1811	-0.0877	1.0847	-0.1504	0.688	0.5955	0.2998	1.7995	0.679	-1.0262	0.4016	0.0158	1.7009	-0.7346	2.8974	0.679	-0.9132	-0.1665	-0.1828	1.334	-0.6193	-0.9686	0.2522	-1.9942	0.9038	0.03	-1.3921	1.8918	1.334	-1.2828	-1.1488	-0.3566	-1.9942	-1.1172	0.5568	0.8246	-3.6259	-1.6394	1.334	0.537	-0.2671	0.24	0.688	0.434	0.7999	0.4761	0.3231	2.5683	-0.1828	0.3907	-1.9379	1.7273	-1.8836	0.5859	0.044	-0.6643	-1.9379	-0.1031	-0.8599	1.0007	1.7702	0.6332	0.0718	1.5013	-9.9658	1.1117	0.1776	-0.1345	-2.5479	-9.9658	-1.4305	1.7912	1.5514	-0.5543	0.9493	0.2522	-0.2671	-0.5125	1.7744	-2.1779	0.4016	0.4125	0.4761	0.7832	0.1776	-1.3921	-9.9658	1.3051	0.1388	1.2271	1.2147	-0.0877	-2.114	-0.9132	1.6558	0.2522	-0.3383	0.3685	0.8488	1.8201	-0.4719	0.7748	-0.2498	0.9642	-1.8314	-1.0262	0.679	1.1833	0.4016	0.03	-0.2159	-0.4719	0.5859	-2.2447	1.7575	0.1903	0.9642	-0.3566	0.099	-1.2142	1.9377	1.0642	1.5709	-0.0277	-9.9658	1.4174	-0.4131	0.2029	-0.2498	0.2154	-0.7588	-1.7809
ENST00000474218	CD274-203	-1.6394	0.2881	-2.3147	-1.5105	-2.3147	-2.1779	-3.0469	-2.3147	-1.7809	-9.9658	-2.2447	-2.4659	-2.4659	-0.2498	-9.9658	-9.9658	-2.8262	-9.9658	-1.6394	-2.8262	-9.9658	-2.114	-9.9658	-1.5951	-2.114	-2.4659	-1.3921	-2.9324	-3.458	-2.7274	-9.9658	-2.7274	-2.8262	-1.9379	-9.9658	-9.9658	-0.5543	-1.7322	-0.7346	-0.1504	-2.5479	-1.0262	-2.7274	-1.7322	-0.4921	-1.9942	-2.9324	1.5902	-2.5479	-0.4131	-2.8262	-2.8262	-0.9686	-9.9658	-1.4305	-3.458	-1.1488	-9.9658	-0.4921	-1.8836	-0.9686	-1.9379	-2.9324	-2.3884	-2.7274	0.4016	-1.685	-9.9658	-2.7274	-9.9658	-2.4659	-3.1714	-9.9658	-1.9942	-2.4659	-1.2142	-9.9658	-9.9658	-9.9658	-0.9686	-9.9658	-2.6349	-9.9658	-9.9658	-3.3076	-9.9658	-9.9658	-3.3076	-2.5479	-3.0469	-2.8262	-1.5951	-2.7274	-2.114	-1.2142	-9.9658	-9.9658	-2.4659	0.9268	-1.5951	-3.458	-2.3884	0.044	-9.9658	-2.9324	-1.1488	-9.9658	-9.9658	-0.5125	-0.5543	-0.0425	-1.5105	-1.9942	-2.8262	-0.8599	-1.9379	-1.3548	-1.2828	-9.9658	-9.9658	-9.9658	-9.9658	0.688	-2.5479	-9.9658	-2.2447	-9.9658	-1.3921	-9.9658	-9.9658	-3.3076	-2.7274	-1.1811	-0.6416	-9.9658	-1.9942	-1.5522	-9.9658	-0.7834	-2.6349	-1.9942	-2.6349	-1.7809	-0.9971	-9.9658	-2.0529	-0.2498	-9.9658	-2.8262	-9.9658	-0.9971	-9.9658	-2.4659	-2.3884	-2.8262	-0.7108	-9.9658	-9.9658	-1.4305	-0.1187	-0.4719	-9.9658	-9.9658	-1.5522	-3.458	-0.7346	-9.9658	-0.7588	-9.9658	-2.4659	-3.6259	-9.9658	-1.6394	0.6425	-2.0529	-9.9658	-1.8836	-2.9324	-9.9658	-1.4699	-1.8836	-9.9658	-1.7809
ENST00000492923	CD274-204	-2.5479	-0.4719	-9.9658	-1.8836	-3.816	-9.9658	-2.3147	-2.8262	-2.5479	-9.9658	-4.2934	-2.1779	-9.9658	-9.9658	-9.9658	-1.9942	-3.6259	-3.816	-9.9658	-3.816	-9.9658	-9.9658	-9.9658	-1.685	-9.9658	-2.8262	-3.816	-4.035	-9.9658	-2.9324	-9.9658	-1.4305	-3.458	-9.9658	-3.1714	-3.816	-1.2828	-4.2934	-9.9658	-3.816	-1.9379	-2.3884	-2.8262	-3.6259	-3.6259	-9.9658	-3.816	-3.458	-1.685	-0.8339	-9.9658	-9.9658	-9.9658	-1.2481	-9.9658	-2.9324	-3.458	-3.816	-9.9658	-9.9658	-9.9658	-1.9942	-1.9379	-1.2142	-3.6259	-3.3076	-2.1779	-9.9658	-2.114	-4.2934	-2.5479	-9.9658	-9.9658	-9.9658	-3.458	-3.458	-3.458	-9.9658	-2.4659	-9.9658	-9.9658	-9.9658	-9.9658	-9.9658	-3.6259	-2.3147	-2.8262	-9.9658	-9.9658	-9.9658	-4.2934	-3.3076	-2.6349	-3.816	-9.9658	-2.3147	-3.6259	-2.6349	-1.5951	-2.9324	-2.8262	-9.9658	-2.5479	-9.9658	-3.3076	-3.6259	-9.9658	-9.9658	-9.9658	-9.9658	-9.9658	-1.3921	-2.6349	-3.0469	-2.9324	-9.9658	-4.035	-9.9658	-1.5951	-9.9658	-9.9658	-4.035	-2.9324	-1.685	-2.2447	-2.8262	-9.9658	-9.9658	-4.035	-1.3548	-9.9658	-3.816	-3.3076	-3.458	-3.3076	-9.9658	-9.9658	-9.9658	-3.6259	-3.816	-2.114	-2.7274	-3.458	-9.9658	-9.9658	-3.1714	-9.9658	-1.7322	-4.035	-9.9658	-1.1811	-9.9658	-9.9658	-9.9658	-3.816	-9.9658	-9.9658	-9.9658	-3.0469	-9.9658	-3.1714	-3.1714	-2.4659	-2.3884	-9.9658	-2.2447	-4.035	-0.9686	-9.9658	-9.9658	-4.6082	-1.5951	-3.6259	-2.3884	-9.9658	-9.9658	-0.3383	-9.9658	-9.9658	-4.035	-3.1714	-2.5479	-4.035
ENST00000498261	CD274-205	-3.1714	-9.9658	-9.9658	-3.458	-9.9658	-9.9658	-9.9658	-9.9658	-2.8262	-9.9658	-9.9658	-9.9658	-3.458	-9.9658	-9.9658	-9.9658	-2.8262	-9.9658	-9.9658	-9.9658	-9.9658	-9.9658	-9.9658	-9.9658	-9.9658	-9.9658	-9.9658	-9.9658	-3.6259	-9.9658	-9.9658	-9.9658	-9.9658	-9.9658	-9.9658	-9.9658	-3.458	-9.9658	-9.9658	-9.9658	-9.9658	-9.9658	-9.9658	-9.9658	-9.9658	-9.9658	-3.0469	0.3796	-2.6349	-9.9658	-9.9658	-9.9658	-9.9658	-9.9658	-9.9658	-9.9658	-9.9658	-9.9658	-9.9658	-9.9658	-9.9658	-9.9658	-3.1714	-9.9658	-5.0116	-2.0529	-9.9658	-9.9658	-9.9658	-2.9324	-4.035	-9.9658	-9.9658	-3.458	-9.9658	-9.9658	-9.9658	-9.9658	-9.9658	-9.9658	-9.9658	-9.9658	-9.9658	-9.9658	-9.9658	-9.9658	-9.9658	-9.9658	-9.9658	-9.9658	-9.9658	-9.9658	-9.9658	-9.9658	-9.9658	-9.9658	-9.9658	-9.9658	-9.9658	-9.9658	-9.9658	-9.9658	-2.114	-9.9658	-9.9658	-4.035	-9.9658	-3.6259	-9.9658	-9.9658	-9.9658	-9.9658	-9.9658	-9.9658	-9.9658	-1.4305	-4.035	-9.9658	-9.9658	-9.9658	-9.9658	-9.9658	-1.5522	-9.9658	-9.9658	-5.0116	-9.9658	-9.9658	-9.9658	-9.9658	-9.9658	-9.9658	-9.9658	-9.9658	-9.9658	-9.9658	-9.9658	-9.9658	-9.9658	-3.3076	-9.9658	-9.9658	-9.9658	-9.9658	-9.9658	-9.9658	-9.9658	-9.9658	-9.9658	-9.9658	-3.6259	-9.9658	-9.9658	-9.9658	-9.9658	-9.9658	-9.9658	-3.0469	-9.9658	-9.9658	-5.5735	-9.9658	-9.9658	-9.9658	-9.9658	-9.9658	-9.9658	-9.9658	-9.9658	-9.9658	-9.9658	-9.9658	-9.9658	-9.9658	-9.9658	-9.9658	-9.9658	-9.9658	-9.9658	-9.9658	-2.114	-9.9658	-5.0116
ENST00000253513	IDO1-201	-1.4305	3.871	-3.0469	0.5955	-0.6193	-9.9658	0.688	-0.6643	0.7321	-3.3076	0.9115	0.2762	0.9419	-1.6394	4.1203	-9.9658	-9.9658	-1.8314	1.3735	-1.0862	-1.3183	0.9343	0.6969	-2.5479	0.5271	-0.1187	-1.6394	-1.0262	-9.9658	-0.6416	-0.4719	-1.0862	-9.9658	-1.7809	0.4233	-0.3566	-0.5756	-2.4659	-1.0862	-9.9658	-0.6416	1.3454	-0.8084	2.0183	0.7407	-9.9658	5.1035	2.9128	0.9115	1.0642	-1.5522	-9.9658	-1.4305	0.2154	-1.3921	0.9789	-2.1779	0.5666	-1.3548	1.595	1.7532	-1.8836	-0.9406	0.2642	-1.2828	4.208	-0.7346	-0.6193	-2.3884	0.3796	-1.8836	0.346	-9.9658	-0.394	-0.6416	0.7407	-0.3566	-1.0262	3.3591	-9.9658	2.7073	-1.9942	-9.9658	-9.9658	-9.9658	-2.5479	0.3573	-2.9324	-3.3076	-0.7588	0.1776	-0.5125	-0.7834	0.1648	-0.5973	-1.3183	0.2998	-1.3548	0.1903	-2.114	-0.0877	-4.6082	2.872	-9.9658	-0.5332	0.2642	1.5165	-9.9658	-0.9406	0.7407	2.236	-0.3566	-9.9658	-1.0862	2.4831	-0.2671	-1.1172	-1.2828	-2.0529	-2.2447	-3.458	0.2522	2.5972	1.0983	-3.458	0.3796	0.3685	-1.5522	-0.6873	-0.8863	-1.685	-2.2447	1.8604	-0.9971	-1.2828	-0.0877	-1.3921	-9.9658	2.4597	-0.2159	0.3907	-0.2159	0.6145	0.0158	-2.2447	-2.2447	0.1257	-9.9658	-2.8262	0.2522	0.5069	-2.7274	-0.5756	-1.4699	1.0779	-1.7322	-9.9658	0.5271	-0.0725	-0.1993	-9.9658	-0.8599	-9.9658	1.6374	0.6425	-3.0469	-9.9658	2.6348	0.4967	-2.6349	-1.2481	0.4761	-1.685	0.7579	-9.9658	-9.9658	2.2019	-1.2142	-0.5973	-9.9658	0.1124	-1.4699	-0.6416
ENST00000518237	IDO1-202	-3.3076	0.7999	-9.9658	-9.9658	-9.9658	-2.9324	-1.5522	-9.9658	-2.5479	-9.9658	-9.9658	-2.4659	-1.685	-9.9658	0.4865	-9.9658	-9.9658	-9.9658	-2.6349	-4.035	-9.9658	-9.9658	-2.6349	-2.7274	-1.6394	-9.9658	-2.0529	-9.9658	-4.2934	-2.3147	-9.9658	-2.8262	-9.9658	-9.9658	-4.035	-1.1488	-9.9658	-9.9658	-9.9658	-2.5479	-4.035	-2.5479	-2.3147	0.2522	-1.5105	-9.9658	2.8381	0.5666	-3.816	-9.9658	-9.9658	-9.9658	-3.1714	-2.6349	-9.9658	-3.458	-9.9658	-9.9658	-9.9658	-1.7322	-3.1714	-9.9658	-9.9658	-1.0262	-9.9658	2.1925	-3.0469	-4.035	-9.9658	-1.7809	-9.9658	-2.3884	-9.9658	-4.035	-9.9658	-3.3076	-9.9658	-9.9658	-1.685	-9.9658	1.0293	-4.035	-9.9658	-4.035	-9.9658	-2.7274	-3.6259	-9.9658	-9.9658	-4.035	-3.1714	-9.9658	-9.9658	-1.3921	-9.9658	-9.9658	-3.6259	-9.9658	-2.4659	-2.8262	-1.1488	-9.9658	0.8246	-9.9658	-3.3076	-9.9658	1.2815	-9.9658	-9.9658	-3.0469	-0.8084	-3.1714	-9.9658	-4.2934	-0.8863	-2.8262	-2.4659	-9.9658	-3.1714	-9.9658	-9.9658	-4.035	-1.3548	-2.6349	-9.9658	-2.8262	-2.5479	-9.9658	-9.9658	-2.8262	-9.9658	-9.9658	-1.5951	-2.4659	-1.8836	-4.2934	-3.816	-4.035	-1.1811	-4.035	-4.2934	-3.6259	-2.0529	-3.1714	-3.6259	-4.035	-9.9658	-2.3884	-2.0529	-3.3076	-4.2934	-9.9658	-4.2934	-2.3884	-9.9658	-9.9658	-2.7274	-3.816	-1.7809	-9.9658	-9.9658	-9.9658	-3.458	-9.9658	-1.5522	-3.458	-4.035	-1.2828	-3.3076	-4.035	-9.9658	-9.9658	-2.5479	-0.5543	-9.9658	-9.9658	-0.3566	-9.9658	-2.3884	-9.9658	-3.816	-3.3076	-9.9658
ENST00000518804	IDO1-203	-9.9658	-9.9658	-9.9658	-9.9658	-9.9658	-9.9658	-9.9658	-9.9658	-9.9658	-9.9658	-9.9658	-9.9658	-9.9658	-9.9658	-9.9658	-9.9658	-9.9658	-9.9658	-9.9658	-9.9658	-9.9658	-9.9658	-9.9658	-9.9658	-9.9658	-9.9658	-9.9658	-9.9658	-9.9658	-9.9658	-9.9658	-9.9658	-9.9658	-9.9658	-9.9658	-9.9658	-9.9658	-9.9658	-9.9658	-9.9658	-9.9658	-9.9658	-9.9658	-9.9658	-9.9658	-9.9658	-9.9658	-9.9658	-9.9658	-9.9658	-9.9658	-9.9658	-9.9658	-9.9658	-9.9658	-9.9658	-9.9658	-9.9658	-9.9658	-9.9658	-9.9658	-9.9658	-9.9658	-9.9658	-9.9658	-9.9658	-9.9658	-9.9658	-9.9658	-9.9658	-9.9658	-9.9658	-9.9658	-9.9658	-9.9658	-9.9658	-9.9658	-9.9658	-9.9658	-9.9658	-9.9658	-9.9658	-9.9658	-9.9658	-9.9658	-9.9658	-9.9658	-9.9658	-9.9658	-9.9658	-9.9658	-9.9658	-9.9658	-9.9658	-9.9658	-9.9658	-9.9658	-9.9658	-9.9658	-9.9658	-9.9658	-9.9658	-9.9658	-9.9658	-9.9658	-9.9658	-9.9658	-9.9658	-9.9658	-9.9658	-9.9658	-9.9658	-9.9658	-9.9658	-9.9658	-9.9658	-9.9658	-9.9658	-9.9658	-9.9658	-9.9658	-9.9658	-9.9658	-9.9658	-9.9658	-9.9658	-9.9658	-9.9658	-9.9658	-9.9658	-9.9658	-9.9658	-9.9658	-9.9658	-9.9658	-9.9658	-9.9658	-9.9658	-9.9658	-9.9658	-9.9658	-9.9658	-9.9658	-9.9658	-9.9658	-9.9658	-9.9658	-9.9658	-9.9658	-9.9658	-9.9658	-9.9658	-9.9658	-9.9658	-9.9658	-9.9658	-9.9658	-9.9658	-9.9658	-9.9658	-9.9658	-9.9658	-9.9658	-9.9658	-9.9658	-9.9658	-9.9658	-9.9658	-9.9658	-9.9658	-9.9658	-9.9658	-9.9658	-9.9658	-9.9658	-9.9658	-9.9658	-9.9658	-9.9658	-9.9658	-9.9658	-9.9658	-9.9658
ENST00000519154	IDO1-204	-9.9658	-9.9658	-9.9658	-9.9658	-9.9658	-9.9658	-9.9658	-9.9658	-9.9658	-9.9658	-9.9658	-9.9658	-9.9658	-9.9658	-9.9658	-9.9658	-9.9658	-9.9658	-9.9658	-9.9658	-9.9658	-9.9658	-9.9658	-9.9658	-2.9324	-9.9658	-9.9658	-9.9658	-9.9658	-9.9658	-9.9658	-9.9658	-9.9658	-9.9658	-9.9658	-9.9658	-9.9658	-9.9658	-9.9658	-9.9658	-9.9658	-9.9658	-9.9658	-9.9658	-9.9658	-9.9658	-9.9658	-9.9658	-9.9658	-9.9658	-9.9658	-9.9658	-9.9658	-9.9658	-9.9658	-9.9658	-9.9658	-9.9658	-9.9658	-9.9658	-9.9658	-9.9658	-9.9658	-9.9658	-9.9658	-9.9658	-9.9658	-9.9658	-9.9658	-9.9658	-9.9658	-9.9658	-9.9658	-9.9658	-9.9658	-9.9658	-9.9658	-9.9658	-9.9658	-9.9658	-9.9658	-9.9658	-9.9658	-9.9658	-9.9658	-9.9658	-9.9658	-9.9658	-9.9658	-9.9658	-9.9658	-9.9658	-9.9658	-9.9658	-9.9658	-9.9658	-9.9658	-9.9658	-9.9658	-9.9658	-9.9658	-9.9658	-9.9658	-9.9658	-9.9658	-9.9658	-9.9658	-9.9658	-9.9658	-9.9658	-9.9658	-9.9658	-9.9658	-9.9658	-9.9658	-9.9658	-9.9658	-9.9658	-9.9658	-9.9658	-9.9658	-9.9658	-9.9658	-9.9658	-9.9658	-9.9658	-9.9658	-9.9658	-9.9658	-9.9658	-9.9658	-9.9658	-9.9658	-9.9658	-9.9658	-9.9658	-9.9658	-9.9658	-9.9658	-9.9658	-9.9658	-9.9658	-9.9658	-9.9658	-9.9658	-9.9658	-9.9658	-9.9658	-9.9658	-9.9658	-9.9658	-9.9658	-9.9658	-9.9658	-9.9658	-9.9658	-9.9658	-9.9658	-9.9658	-9.9658	-9.9658	-9.9658	-9.9658	-9.9658	-9.9658	-9.9658	-9.9658	-9.9658	-9.9658	-9.9658	-9.9658	-9.9658	-9.9658	-9.9658	-9.9658	-9.9658	-9.9658	-9.9658	-9.9658	-9.9658	-9.9658	-9.9658	-4.2934
ENST00000521480	IDO1-205	-9.9658	-0.9971	-3.816	-9.9658	-9.9658	-9.9658	-4.6082	-9.9658	-9.9658	-9.9658	-9.9658	-2.7274	-4.035	-4.2934	-3.3076	-3.3076	-9.9658	-9.9658	-3.6259	-9.9658	-3.816	-9.9658	-3.6259	-3.816	-9.9658	-9.9658	-9.9658	-9.9658	-9.9658	-3.816	-9.9658	-3.6259	-9.9658	-9.9658	-4.035	-3.6259	-3.816	-9.9658	-9.9658	-9.9658	-9.9658	-4.035	-9.9658	-2.0529	-9.9658	-9.9658	-1.3548	-4.6082	-9.9658	-3.816	-9.9658	-9.9658	-9.9658	-2.8262	-9.9658	-3.458	-9.9658	-9.9658	-9.9658	-9.9658	-9.9658	-9.9658	-4.6082	-9.9658	-9.9658	-9.9658	-9.9658	-9.9658	-9.9658	-9.9658	-9.9658	-9.9658	-9.9658	-9.9658	-1.9942	-2.4659	-9.9658	-9.9658	-1.6394	-9.9658	-2.5479	-9.9658	-9.9658	-9.9658	-9.9658	-9.9658	-3.6259	-4.035	-9.9658	-9.9658	-9.9658	-9.9658	-3.6259	-9.9658	-9.9658	-9.9658	-9.9658	-9.9658	-9.9658	-9.9658	-9.9658	-9.9658	-9.9658	-3.816	-9.9658	-9.9658	-9.9658	-9.9658	-9.9658	-9.9658	-9.9658	-2.5479	-9.9658	-4.035	-9.9658	-9.9658	-3.6259	-9.9658	-9.9658	-9.9658	-9.9658	-3.816	-9.9658	-9.9658	-9.9658	-3.458	-9.9658	-9.9658	-3.458	-9.9658	-9.9658	-9.9658	-2.5479	-9.9658	-9.9658	-9.9658	-9.9658	-9.9658	-9.9658	-9.9658	-9.9658	-9.9658	-9.9658	-9.9658	-9.9658	-4.035	-9.9658	-4.2934	-9.9658	-3.3076	-4.2934	-9.9658	-4.2934	-9.9658	-9.9658	-9.9658	-9.9658	-9.9658	-9.9658	-9.9658	-9.9658	-9.9658	-9.9658	-3.3076	-9.9658	-9.9658	-9.9658	-2.9324	-9.9658	-9.9658	-9.9658	-2.8262	-9.9658	-9.9658	-9.9658	-9.9658	-2.2447	-9.9658	-9.9658	-9.9658	-3.816	-4.035	-9.9658
ENST00000521636	IDO1-206	-9.9658	-0.9132	-9.9658	-9.9658	-9.9658	-9.9658	-3.3076	-9.9658	-3.3076	-9.9658	-2.7274	-9.9658	-9.9658	-4.035	-1.0262	-9.9658	-9.9658	-9.9658	-0.6416	-3.458	-9.9658	-9.9658	-9.9658	-9.9658	-9.9658	-9.9658	-3.816	-9.9658	-9.9658	-9.9658	-9.9658	-3.458	-9.9658	-9.9658	-3.816	-9.9658	-9.9658	-9.9658	-2.0529	-9.9658	-2.8262	-9.9658	-9.9658	-3.3076	-9.9658	-2.9324	-0.4521	1.8957	-3.1714	-9.9658	-9.9658	-9.9658	-9.9658	-9.9658	-9.9658	-4.035	-9.9658	-9.9658	-9.9658	-3.1714	-1.5105	-9.9658	-2.7274	-9.9658	-9.9658	-0.1031	-4.035	-4.035	-9.9658	-9.9658	-3.458	-9.9658	-9.9658	-9.9658	-9.9658	-9.9658	-9.9658	-9.9658	-2.2447	-9.9658	-1.0862	-9.9658	-9.9658	-9.9658	-9.9658	-9.9658	-2.5479	-9.9658	-4.035	-9.9658	-9.9658	-9.9658	-9.9658	-9.9658	-9.9658	-9.9658	-3.1714	-9.9658	-9.9658	-9.9658	-9.9658	-9.9658	-3.3076	-9.9658	-9.9658	-9.9658	-3.6259	-9.9658	-9.9658	-9.9658	-2.3147	-9.9658	-9.9658	-3.0469	-3.6259	-9.9658	-1.2481	-9.9658	-4.2934	-9.9658	-9.9658	-9.9658	-1.8836	-9.9658	-3.816	-1.4305	-9.9658	-9.9658	-9.9658	-9.9658	-9.9658	-9.9658	-9.9658	-9.9658	-9.9658	-3.6259	-9.9658	-9.9658	-1.4699	-9.9658	-9.9658	-9.9658	-9.9658	-4.2934	-9.9658	-9.9658	-9.9658	-9.9658	-9.9658	-9.9658	-9.9658	-9.9658	-9.9658	-3.458	-2.3147	-9.9658	-9.9658	-3.6259	-3.6259	-4.035	-9.9658	-9.9658	-9.9658	-3.1714	-9.9658	-9.9658	-9.9658	-2.3884	-3.458	-9.9658	-9.9658	-2.6349	-9.9658	-3.1714	-9.9658	-9.9658	-1.4305	-9.9658	-2.7274	-4.035	-9.9658	-9.9658	-9.9658
ENST00000522495	IDO1-207	2.5036	6.3738	-0.2671	1.5216	0.679	0.0854	2.7679	1.0433	3.3535	0.0014	2.3898	2.3394	4.1595	-0.1828	6.2765	1.614	0.9343	0.434	4.8064	1.7316	0.2029	1.8404	3.3321	1.0433	2.1509	1.3109	2.118	-1.0262	-3.0469	2.233	-9.9658	2.1574	-0.2671	0.3346	2.5213	1.0642	0.7664	0.3573	2.0465	1.7702	2.296	2.6138	1.5758	4.404	3.4765	-0.5756	7.8373	5.8704	3.1426	3.7389	0.7233	-0.0877	0.0014	2.0395	-0.2159	2.5804	1.8918	1.7617	1.9452	2.7868	2.9948	-9.9658	1.0007	3.0671	0.5069	6.6902	2.5238	1.2455	-9.9658	2.299	2.2482	3.402	-2.4659	1.8323	0.605	2.5263	-0.5756	-0.7834	5.2483	2.1147	4.8043	1.0079	-0.6193	0.7493	0.4233	0.5859	3.2541	0.1776	-1.0862	-0.1031	2.5536	0.9419	1.1447	2.4252	1.7617	1.4281	3.0723	1.5709	1.5216	1.0007	3.186	-2.6349	5.7099	0.03	2.4063	0.679	4.6159	-1.5105	1.1382	2.3077	4.1482	2.7972	0.2642	3.5187	5.2928	0.5568	3.2511	0.3573	0.3907	1.5216	-9.9658	3.2374	4.7302	2.296	0.9191	2.8641	0.9115	0.6239	0.9862	1.8918	-2.3884	0.9038	2.9729	2.6805	0.1257	0.8726	-0.7834	-0.0425	4.7176	1.9527	3.3192	3.1228	1.4065	2.5511	1.4494	2.0776	1.4335	-0.1665	2.1213	2.5511	1.8036	-1.7322	1.2085	2.6185	3.0002	1.3109	0.4967	2.3788	3.5212	2.8502	2.1313	1.4859	1.3167	3.9506	2.5683	0.058	1.5998	4.2165	1.7446	-0.6643	-0.1031	3.417	1.6234	3.3828	0.24	-2.8262	4.906	0.6239	-0.5125	0.7999	2.4518	0.346	-9.9658
ENST00000522840	IDO1-208	-9.9658	-9.9658	-2.4659	-9.9658	-9.9658	-9.9658	-9.9658	-9.9658	-9.9658	-9.9658	-3.0469	-9.9658	-9.9658	-9.9658	-9.9658	-9.9658	-9.9658	-9.9658	-9.9658	-9.9658	-9.9658	-9.9658	-9.9658	-9.9658	-9.9658	-9.9658	-9.9658	-9.9658	-9.9658	-9.9658	-9.9658	-9.9658	-9.9658	-9.9658	-9.9658	-9.9658	-9.9658	-9.9658	-9.9658	-9.9658	-9.9658	-9.9658	-9.9658	-9.9658	-9.9658	-9.9658	-9.9658	-9.9658	-9.9658	-9.9658	-9.9658	-9.9658	-9.9658	-9.9658	-9.9658	-9.9658	-9.9658	-9.9658	-9.9658	-9.9658	-9.9658	-9.9658	-9.9658	-9.9658	-9.9658	-9.9658	-9.9658	-9.9658	-9.9658	-9.9658	-3.6259	-9.9658	-9.9658	-9.9658	-9.9658	-9.9658	-9.9658	-9.9658	-9.9658	-9.9658	-9.9658	-9.9658	-9.9658	-9.9658	-9.9658	-9.9658	-9.9658	-9.9658	-9.9658	-9.9658	-9.9658	-9.9658	-9.9658	-9.9658	-9.9658	-9.9658	-9.9658	-9.9658	-9.9658	-9.9658	-9.9658	-9.9658	-9.9658	-9.9658	-9.9658	-9.9658	-9.9658	-9.9658	-9.9658	-9.9658	-9.9658	-9.9658	-9.9658	-9.9658	-9.9658	-9.9658	-9.9658	-9.9658	-9.9658	-9.9658	-9.9658	-9.9658	-9.9658	-9.9658	-9.9658	-9.9658	-9.9658	-9.9658	-9.9658	-9.9658	-9.9658	-9.9658	-9.9658	-9.9658	-9.9658	-9.9658	-9.9658	-9.9658	-9.9658	-9.9658	-9.9658	-9.9658	-9.9658	-9.9658	-9.9658	-9.9658	-9.9658	-9.9658	-9.9658	-9.9658	-9.9658	-9.9658	-9.9658	-9.9658	-3.6259	-9.9658	-9.9658	-9.9658	-9.9658	-9.9658	-3.1714	-9.9658	-9.9658	-9.9658	-9.9658	-9.9658	-9.9658	-9.9658	-9.9658	-9.9658	-9.9658	-9.9658	-9.9658	-9.9658	-9.9658	-9.9658	-9.9658	-9.9658	-9.9658	-4.2934	-9.9658	-9.9658	-9.9658
ENST00000523779	IDO1-209	2.1798	3.4411	0.099	0.099	-9.9658	-0.1031	-1.2481	-0.013	0.7407	-1.8836	0.24	1.1833	1.5013	-0.8084	4.9031	-0.2328	-9.9658	0.0014	4.439	-1.5105	-0.4131	-9.9658	2.5585	-0.2159	1.2516	0.1776	0.6239	-0.7834	-3.1714	-1.1811	-2.3884	-2.2447	0.0158	-1.1172	0.3907	1.3901	0.044	-0.4325	0.7233	-1.8836	0.03	-0.2328	-0.0425	3.7061	2.9966	-5.0116	5.9998	3.6054	0.4967	2.496	-0.6193	-0.394	0.1124	-0.7588	-0.394	-1.1488	-0.7346	0.0158	-9.9658	-1.0862	1.9675	-1.5105	-0.6873	-0.7108	-1.0862	3.867	1.1447	0.044	-0.5125	0.5271	0.7579	2.1606	-9.9658	1.4494	-1.685	2.1957	-9.9658	-9.9658	1.8564	0.5271	4.1053	-0.9686	-9.9658	-1.9379	-1.7322	0.1648	2.2019	-0.4719	-9.9658	-0.9686	0.434	0.7407	0.2154	1.7575	-2.0529	-9.9658	-2.7274	0.605	0.8805	-1.3548	-1.5522	-1.9942	3.8116	-0.1504	0.8961	-1.6394	3.9041	-2.3884	-0.4325	1.105	2.1638	0.547	-3.816	2.8402	2.2019	0.4865	2.0878	0.4552	-1.5522	-0.3566	-9.9658	2.6161	1.9226	1.7403	0.537	0.0158	-9.9658	-0.9406	-0.4521	-0.0725	-3.3076	0.1519	1.5806	2.0325	0.688	-1.0262	-2.5479	-0.9686	3.4344	1.8363	-9.9658	1.3679	-9.9658	0.9935	-9.9658	-0.6643	0.6332	-0.5973	0.2642	0.9038	-1.5951	-3.0469	-2.0529	0.547	1.5806	-2.7274	-0.0574	0.4016	2.0569	2.233	1.2576	0.4865	-9.9658	2.0535	1.9859	-9.9658	0.3907	3.9346	0.3115	-9.9658	0.346	1.8524	-1.4305	1.6785	0.8488	-1.7809	2.0673	-9.9658	-9.9658	-0.3566	0.7407	0.2277	-1.3548
ENST00000367099	IL10-201	-9.9658	-3.6259	-9.9658	-9.9658	-9.9658	-9.9658	-9.9658	-9.9658	-9.9658	-9.9658	-9.9658	-9.9658	-9.9658	-9.9658	-9.9658	-9.9658	-9.9658	-9.9658	-9.9658	-9.9658	-9.9658	-9.9658	-3.816	-9.9658	-9.9658	-9.9658	-9.9658	-9.9658	-9.9658	-3.458	-9.9658	-9.9658	-9.9658	-9.9658	-9.9658	-9.9658	-9.9658	-9.9658	-9.9658	-9.9658	-9.9658	-9.9658	-9.9658	-9.9658	-2.7274	-9.9658	-9.9658	-9.9658	-1.8314	-2.8262	-9.9658	-9.9658	-9.9658	-9.9658	-9.9658	-9.9658	-9.9658	-9.9658	-9.9658	-9.9658	-9.9658	-9.9658	-9.9658	-9.9658	-9.9658	-9.9658	-3.3076	-9.9658	-9.9658	-9.9658	-9.9658	-9.9658	-9.9658	-9.9658	-9.9658	-9.9658	-9.9658	-9.9658	-3.1714	-9.9658	-9.9658	-9.9658	-9.9658	-9.9658	-9.9658	-9.9658	-9.9658	-9.9658	-9.9658	-9.9658	-9.9658	-9.9658	-9.9658	-9.9658	-9.9658	-9.9658	-9.9658	-9.9658	-9.9658	-9.9658	-9.9658	-9.9658	-9.9658	-9.9658	-9.9658	-9.9658	-9.9658	-9.9658	-9.9658	-9.9658	-9.9658	-2.3147	-9.9658	-9.9658	-9.9658	-9.9658	-9.9658	-9.9658	-9.9658	-9.9658	-9.9658	-9.9658	-9.9658	-1.685	-9.9658	-3.6259	-9.9658	-9.9658	-9.9658	-9.9658	-9.9658	-9.9658	-9.9658	-1.3921	-9.9658	-9.9658	-9.9658	-9.9658	-9.9658	-9.9658	-2.5479	-9.9658	-2.5479	-9.9658	-9.9658	-9.9658	-9.9658	-9.9658	-9.9658	-9.9658	-9.9658	-9.9658	-9.9658	-9.9658	-9.9658	-2.9324	-9.9658	-9.9658	-9.9658	-9.9658	-9.9658	-9.9658	-9.9658	-3.458	-9.9658	-9.9658	-9.9658	-9.9658	-9.9658	-9.9658	-9.9658	-9.9658	-3.6259	-9.9658	-9.9658	-9.9658	-9.9658	-9.9658	-9.9658	-9.9658	-2.8262	-9.9658	-9.9658
ENST00000423557	IL10-202	0.6969	0.6332	-5.5735	-2.6349	-2.2447	-3.0469	-0.7588	-3.0469	-1.3548	-1.9942	0.1648	-1.8836	-1.4305	-0.1504	-1.0559	-1.8314	-2.7274	-0.9971	-2.6349	-0.9686	-1.9379	-0.7834	0.3573	-1.7322	-3.0469	-1.6394	-2.0529	-4.035	-3.0469	-0.8339	-2.8262	-2.9324	-2.3147	-1.0862	-0.3752	-4.035	-0.1031	-1.0262	-0.9406	-1.8836	-0.9686	0.1124	-2.114	-0.1031	2.561	-0.3383	-0.9971	-1.8836	0.547	0.24	-0.3201	-1.0559	0.6145	-1.6394	-2.3884	-2.3147	-0.4719	-0.2159	-0.7108	-1.7322	-3.458	-4.035	-1.0559	-0.3022	-2.4659	-0.9971	-1.7322	-2.2447	-5.0116	-4.6082	-0.1665	-0.9686	-5.0116	-0.1187	-1.5951	-0.8339	-2.6349	-3.458	-0.0277	-0.0425	-5.5735	-2.114	-1.2142	-2.1779	-2.7274	-1.9942	-1.6394	-1.4699	-0.5756	-1.5522	-2.3884	-2.1779	-1.5105	-1.2142	-2.5479	-0.9686	-1.3183	-0.7834	-1.8836	-1.6394	-1.4305	-6.5064	-0.8339	-1.5951	-0.5756	-2.4659	-1.5951	-4.2934	-0.2671	-1.7809	-1.7322	0.8408	-2.114	-0.4131	-0.394	-1.685	-2.2447	0.8726	-0.4131	-1.7809	-0.0425	-1.9379	0.4657	0.2029	-4.2934	-0.5332	-0.5332	-3.6259	-4.2934	0.7832	-2.6349	-0.6416	-1.7809	-0.2671	-1.0559	-3.0469	-3.3076	-2.0529	-0.4521	-3.458	0.2154	-0.7834	-1.2142	0.4761	-1.685	-0.9971	-1.8836	-2.6349	-1.2481	-0.2498	-1.1811	-3.816	-0.5125	-0.6193	-0.2498	-0.8863	-3.1714	0.2881	-0.3383	-1.1172	-4.035	-0.8084	-0.6643	-1.8836	-1.5522	-2.3147	-2.8262	-0.9971	-0.6873	-2.5479	-3.1714	-1.2481	-1.4305	-0.4325	-2.1779	-3.816	-1.4305	-1.9942	0.24	-3.0469	-0.1187	-3.6259	-3.816
ENST00000471071	IL10-203	0.3115	-0.1993	-9.9658	-1.3921	-9.9658	-9.9658	-3.0469	-9.9658	-2.4659	-9.9658	-0.6193	-9.9658	-3.1714	-3.1714	-9.9658	-9.9658	-9.9658	-9.9658	-3.1714	-2.3147	-5.5735	-0.3022	-9.9658	-1.3548	-9.9658	-9.9658	-9.9658	-9.9658	-4.035	-0.7108	-4.035	-9.9658	-9.9658	-9.9658	-1.1811	-4.6082	-1.3183	-2.3147	-0.9132	-9.9658	-0.9686	-0.2328	-2.114	-2.7274	-0.0725	-1.7322	-1.3921	-2.8262	-0.5973	-0.4131	-9.9658	-1.3548	0.1388	-0.9132	-9.9658	-9.9658	-1.4305	-9.9658	-0.8599	-1.685	-9.9658	-9.9658	-2.0529	-0.5756	-9.9658	-1.685	-2.114	-2.3147	-2.5479	-9.9658	-9.9658	-9.9658	-4.035	-0.7346	-2.0529	-1.9379	-9.9658	-9.9658	-2.5479	-0.2671	-9.9658	-5.5735	-9.9658	-3.0469	-9.9658	-3.1714	-0.5973	-0.6873	-2.0529	-3.0469	-9.9658	-3.458	-9.9658	-0.8084	-9.9658	0.0014	-1.8314	-1.5951	-2.9324	-3.816	-1.1172	-9.9658	-1.3921	-2.6349	-1.9379	-9.9658	-9.9658	-9.9658	-1.7322	-1.8836	-9.9658	0.0854	-9.9658	-9.9658	-0.4521	-9.9658	-9.9658	-1.3183	-9.9658	-9.9658	-9.9658	-1.2481	0.03	-2.114	-2.7274	-1.7322	-9.9658	-2.8262	-3.1714	-0.1828	-9.9658	-9.9658	-9.9658	-4.6082	-0.8084	-2.9324	-9.9658	-9.9658	-9.9658	-9.9658	-9.9658	-1.4699	-2.8262	-0.2671	-1.7809	-1.685	-3.6259	-3.0469	-9.9658	-1.9379	-9.9658	-2.7274	-1.4305	-1.685	-1.9379	-9.9658	-2.1779	-0.2671	-1.1811	-9.9658	-2.7274	-1.9379	-0.9971	-9.9658	-9.9658	-2.0529	-1.8314	-1.8314	-1.4699	-3.3076	-4.2934	-9.9658	-9.9658	-9.9658	-9.9658	-9.9658	-9.9658	-9.9658	-0.3566	-9.9658	-4.035	-9.9658	-3.0469
ENST00000254301	LGALS3-201	8.9044	8.4044	4.0419	9.0205	9.6465	8.8732	7.1791	9.0349	10.0362	7.3029	8.1473	9.9718	8.0659	8.659	9.4688	9.6929	8.9292	8.299	9.2538	8.6729	5.3516	9.2034	8.082	9.6838	1.9188	9.2533	8.4886	9.1121	5.5565	8.1118	9.6967	9.4461	8.8402	7.6857	7.7267	4.4377	8.8693	9.1464	9.5693	8.4919	8.4965	7.6483	9.9118	8.8897	6.9254	9.5915	8.6833	8.6954	7.6942	7.782	9.1045	9.3005	8.8371	8.4619	9.7062	9.4051	9.8674	8.0226	9.8408	8.2253	9.3823	9.2598	6.6035	9.248	8.8275	9.6031	10.1563	9.6827	8.8544	7.3257	9.1203	8.4713	9.7962	8.1768	8.4874	7.9226	9.6333	8.2987	9.4417	9.2574	4.9227	3.3293	8.5525	10.0039	8.9809	9.1548	8.3086	8.0674	10.092	8.9282	9.6049	9.1826	9.6202	8.6402	9.0092	9.4604	9.6663	8.1194	9.5064	9.2507	6.5975	4.3227	8.9366	9.4472	9.2791	8.8651	9.4731	9.4594	8.6753	8.8729	8.6822	8.2032	8.9737	8.4611	8.418	8.7018	9.1208	8.3095	7.6668	9.6551	6.5601	8.9152	9.886	8.0105	7.7467	7.9547	7.9836	8.74	9.2274	8.0018	7.948	8.8256	9.0508	8.1516	8.9824	9.4807	9.7705	8.3451	7.5317	4.9741	7.5378	9.0747	9.6691	8.4367	9.2827	8.9377	9.0932	6.7173	8.8438	8.0974	9.9454	3.8769	8.9297	7.3809	8.2484	9.2598	9.1403	8.7784	8.3925	9.5567	7.7127	8.4406	7.6867	8.9479	7.5117	8.7278	9.7013	8.7275	8.3245	9.2705	7.7376	4.8017	8.2872	9.283	8.8815	6.1237	9.0416	9.5585	7.9372	8.6856	9.0481	9.0186	8.3506
ENST00000553493	LGALS3-202	-9.9658	-9.9658	-9.9658	-9.9658	-9.9658	-9.9658	-9.9658	-9.9658	-9.9658	-9.9658	-9.9658	-9.9658	-9.9658	-9.9658	-9.9658	-9.9658	-9.9658	-9.9658	-9.9658	-9.9658	-9.9658	-9.9658	-9.9658	-9.9658	-9.9658	-9.9658	-9.9658	-9.9658	-9.9658	-9.9658	-9.9658	-9.9658	-9.9658	-9.9658	-9.9658	-9.9658	-9.9658	-9.9658	-9.9658	-9.9658	-9.9658	-9.9658	-9.9658	-9.9658	-9.9658	-9.9658	-9.9658	-9.9658	-9.9658	-9.9658	-9.9658	-9.9658	-9.9658	-9.9658	-9.9658	-9.9658	-9.9658	-9.9658	-9.9658	-9.9658	-9.9658	-9.9658	-9.9658	-9.9658	-9.9658	-9.9658	-9.9658	-9.9658	-9.9658	-9.9658	-9.9658	-9.9658	-9.9658	-9.9658	-9.9658	-9.9658	-9.9658	-9.9658	-9.9658	-9.9658	-9.9658	-9.9658	-9.9658	-1.9942	-2.3147	-9.9658	-9.9658	-9.9658	-9.9658	-9.9658	-9.9658	-9.9658	-9.9658	-9.9658	-9.9658	-9.9658	-9.9658	-9.9658	-9.9658	-9.9658	-9.9658	-9.9658	-9.9658	-9.9658	-9.9658	-9.9658	-9.9658	-9.9658	-9.9658	-9.9658	-9.9658	-9.9658	-9.9658	-9.9658	-9.9658	-9.9658	-9.9658	-9.9658	-9.9658	-9.9658	-9.9658	-9.9658	-9.9658	-9.9658	-9.9658	-9.9658	-9.9658	-9.9658	-9.9658	-9.9658	-9.9658	-9.9658	-9.9658	-9.9658	-9.9658	-9.9658	-9.9658	-9.9658	-9.9658	-9.9658	-9.9658	-9.9658	-9.9658	-9.9658	-9.9658	-9.9658	-9.9658	-9.9658	-9.9658	-9.9658	-9.9658	-9.9658	-9.9658	-9.9658	-9.9658	-9.9658	-9.9658	-9.9658	-9.9658	-9.9658	-9.9658	-9.9658	-9.9658	-9.9658	-9.9658	-9.9658	-9.9658	-9.9658	-9.9658	-9.9658	-9.9658	-9.9658	-9.9658	-9.9658	-9.9658	-9.9658	-9.9658	-9.9658	-9.9658	-9.9658	-9.9658	-9.9658	-1.9942
ENST00000553755	LGALS3-203	5.1404	4.7121	0.346	5.4725	5.5056	4.8876	4.162	6.797	3.4726	3.3993	4.6611	6.3167	4.2533	5.6971	7.0311	7.684	4.9156	3.7204	7.1545	4.9901	1.7786	7.0285	3.7646	5.9194	-0.4131	5.0462	5.8438	5.3569	1.1117	3.834	7.6701	6.7646	3.7006	5.2803	4.197	1.766	5.3917	4.7903	3.5657	2.1476	5.4413	3.7443	5.4822	4.6404	4.5342	6.4221	5.6637	5.4728	0.2154	4.6347	5.906	6.8112	6.7944	6.4788	7.1588	6.4333	7.8733	4.162	6.8435	5.5056	3.3966	6.5771	1.4859	6.4446	5.2188	3.0323	6.7703	2.4883	6.5647	4.7661	5.8535	3.9012	7.4106	4.2111	5.5583	5.0059	5.2173	2.3926	4.1036	4.7945	0.8082	-0.0877	7.4496	5.2865	7.5339	6.1165	4.844	4.2119	6.3577	5.3632	5.2323	5.1048	6.0315	5.6112	4.7698	6.3848	5.0644	4.8866	6.1534	5.2173	2.0638	2.0395	6.3801	6.823	3.3814	4.3169	6.5137	5.5611	3.3883	7.0761	4.0773	4.2212	5.9828	4.8992	1.2147	4.423	5.1416	4.3779	3.4881	4.0807	-9.9658	4.4764	3.772	2.4279	-0.1187	5.4013	5.0462	4.5053	6.0708	2.1509	2.9128	3.9242	6.1123	5.8004	5.0824	5.7334	5.9227	4.4784	2.0111	4.5796	1.4388	6.7517	6.1733	0.9935	1.692	5.2361	6.4738	2.9167	5.3136	4.4868	6.3043	3.1212	4.774	4.2855	5.2457	4.5892	5.5644	4.7236	5.7057	4.0558	4.1335	6.2761	4.8846	4.6253	3.0619	4.7377	6.2567	4.9208	3.3911	5.6907	2.1541	1.6875	5.3548	6.5126	4.1169	-0.4325	4.4693	6.4785	5.3158	5.3544	5.2246	6.918	2.753
ENST00000554715	LGALS3-204	0.2642	-0.5973	-2.9324	1.3397	0.1388	0.8647	-2.7274	3.2297	0.2277	-1.1488	-3.3076	3.309	-3.3076	-0.4131	1.1641	0.7321	0.517	0.2762	0.346	-0.4131	-9.9658	0.9343	-9.9658	1.949	-9.9658	1.1706	-1.1172	0.6145	-9.9658	-1.5951	0.8327	2.8877	0.1388	-0.9686	-1.685	-9.9658	0.1776	-1.3548	-1.7809	-1.1488	0.5568	-1.8314	0.679	-0.1828	-9.9658	1.3791	-1.2828	-0.5125	-2.3147	-0.6873	1.5316	1.8242	1.0433	1.0642	0.8164	0.517	2.5658	0.5069	-1.9379	-1.2828	0.099	-0.9132	-3.816	-0.4719	-1.8836	-2.1779	1.1184	-0.1993	0.6425	-0.1031	0.1124	-3.0469	-1.3183	-0.5973	0.6699	0.5568	1.105	-1.2828	0.0854	-0.4325	-2.7274	-9.9658	1.1577	0.9493	1.6466	1.6045	0.1519	-1.0559	0.7058	0.9268	0.2154	1.3791	0.9115	-1.9942	-0.7108	0.1388	-0.5332	-2.8262	2.0569	2.6232	-1.7322	-9.9658	-0.3201	1.9415	-0.1187	1.0915	0.03	-3.1714	1.8801	0.9115	-0.7108	-0.0574	0.7493	-1.7809	-1.7809	-2.9324	2.1411	0.099	-0.7108	-2.1779	-9.9658	0.4967	1.1577	-9.9658	-9.9658	-2.4659	-9.9658	-1.3921	2.3106	-0.7108	-2.5479	0.688	-0.013	1.0293	-1.3921	-0.5543	2.5011	0.8164	-0.9686	0.3346	-1.8836	0.4125	3.0127	-4.035	-3.1714	-0.0725	1.2576	-0.1828	-0.5973	-2.3884	0.6145	-9.9658	-2.5479	-1.3921	-1.7809	0.6517	1.4335	-0.5125	1.4704	-9.9658	-0.7834	-0.1665	0.3573	0.4552	-2.5479	-0.8084	1.9415	-0.0725	-0.2845	0.5763	-2.0529	-3.1714	-1.0862	1.0151	0.4865	-4.2934	0.1388	1.125	-0.7108	1.5661	0.2881	2.5852	-0.013
ENST00000556263	LGALS3-205	-0.7346	-0.9686	-9.9658	-0.4719	1.0573	-1.3548	-3.0469	0.1124	-0.6416	-1.3921	-0.5543	1.196	-2.9324	0.3685	1.6187	0.3907	0.346	-2.2447	-0.1345	-0.4921	-9.9658	-1.3548	-1.3183	1.196	-9.9658	0.4016	-1.4699	0.1776	-9.9658	-0.9406	0.6517	0.434	-2.3147	-1.4699	-1.685	-9.9658	0.2998	-1.2828	-0.5125	-1.3548	-0.8599	-9.9658	-0.2159	-1.0862	-2.1779	0.5568	0.1124	0.517	-9.9658	-2.114	-1.1172	-0.1665	-0.6643	-0.7108	1.3397	0.7146	1.105	-2.2447	1.4174	-9.9658	1.3846	0.688	-1.0862	-1.5105	-1.8314	-1.4699	1.8879	-0.0725	-9.9658	-2.8262	0.3796	-9.9658	0.7664	-1.0262	-1.7809	0.1124	-0.3752	-2.8262	-0.3022	-1.9379	-9.9658	-9.9658	-2.3884	-0.7108	-0.9971	0.3346	-2.5479	-0.1504	0.1257	-1.0262	0.3231	0.9419	-0.6873	0.4657	-9.9658	-9.9658	-0.7346	-2.1779	0.3346	0.9419	-9.9658	-2.9324	0.5955	1.0007	-2.6349	-1.3921	0.346	0.2277	-0.5332	0.8647	-1.3183	-9.9658	0.7579	-2.5479	-3.6259	-0.2498	0.3231	-0.7346	-0.8863	-0.3566	-9.9658	-2.7274	-0.7834	-1.3921	-2.7274	-0.2328	-9.9658	-0.4719	-0.6193	-0.7588	-1.9942	-1.2828	-9.9658	-1.8314	-1.1811	0.346	0.7579	-9.9658	-9.9658	-2.7274	-3.458	0.044	0.346	-9.9658	-1.7322	0.1519	-0.5543	-9.9658	0.2762	-9.9658	0.7916	-9.9658	-9.9658	-0.1187	-1.4305	-1.9379	-0.1828	0.1776	-0.5125	0.1257	-9.9658	-0.6873	-9.9658	-0.1665	-0.2845	-0.8863	0.679	-9.9658	-0.8084	-1.5951	-2.9324	-9.9658	-0.5973	1.0079	-0.013	-9.9658	-1.8836	-9.9658	-1.1811	0.2154	-1.3921	0.2277	-1.2828
ENST00000556322	LGALS3-206	-2.3884	-1.4305	-9.9658	-9.9658	1.0293	-0.1993	-1.1811	-0.4131	-3.1714	-9.9658	-9.9658	-0.0574	-9.9658	-9.9658	-9.9658	-0.1665	-1.4699	-9.9658	0.3796	-3.458	-2.2447	0.2029	-3.0469	-0.1345	-9.9658	-0.8599	-9.9658	0.1257	-9.9658	-0.6416	-1.0862	0.6517	-2.3884	-9.9658	-9.9658	-9.9658	-4.035	0.517	-9.9658	-3.3076	-0.9406	-1.8314	-0.7588	-0.5973	-9.9658	-3.0469	-2.6349	-2.9324	-3.1714	-2.5479	-1.1488	0.1648	-1.7809	0.0014	-9.9658	0.3573	1.125	-2.4659	0.8246	-9.9658	-5.5735	0.8961	-9.9658	-4.035	-0.9686	-9.9658	-0.7108	-0.3383	-9.9658	-9.9658	-9.9658	-1.7322	-9.9658	-2.9324	-0.7588	-0.9406	-0.6643	-3.1714	-2.5479	-1.0862	-2.6349	-9.9658	-1.3183	-0.394	-1.0262	-9.9658	-1.5951	-9.9658	-0.9686	-0.3566	-2.8262	-9.9658	0.1519	-9.9658	-0.9971	-9.9658	-9.9658	-9.9658	-0.0277	-1.9942	-9.9658	-9.9658	-1.0862	-0.9406	-9.9658	-9.9658	-0.0425	-0.8863	-9.9658	-9.9658	-2.6349	-9.9658	-0.0574	-9.9658	-3.6259	0.2522	-2.5479	-9.9658	-2.9324	-6.5064	-9.9658	-0.7834	-1.8314	-2.9324	-2.6349	-0.6416	-9.9658	-1.8314	-2.2447	-3.1714	-2.9324	-1.4699	-2.8262	-9.9658	-0.6193	-0.4521	0.5271	-1.6394	-9.9658	-9.9658	-9.9658	0.2277	-1.0862	-3.6259	-9.9658	-9.9658	-1.6394	-2.9324	-2.3147	-2.114	-1.1488	-9.9658	-1.1811	-2.3147	-9.9658	-0.9132	-9.9658	-2.7274	-1.4699	-2.4659	-9.9658	-0.6643	-9.9658	-0.1993	-9.9658	-9.9658	-1.3183	-0.9971	-0.0725	0.8082	-2.114	-1.5105	-0.1504	0.9642	-2.3147	-9.9658	-1.9942	-9.9658	0.3573	-0.0277	-1.4305	-0.7834	-0.8084
ENST00000556438	LGALS3-207	3.6612	3.2189	-0.9686	4.2877	4.0696	4.7099	1.9111	4.6171	4.2274	1.1706	3.2018	5.6619	1.5612	2.3926	5.3266	4.8146	3.6635	3.4894	2.5924	3.222	-0.3201	3.9251	3.186	4.576	-4.6082	4.8793	3.4907	4.327	-0.394	2.7073	5.2377	5.1052	4.6271	2.0844	2.4332	-0.9132	3.5572	3.3549	2.7951	2.0844	3.4791	2.2299	4.5274	3.6042	0.5763	4.3234	2.2573	2.59	2.1013	2.7551	4.3772	4.0506	3.8788	4.0523	3.6405	3.1924	4.7798	3.0092	3.2389	2.9765	4.7767	5.0571	1.6045	3.864	2.1606	3.6101	4.6485	4.3958	3.4197	2.0289	3.6113	2.118	2.872	2.8602	3.3364	3.4583	3.6451	3.0056	5.1478	3.5971	0.2154	-2.0529	3.1011	4.0471	3.2143	4.3541	3.1426	3.3647	4.3335	3.871	4.0584	5.2149	3.97	2.7379	2.9692	3.8886	3.3134	2.1247	4.6854	5.5772	1.0151	-0.8863	2.872	4.6491	2.7487	4.1392	3.6861	3.9617	3.4437	3.992	2.9839	3.5935	4.3986	4.14	2.1894	4.1466	4.4751	3.6635	2.7826	4.166	2.5087	3.8167	3.9947	2.6348	1.4911	2.118	2.8381	2.6067	4.2965	2.7205	2.3251	3.5047	4.6577	3.3521	2.7073	3.0446	5.2442	3.2018	2.2513	2.4117	2.4063	3.8511	5.7173	2.8819	3.3856	3.4034	3.7909	2.1798	3.8954	2.6278	4.3827	-0.7346	3.1162	1.5064	3.4569	3.9947	3.9673	3.6657	3.5073	4.6793	1.6512	3.8847	2.5536	4.2721	1.8119	3.5224	4.8064	3.7367	4.4417	3.9938	3.2885	0.9268	3.7539	4.3807	3.9012	-0.1504	3.9487	3.728	2.7742	3.831	3.6428	4.5717	3.4061
ENST00000260061	LRRC32-201	5.2242	3.7193	3.47	4.3399	4.7127	5.6171	5.1445	3.8239	4.7714	3.4344	3.716	3.9589	4.9165	5.5729	5.2533	4.8365	4.4575	4.6006	4.1523	4.347	3.9599	4.1852	4.0773	4.5098	2.694	4.9801	4.7814	1.7786	2.9562	5.1635	3.9965	3.7646	3.6312	5.0653	4.8565	4.5117	5.9939	6.3094	5.3886	4.7263	5.5571	5.3586	4.5002	5.2836	5.3934	4.1756	4.4067	5.5592	4.9561	4.8861	5.5142	4.8778	4.7121	5.374	3.5572	3.6219	6.007	5.353	5.2913	4.8615	3.4881	5.2743	3.5461	5.0687	5.1831	4.0136	4.3321	2.8422	1.7489	3.4907	5.4938	4.5681	0.7146	5.9458	5.4253	5.3205	4.4549	2.8897	4.9089	5.625	3.5086	3.8411	4.9108	4.0645	4.6445	3.9792	5.5037	2.8582	4.3938	5.4552	3.2236	4.1236	5.6482	5.0343	4.5705	4.0171	5.5826	5.8448	4.7866	4.1595	4.0816	1.2085	5.3785	2.7007	5.7835	2.5188	2.2543	3.2796	4.7981	5.0679	4.6018	5.0299	3.7836	4.0304	4.585	3.5923	4.9016	4.9819	3.603	4.891	-1.5105	4.5104	4.1644	5.63	3.47	6.3553	4.5224	4.935	4.812	5.1273	3.5399	5.1764	4.6988	5.1248	5.7209	4.2274	3.1409	3.3407	4.3979	4.7714	4.4176	4.8141	4.8365	4.6977	4.1036	4.6697	4.0401	3.1475	5.2087	5.6514	5.4925	3.1908	4.9589	4.8949	5.1981	5.2265	4.1458	4.637	4.8345	3.3759	3.3773	4.5117	6.0	4.8228	4.6983	4.2366	3.0876	2.9784	5.5062	3.2826	3.6184	2.6043	5.6074	6.1129	4.579	1.4704	3.0181	4.6871	4.085	3.4398	4.8074	3.4437	5.0374
ENST00000404995	LRRC32-202	2.3106	0.7999	-0.4719	1.0573	1.4652	2.2452	2.362	0.6239	2.128	0.8647	1.7403	0.4016	2.3019	2.909	2.6533	2.7931	1.4652	1.3567	1.2636	0.8408	1.2756	1.5216	0.7832	1.2023	-0.3566	1.7702	2.0465	-0.7346	-0.9686	2.2144	1.9638	0.5666	0.434	1.8683	1.2516	2.5061	3.4156	3.4197	1.6281	1.614	2.1476	2.4198	1.1577	1.8484	1.9188	1.2085	1.7954	2.7249	0.8408	1.6327	2.2931	1.6695	2.1345	2.3564	0.605	-0.3566	3.2572	1.692	2.3366	2.1047	-0.013	2.183	0.6425	2.5163	2.2753	1.3791	0.9115	-0.5756	-1.4699	0.24	2.9356	1.7009	-1.1811	2.6533	1.5165	2.1247	1.4859	0.0158	1.0983	2.3451	0.688	0.8883	2.5036	1.3735	2.0254	0.688	2.609	-0.6873	0.3115	2.0183	0.434	0.6517	2.4359	1.5563	1.816	1.2147	2.0673	2.5213	0.9716	0.7321	1.2756	-0.7834	1.5013	-0.6416	1.7489	-0.9132	-0.1993	0.2277	1.5612	2.6783	1.6649	1.8404	0.9191	1.3735	0.9419	0.7058	1.3109	1.884	0.9115	2.0218	-9.9658	0.9115	0.3115	2.3536	0.3685	3.0199	2.5658	2.2693	2.0111	1.7575	0.03	2.3732	2.0878	1.2576	2.4144	1.5465	-0.6873	0.434	1.0779	1.8604	0.8246	1.7912	1.1577	1.3956	0.4447	1.5216	-0.1828	0.0854	1.7141	2.4934	2.328	0.099	2.1798	2.2019	1.6093	1.4652	0.8164	1.7141	2.236	0.1903	0.4967	1.6045	3.5535	2.0912	1.7702	1.2455	0.2998	0.434	2.4883	-0.5543	0.7916	-0.5543	2.9802	3.1781	2.0707	-2.5479	-1.0262	0.9716	1.1641	1.0007	1.6558	-0.1187	1.1447
ENST00000407242	LRRC32-203	3.637	1.8119	-0.7108	1.884	1.7053	2.7422	2.1862	0.9493	3.7248	1.0222	0.9191	1.5514	3.421	3.2034	3.3407	2.5828	2.0183	3.2557	2.1638	1.736	0.5069	1.1641	1.7009	2.6067	-1.4699	1.9675	3.1129	-0.7108	-0.6193	3.3619	2.2543	2.0254	1.412	2.8199	2.4883	1.6964	3.6961	4.4149	3.5098	4.5772	3.3521	3.0654	1.8119	3.6405	4.1392	2.4386	2.3981	3.0654	3.2692	3.2572	3.4583	2.8799	2.694	2.8462	1.1316	1.1641	2.4597	2.6873	3.9232	1.7532	-0.8339	2.6873	0.8082	3.4635	3.3952	4.1748	2.3135	-0.3566	-2.3147	1.8801	3.3235	2.1476	-1.1488	4.3855	2.872	2.9507	2.0569	0.4552	3.4277	3.8876	1.1447	0.2522	2.2268	1.196	2.1798	0.8647	3.1294	0.8883	1.6466	2.9525	2.1147	0.8647	3.5199	3.3535	2.0878	2.3704	4.3349	3.5887	2.3871	1.9638	2.5263	-3.0469	3.8391	-0.3383	3.9938	-0.4521	0.605	-0.2328	3.5349	1.177	2.872	2.8034	2.3898	0.547	3.4984	0.9862	1.7053	3.2632	2.1734	0.9343	-9.9658	0.6517	3.6066	4.1409	2.0979	3.7836	2.8602	3.5851	1.5013	3.4556	-1.0862	2.7487	2.7594	2.9948	4.0198	2.3308	0.7832	1.2147	1.4065	2.1213	3.1588	2.5263	2.8158	2.7051	1.614	2.1894	1.9302	0.8726	2.4544	2.7993	2.9948	1.6558	3.5187	2.8779	3.0127	2.7205	1.1117	1.8762	2.5413	-0.3752	1.5854	1.7532	3.8541	2.8819	1.4962	2.2813	-0.0877	0.4761	3.6428	0.2154	1.4547	-2.8262	2.6693	3.1228	2.9432	-9.9658	-0.0725	1.8078	2.9857	1.3109	2.9581	0.9191	1.6187
ENST00000421973	LRRC32-204	-9.9658	-9.9658	-9.9658	-9.9658	-9.9658	-9.9658	-9.9658	-9.9658	-9.9658	-9.9658	-9.9658	-9.9658	-9.9658	-9.9658	-9.9658	-9.9658	-9.9658	-9.9658	-9.9658	-9.9658	-9.9658	-9.9658	-9.9658	-9.9658	-9.9658	-9.9658	-9.9658	-9.9658	-9.9658	-9.9658	-9.9658	-9.9658	-9.9658	-9.9658	-9.9658	-9.9658	-9.9658	-9.9658	-9.9658	-9.9658	-9.9658	-9.9658	-9.9658	-9.9658	-9.9658	-9.9658	-9.9658	-9.9658	-9.9658	-9.9658	-9.9658	-9.9658	-9.9658	-9.9658	-9.9658	-9.9658	-9.9658	-9.9658	-9.9658	-9.9658	-9.9658	-9.9658	-9.9658	-9.9658	-9.9658	-9.9658	-9.9658	-9.9658	-9.9658	-9.9658	-9.9658	-9.9658	-9.9658	-9.9658	-9.9658	-9.9658	-9.9658	-9.9658	-9.9658	-9.9658	-9.9658	-9.9658	-9.9658	-9.9658	-9.9658	-9.9658	-9.9658	-9.9658	-9.9658	-9.9658	-9.9658	-9.9658	-9.9658	-9.9658	-9.9658	-9.9658	-9.9658	-9.9658	-9.9658	-9.9658	-9.9658	-9.9658	-9.9658	-9.9658	-9.9658	-9.9658	-9.9658	-9.9658	-9.9658	-9.9658	-9.9658	-9.9658	-9.9658	-9.9658	-9.9658	-9.9658	-9.9658	-9.9658	-9.9658	-9.9658	-9.9658	-9.9658	-9.9658	-9.9658	-9.9658	-9.9658	-9.9658	-9.9658	-9.9658	-9.9658	-9.9658	-9.9658	-9.9658	-9.9658	-9.9658	-9.9658	-9.9658	-9.9658	-9.9658	-9.9658	-9.9658	-9.9658	-9.9658	-9.9658	-9.9658	-9.9658	-9.9658	-9.9658	-9.9658	-9.9658	-9.9658	-9.9658	-9.9658	-9.9658	-9.9658	-9.9658	-9.9658	-9.9658	-9.9658	-9.9658	-9.9658	-9.9658	-9.9658	-9.9658	-9.9658	-9.9658	-9.9658	-9.9658	-9.9658	-9.9658	-9.9658	-9.9658	-9.9658	-9.9658	-9.9658	-9.9658	-9.9658	-9.9658	-9.9658	-9.9658	-9.9658	-9.9658	-9.9658
ENST00000464145	LRRC32-205	5.4206	1.7446	2.2603	5.2638	5.6068	6.5613	2.971	4.3583	5.6091	2.7073	4.3335	2.4701	3.29	1.8078	5.281	4.0969	4.49	5.2273	4.4463	4.162	3.7773	4.8949	5.0896	4.0653	2.5996	6.3334	5.0562	2.4359	4.2877	4.9127	4.4667	3.7378	5.342	5.4608	4.4647	2.9071	6.3946	4.6364	4.3399	4.2833	5.1934	3.3897	4.2788	4.95	6.1954	3.4843	3.2435	2.3337	3.3307	4.466	5.6358	5.2246	5.206	4.232	3.4304	-0.2845	5.8199	5.9554	4.7022	5.2438	5.729	5.7239	2.1925	3.1261	1.1512	4.7253	4.916	5.5684	2.6533	4.1449	4.506	5.6071	2.2206	5.7785	5.546	5.0479	3.8411	5.4555	4.9208	5.1664	4.3378	3.4945	4.8213	4.6329	4.3793	4.3723	3.5547	3.1426	4.3162	5.6496	1.7097	4.2556	5.6165	3.9746	5.5361	5.2021	3.4358	5.4559	5.2107	3.9393	1.5854	-0.1504	2.3337	2.7679	4.8146	4.1252	3.1987	4.9208	5.7565	4.2335	4.677	3.5187	2.9839	5.1807	3.8147	4.8314	5.4562	5.7159	3.6703	6.889	2.7051	5.8061	3.4464	3.9506	3.5994	1.7316	5.6144	4.359	4.6849	4.1986	4.8069	5.4916	5.3402	5.1867	3.1145	1.766	4.421	4.9237	4.811	4.9964	4.717	4.8269	5.5255	5.8765	5.2646	3.793	3.9393	2.8341	5.7096	5.5264	3.9856	1.7702	5.3995	4.2743	5.4499	6.0743	4.5778	3.7582	4.1359	5.8069	3.9118	3.29	5.9798	4.5047	6.3987	4.2472	4.4189	5.1518	6.6417	4.0471	4.8645	2.6019	4.5534	5.7751	5.1478	3.7825	1.8242	5.3913	4.1772	3.2065	5.1559	3.8401	5.0862
ENST00000397747	PDCD1LG2-201	2.1957	3.5324	-1.7809	0.7233	-0.9132	-1.0559	0.517	-1.7809	1.0293	-0.8599	1.1577	-0.0574	1.3397	1.4859	0.058	0.5069	-0.5973	0.6145	0.2762	0.2154	-0.7108	-1.685	1.0642	-0.2671	-2.8262	-0.5125	0.4967	-2.4659	-2.5479	0.7916	-1.685	-0.9132	-0.7834	-0.1665	1.1512	-1.8836	1.4388	1.1512	1.4388	2.4857	1.0847	0.679	0.2762	1.4335	3.2587	-0.3752	1.6327	2.236	2.4544	1.2756	1.0151	-0.0725	0.6699	0.5763	-1.7322	0.2881	0.4016	0.3115	1.8484	1.2934	-0.2498	-1.2481	0.1388	2.3981	0.2277	2.7379	0.9268	-0.2159	-4.2934	0.03	1.1316	0.3685	-3.6259	1.1833	0.2029	0.5069	-1.3183	-1.8836	1.4174	1.6187	-0.4131	-1.2142	-1.2828	-1.4699	-0.9971	-0.9132	1.3679	-1.3183	-1.3921	0.9419	0.8488	-0.6873	-0.2671	1.3679	-0.1345	0.4761	1.1184	0.5859	0.4447	-0.7834	0.8327	-3.6259	2.3366	-2.3147	1.7575	-1.5522	0.1124	-3.0469	0.2642	1.1577	0.4233	2.1013	-0.1665	0.4233	2.0604	0.1776	-0.0425	1.0151	-0.7588	-1.2142	-3.816	0.0014	1.674	1.8484	-0.1187	0.5666	0.5568	0.4967	-0.8339	1.2209	-1.8836	-0.7346	0.2029	0.24	1.4547	0.4865	-1.7322	-1.8836	1.2696	-0.4325	1.2023	0.8246	-0.7346	1.3225	0.1519	0.2154	-1.6394	-1.3183	0.6145	0.5763	1.2576	-0.6416	0.9419	0.5763	0.7146	-0.9132	-1.5105	0.2154	1.2934	0.4657	-0.1828	0.2154	0.4016	0.688	-0.2671	-0.3566	-1.7322	0.4967	1.2992	-0.7834	-0.9132	2.4439	1.8996	0.7058	0.6239	-4.6082	0.1519	-0.6873	0.7233	-0.8084	-0.013	-3.458	-1.0559
ENST00000389474	SIGLEC15-201	-2.3884	-5.0116	-4.035	-2.2447	-2.7274	-9.9658	-3.1714	-4.035	-9.9658	-9.9658	-9.9658	-9.9658	-4.2934	-3.1714	-4.035	-4.6082	-9.9658	-9.9658	-3.3076	-3.816	-9.9658	-4.6082	-9.9658	-3.0469	-9.9658	-1.4699	-9.9658	-9.9658	1.3109	-9.9658	-2.7274	-0.0425	-9.9658	-9.9658	-9.9658	-2.6349	-2.6349	-4.6082	-9.9658	-3.6259	-9.9658	-9.9658	-3.6259	-2.114	0.2154	-2.3884	-3.6259	-2.1779	-4.6082	-3.6259	-2.4659	-3.3076	-2.4659	-9.9658	-3.1714	-9.9658	-9.9658	-3.6259	-2.114	-2.114	-9.9658	-3.458	-9.9658	-4.2934	-4.6082	-9.9658	-1.4699	-9.9658	-9.9658	-4.035	-9.9658	-4.035	-9.9658	-9.9658	-9.9658	-4.2934	-9.9658	-4.6082	-3.6259	-9.9658	-9.9658	-9.9658	-3.458	-9.9658	-4.6082	-9.9658	-3.458	-9.9658	-5.0116	-2.1779	-9.9658	-9.9658	-3.816	-9.9658	-9.9658	-2.1779	-4.6082	-3.1714	-2.6349	-4.2934	-5.0116	-5.5735	-4.6082	-9.9658	-5.5735	-9.9658	-2.1779	-3.1714	-9.9658	-2.3884	-9.9658	-9.9658	-6.5064	-9.9658	-5.0116	-9.9658	-1.5951	-3.458	-9.9658	-4.6082	-9.9658	-9.9658	-3.1714	-9.9658	-4.035	-9.9658	-3.6259	-9.9658	-4.2934	-3.6259	-3.1714	-3.1714	-3.3076	-4.2934	-1.4699	-9.9658	-9.9658	-9.9658	-9.9658	-2.7274	-2.8262	-9.9658	-3.1714	-9.9658	-9.9658	-5.5735	-9.9658	-5.5735	-3.6259	-9.9658	-4.035	-9.9658	-9.9658	-2.6349	-5.0116	-4.2934	-9.9658	-3.1714	-3.1714	-4.6082	-4.6082	-3.3076	-3.458	-1.5951	-3.816	-9.9658	-9.9658	-9.9658	-3.0469	-9.9658	-2.9324	-3.1714	-3.816	-9.9658	-3.1714	-9.9658	-9.9658	-3.0469	-4.6082	-3.816	-2.2447	-9.9658	-3.1714
ENST00000546268	SIGLEC15-202	-3.3076	-3.816	-3.816	-9.9658	-4.035	-3.816	-9.9658	-9.9658	-3.458	-3.816	-5.5735	-9.9658	-9.9658	-4.6082	-9.9658	-3.6259	-9.9658	-9.9658	-9.9658	-4.035	-9.9658	-9.9658	-9.9658	-9.9658	-9.9658	-9.9658	-9.9658	-9.9658	-9.9658	-9.9658	-9.9658	-2.2447	-4.6082	-9.9658	-5.0116	-4.2934	-9.9658	-9.9658	-9.9658	-9.9658	-9.9658	-9.9658	-5.0116	-9.9658	-9.9658	-9.9658	-3.816	-2.9324	-4.6082	-9.9658	-9.9658	-9.9658	-3.816	-4.035	-9.9658	-9.9658	-3.458	-9.9658	-4.6082	-4.035	-5.0116	-9.9658	-5.5735	-4.2934	-9.9658	-9.9658	-9.9658	-9.9658	-9.9658	-9.9658	-9.9658	-5.0116	-9.9658	-4.6082	-9.9658	-9.9658	-4.6082	-9.9658	-9.9658	-9.9658	-9.9658	-9.9658	-3.458	-9.9658	-9.9658	-9.9658	-9.9658	-9.9658	-9.9658	-3.0469	-9.9658	-9.9658	-9.9658	-9.9658	-4.2934	-9.9658	-9.9658	-9.9658	-9.9658	-9.9658	-9.9658	-9.9658	-9.9658	-9.9658	-9.9658	-9.9658	-2.1779	-3.1714	-9.9658	-9.9658	-9.9658	-5.5735	-5.5735	-3.6259	-9.9658	-9.9658	-9.9658	-4.6082	-5.0116	-9.9658	-9.9658	-4.035	-9.9658	-3.816	-9.9658	-5.5735	-9.9658	-5.5735	-9.9658	-4.035	-4.6082	-2.9324	-9.9658	-9.9658	-9.9658	-9.9658	-9.9658	-9.9658	-9.9658	-9.9658	-9.9658	-9.9658	-9.9658	-9.9658	-9.9658	-9.9658	-9.9658	-9.9658	-4.035	-4.6082	-5.0116	-9.9658	-9.9658	-9.9658	-9.9658	-9.9658	-4.6082	-9.9658	-9.9658	-9.9658	-9.9658	-2.7274	-9.9658	-9.9658	-4.035	-9.9658	-1.7322	-5.0116	-9.9658	-9.9658	-9.9658	-5.0116	-9.9658	-9.9658	-3.1714	-9.9658	-5.5735	-9.9658	-4.2934	-9.9658	-9.9658	-9.9658	-9.9658
ENST00000587418	SIGLEC15-203	-9.9658	-2.8262	-9.9658	-9.9658	-9.9658	-2.4659	-3.816	-9.9658	-3.3076	-9.9658	-9.9658	-9.9658	-9.9658	-9.9658	-9.9658	-9.9658	-9.9658	-3.816	-9.9658	-9.9658	-4.2934	-9.9658	-9.9658	-9.9658	-9.9658	-9.9658	-3.816	-9.9658	-4.035	-9.9658	-9.9658	-9.9658	-9.9658	-9.9658	-9.9658	-9.9658	-4.035	-9.9658	-9.9658	-9.9658	-9.9658	-9.9658	-9.9658	-9.9658	-9.9658	-9.9658	-9.9658	-3.816	-9.9658	-9.9658	-9.9658	-9.9658	-9.9658	-3.1714	-9.9658	-9.9658	-9.9658	-9.9658	-9.9658	-9.9658	-9.9658	-9.9658	-9.9658	-9.9658	-9.9658	-9.9658	-3.1714	-9.9658	-9.9658	-9.9658	-9.9658	-5.5735	-4.6082	-9.9658	-9.9658	-9.9658	-2.8262	-9.9658	-9.9658	-9.9658	-9.9658	-9.9658	-4.035	-9.9658	-9.9658	-9.9658	-9.9658	-9.9658	-9.9658	-3.458	-9.9658	-4.6082	-9.9658	-9.9658	-9.9658	-9.9658	-9.9658	-4.035	-9.9658	-9.9658	-9.9658	-9.9658	-9.9658	-9.9658	-9.9658	-9.9658	-9.9658	-9.9658	-3.1714	-9.9658	-9.9658	-9.9658	-9.9658	-4.6082	-9.9658	-9.9658	-3.816	-9.9658	-9.9658	-9.9658	-4.6082	-4.035	-9.9658	-9.9658	-9.9658	-9.9658	-9.9658	-9.9658	-9.9658	-9.9658	-9.9658	-9.9658	-9.9658	-9.9658	-9.9658	-9.9658	-9.9658	-9.9658	-4.035	-9.9658	-9.9658	-9.9658	-9.9658	-9.9658	-9.9658	-9.9658	-9.9658	-9.9658	-4.2934	-9.9658	-4.6082	-9.9658	-9.9658	-9.9658	-9.9658	-9.9658	-9.9658	-9.9658	-9.9658	-4.035	-9.9658	-9.9658	-9.9658	-9.9658	-9.9658	-9.9658	-1.7322	-3.1714	-9.9658	-9.9658	-9.9658	-9.9658	-9.9658	-9.9658	-3.6259	-9.9658	-9.9658	-9.9658	-9.9658	-9.9658	-9.9658	-9.9658	-3.6259
ENST00000593178	SIGLEC15-204	-1.2481	-0.013	-0.0725	1.884	-0.4521	0.2277	-1.2481	-2.5479	3.7678	-2.3147	-2.8262	0.9268	0.0718	-1.8314	-1.8314	1.7702	-1.685	-1.8314	2.1734	-0.5543	-3.1714	-2.1779	-1.4699	-1.1172	-5.5735	-0.6416	-1.4305	-4.2934	3.7335	-1.4699	2.2391	1.8282	0.1648	-1.7322	-0.4131	0.1124	-0.5332	-1.1172	-1.0262	-0.4521	-2.6349	-1.3548	-1.0862	0.099	0.5069	1.6374	-2.1779	1.9931	0.6145	-2.8262	-1.4699	-1.3921	2.3048	0.7748	2.5087	1.3397	0.24	-0.3383	-0.7834	0.1648	-2.0529	3.5312	-2.114	0.9935	-2.5479	-1.1172	0.9716	-0.8863	-5.5735	-2.7274	-0.4521	-1.5951	-9.9658	-2.0529	-4.2934	0.605	3.2435	-1.7809	-0.4921	-1.5105	-5.5735	-4.6082	1.6045	-0.1345	-1.3183	-3.1714	-0.6643	-1.8836	-2.4659	2.7763	0.517	-2.4659	-1.7809	0.9935	-2.4659	-0.1504	0.0158	-0.8084	-0.6873	-0.6193	-1.9379	-4.2934	-1.3548	-2.3884	-0.0574	-0.7108	2.5137	4.0118	-0.1828	-0.2845	-2.0529	-0.8599	-3.1714	-2.2447	-1.2828	-1.4305	0.3685	0.2154	-3.3076	-1.2828	-0.8599	-0.6873	1.4011	-2.1779	-1.9942	-1.7322	-1.9942	-1.8314	-2.7274	-0.6193	-2.4659	-0.3022	-0.5973	-1.685	2.7401	-0.0725	0.5955	0.0854	-1.1811	0.4552	0.8488	-0.5543	0.1124	0.03	-1.3921	0.6145	-1.9379	-2.4659	-1.5951	-1.8836	1.8282	-3.816	-1.0559	-1.5105	-2.7274	0.679	-0.6416	1.3956	-0.8863	-2.5479	-1.685	-1.0862	-0.9132	1.2394	-0.6643	-0.1187	2.6161	2.004	-1.2142	-1.685	-1.0559	-0.7834	-0.6643	-1.3183	2.2813	-5.5735	0.8488	3.0358	-1.5105	-2.0529	1.334	-2.3884	-0.9132
ENST00000602118	SIGLEC15-205	-2.3884	-2.9324	-9.9658	-9.9658	-9.9658	-9.9658	-9.9658	-9.9658	-9.9658	-6.5064	-9.9658	-9.9658	-9.9658	-9.9658	-4.2934	-9.9658	-2.114	-9.9658	-9.9658	-9.9658	-9.9658	-9.9658	-2.2447	-9.9658	-9.9658	-9.9658	-9.9658	-9.9658	-9.9658	-9.9658	-9.9658	-9.9658	-9.9658	-9.9658	-9.9658	-9.9658	-9.9658	-3.6259	-9.9658	-9.9658	-4.6082	-9.9658	-3.1714	-9.9658	-0.7834	-0.0425	-5.5735	-9.9658	-9.9658	-9.9658	-9.9658	-2.1779	-5.0116	-9.9658	-9.9658	-4.2934	-9.9658	-9.9658	-6.5064	-9.9658	-0.7834	-9.9658	-9.9658	-1.8836	-9.9658	-9.9658	-2.5479	-1.7809	-9.9658	-5.5735	-9.9658	-9.9658	-3.3076	-3.3076	-9.9658	-9.9658	-9.9658	-4.2934	-9.9658	-1.9942	-5.5735	-9.9658	-9.9658	-9.9658	-9.9658	-9.9658	-1.9379	-5.0116	-9.9658	-2.0529	-4.2934	-6.5064	-2.2447	-9.9658	-9.9658	-9.9658	-9.9658	-2.3884	-1.5105	-9.9658	-9.9658	-9.9658	-9.9658	-3.3076	-3.1714	-9.9658	-1.5522	-2.8262	-9.9658	-9.9658	-3.816	-9.9658	-9.9658	-2.1779	-3.3076	-9.9658	-9.9658	-1.9379	-3.458	-9.9658	2.826	-2.9324	-9.9658	-2.0529	-4.035	-9.9658	-9.9658	-4.6082	-3.3076	-9.9658	-2.114	-9.9658	-9.9658	-9.9658	-9.9658	-9.9658	-9.9658	-0.9132	-9.9658	-2.3884	-9.9658	-3.3076	-1.7322	-9.9658	-9.9658	-9.9658	-9.9658	-9.9658	-9.9658	-9.9658	-9.9658	-9.9658	-9.9658	-9.9658	-9.9658	-9.9658	-9.9658	-9.9658	-9.9658	-3.816	-5.5735	-9.9658	-9.9658	-1.1488	-1.5105	-9.9658	-9.9658	-9.9658	-4.6082	-9.9658	-4.035	-9.9658	-9.9658	-1.685	-4.6082	-9.9658	-4.2934	-9.9658	-9.9658	-6.5064	-9.9658	-3.458	-9.9658
ENST00000503634	TDO2-201	-9.9658	-9.9658	-9.9658	-9.9658	-9.9658	-9.9658	-9.9658	-9.9658	-9.9658	-9.9658	-3.0469	-9.9658	-9.9658	-9.9658	-9.9658	-9.9658	-9.9658	-9.9658	-9.9658	-9.9658	-4.035	-9.9658	-9.9658	-9.9658	-9.9658	-9.9658	-9.9658	-9.9658	-9.9658	-4.035	-9.9658	-9.9658	-9.9658	-9.9658	-9.9658	-9.9658	-9.9658	-9.9658	-9.9658	-9.9658	-9.9658	-9.9658	-9.9658	-9.9658	-0.9686	-9.9658	-9.9658	-4.6082	-9.9658	-9.9658	-9.9658	-9.9658	-9.9658	-9.9658	-9.9658	-4.6082	-9.9658	-9.9658	-9.9658	-9.9658	-9.9658	-9.9658	-9.9658	-3.0469	-9.9658	-9.9658	-9.9658	-9.9658	-9.9658	-9.9658	-9.9658	-9.9658	-9.9658	-9.9658	-9.9658	-9.9658	-9.9658	-9.9658	-9.9658	-9.9658	-9.9658	-9.9658	-9.9658	-9.9658	-9.9658	-9.9658	-9.9658	-9.9658	-9.9658	-9.9658	-9.9658	-9.9658	-9.9658	-9.9658	-9.9658	-9.9658	-9.9658	-9.9658	-9.9658	-9.9658	-9.9658	-9.9658	-9.9658	-9.9658	-3.458	-4.2934	-9.9658	-9.9658	-9.9658	-9.9658	-9.9658	-9.9658	-9.9658	-9.9658	-9.9658	-9.9658	-9.9658	-3.816	-9.9658	-9.9658	-9.9658	-9.9658	-9.9658	-9.9658	-9.9658	-9.9658	-9.9658	-9.9658	-9.9658	-9.9658	-4.2934	-9.9658	-9.9658	-9.9658	-9.9658	-9.9658	-9.9658	-9.9658	-9.9658	-9.9658	-9.9658	-9.9658	-9.9658	-9.9658	-9.9658	-9.9658	-9.9658	-9.9658	-9.9658	-9.9658	-9.9658	-9.9658	-9.9658	-9.9658	-9.9658	-9.9658	-9.9658	-9.9658	-9.9658	-9.9658	-9.9658	-9.9658	-9.9658	-9.9658	-9.9658	-3.816	-9.9658	-9.9658	-9.9658	-9.9658	-9.9658	-9.9658	-9.9658	-9.9658	-9.9658	-9.9658	-9.9658	-9.9658	-9.9658	-9.9658	-9.9658	-9.9658	-9.9658
ENST00000506072	TDO2-202	-9.9658	-3.6259	-9.9658	-9.9658	-9.9658	-9.9658	-9.9658	-9.9658	-9.9658	-9.9658	-9.9658	-9.9658	-9.9658	-3.3076	-9.9658	-9.9658	-9.9658	-9.9658	-9.9658	-9.9658	-9.9658	-9.9658	-9.9658	-9.9658	-9.9658	-9.9658	-9.9658	-9.9658	-9.9658	-9.9658	-9.9658	-9.9658	-9.9658	-9.9658	-9.9658	-9.9658	-9.9658	-9.9658	-9.9658	-1.4699	-3.6259	-9.9658	-9.9658	-9.9658	0.099	-9.9658	-9.9658	-2.7274	-9.9658	-9.9658	-9.9658	-9.9658	-9.9658	-9.9658	-9.9658	-9.9658	-9.9658	-9.9658	-2.8262	-9.9658	-9.9658	-9.9658	-9.9658	-9.9658	-9.9658	-9.9658	-9.9658	-9.9658	-9.9658	-9.9658	-9.9658	-9.9658	-9.9658	-9.9658	-2.0529	-9.9658	-9.9658	-9.9658	-9.9658	-9.9658	-9.9658	-9.9658	-9.9658	-9.9658	-9.9658	-9.9658	-9.9658	-9.9658	-9.9658	-3.458	-9.9658	-9.9658	-9.9658	-9.9658	-9.9658	-9.9658	-9.9658	-9.9658	-9.9658	-9.9658	-9.9658	-6.5064	-9.9658	-9.9658	-9.9658	-9.9658	-9.9658	-9.9658	-9.9658	-9.9658	-9.9658	-9.9658	-9.9658	-9.9658	-9.9658	-9.9658	-9.9658	-9.9658	-9.9658	-9.9658	-9.9658	-9.9658	-9.9658	-9.9658	-9.9658	-9.9658	-9.9658	-9.9658	-9.9658	-9.9658	-9.9658	-9.9658	-9.9658	-9.9658	-1.3183	-9.9658	-9.9658	-9.9658	-9.9658	-3.3076	-9.9658	-9.9658	-9.9658	-9.9658	-9.9658	-9.9658	-9.9658	-9.9658	-9.9658	-9.9658	-9.9658	-9.9658	-9.9658	-9.9658	-9.9658	-9.9658	-9.9658	-9.9658	-9.9658	-9.9658	-9.9658	-9.9658	-9.9658	-9.9658	-9.9658	-3.1714	-9.9658	-9.9658	-9.9658	-9.9658	-9.9658	-9.9658	-9.9658	-9.9658	-9.9658	-9.9658	-9.9658	-9.9658	-9.9658	-9.9658	-9.9658	-9.9658	-9.9658
ENST00000506181	TDO2-203	-4.6082	-9.9658	-9.9658	-9.9658	-9.9658	-9.9658	-9.9658	-9.9658	-9.9658	-9.9658	-9.9658	-9.9658	-9.9658	-9.9658	-9.9658	-9.9658	-9.9658	-9.9658	-9.9658	-9.9658	-4.6082	-9.9658	-9.9658	-9.9658	-9.9658	-9.9658	-9.9658	-9.9658	-9.9658	-9.9658	-9.9658	-9.9658	-9.9658	-9.9658	-9.9658	-9.9658	-9.9658	-9.9658	-9.9658	-9.9658	-9.9658	-9.9658	-9.9658	-9.9658	-3.3076	-9.9658	-9.9658	-9.9658	-9.9658	-9.9658	-9.9658	-9.9658	-9.9658	-9.9658	-9.9658	-9.9658	-9.9658	-9.9658	-9.9658	-9.9658	-9.9658	-9.9658	-9.9658	-4.6082	-9.9658	-9.9658	-9.9658	-9.9658	-9.9658	-5.0116	-9.9658	-9.9658	-9.9658	-9.9658	-3.6259	-9.9658	-9.9658	-9.9658	-9.9658	-9.9658	-9.9658	-4.6082	-9.9658	-9.9658	-9.9658	-9.9658	-4.6082	-9.9658	-9.9658	-5.0116	-9.9658	-9.9658	-9.9658	-4.6082	-9.9658	-9.9658	-9.9658	-9.9658	-9.9658	-9.9658	-9.9658	-9.9658	-9.9658	-9.9658	-9.9658	-9.9658	-9.9658	-9.9658	-9.9658	-9.9658	-9.9658	-9.9658	-9.9658	-9.9658	-9.9658	-9.9658	-9.9658	-9.9658	-9.9658	-9.9658	-9.9658	-9.9658	-9.9658	-9.9658	-9.9658	-9.9658	-9.9658	-9.9658	-9.9658	-9.9658	-9.9658	-9.9658	-9.9658	-9.9658	-9.9658	-9.9658	-9.9658	-9.9658	-9.9658	-4.6082	-9.9658	-9.9658	-9.9658	-9.9658	-9.9658	-9.9658	-9.9658	-9.9658	-9.9658	-9.9658	-5.0116	-4.2934	-9.9658	-9.9658	-9.9658	-9.9658	-9.9658	-9.9658	-9.9658	-9.9658	-9.9658	-9.9658	-9.9658	-9.9658	-9.9658	-3.0469	-9.9658	-9.9658	-9.9658	-9.9658	-9.9658	-9.9658	-9.9658	-9.9658	-9.9658	-9.9658	-9.9658	-9.9658	-9.9658	-9.9658	-4.6082	-9.9658	-9.9658
ENST00000507590	TDO2-204	-9.9658	-9.9658	-9.9658	-9.9658	-9.9658	-9.9658	-9.9658	-9.9658	-9.9658	-9.9658	-9.9658	-9.9658	-9.9658	-9.9658	-9.9658	-9.9658	-9.9658	-9.9658	-9.9658	-9.9658	-9.9658	-9.9658	-9.9658	-9.9658	-9.9658	-9.9658	-9.9658	-9.9658	-9.9658	-9.9658	-9.9658	-9.9658	-9.9658	-9.9658	-9.9658	-9.9658	-9.9658	-9.9658	-9.9658	-9.9658	-9.9658	-9.9658	-9.9658	-9.9658	-9.9658	-9.9658	-9.9658	-9.9658	-2.3884	-9.9658	-9.9658	-9.9658	-9.9658	-9.9658	-9.9658	-9.9658	-9.9658	-9.9658	-9.9658	-9.9658	-9.9658	-9.9658	-9.9658	-9.9658	-9.9658	-9.9658	-9.9658	-9.9658	-9.9658	-9.9658	-9.9658	-9.9658	-9.9658	-9.9658	-9.9658	-9.9658	-9.9658	-9.9658	-9.9658	-9.9658	-9.9658	-9.9658	-9.9658	-9.9658	-9.9658	-9.9658	-9.9658	-9.9658	-9.9658	-9.9658	-9.9658	-9.9658	-9.9658	-9.9658	-9.9658	-9.9658	-9.9658	-9.9658	-9.9658	-3.6259	-9.9658	-9.9658	-9.9658	-9.9658	-9.9658	-9.9658	-9.9658	-9.9658	-9.9658	-9.9658	-9.9658	-9.9658	-9.9658	-9.9658	-9.9658	-9.9658	-9.9658	-9.9658	-9.9658	-9.9658	-9.9658	-9.9658	-9.9658	-9.9658	-9.9658	-9.9658	-9.9658	-9.9658	-9.9658	-9.9658	-9.9658	-9.9658	-9.9658	-9.9658	-9.9658	-9.9658	-9.9658	-9.9658	-9.9658	-9.9658	-9.9658	-9.9658	-9.9658	-9.9658	-9.9658	-9.9658	-9.9658	-9.9658	-9.9658	-9.9658	-9.9658	-2.0529	-9.9658	-9.9658	-9.9658	-9.9658	-9.9658	-9.9658	-9.9658	-9.9658	-9.9658	-9.9658	-9.9658	-2.1779	-9.9658	-9.9658	-9.9658	-9.9658	-2.7274	-9.9658	-9.9658	-9.9658	-9.9658	-9.9658	-9.9658	-9.9658	-9.9658	-9.9658	-9.9658	-9.9658	-9.9658	-9.9658	-9.9658
ENST00000509738	TDO2-205	-2.5479	-2.9324	-9.9658	-9.9658	-9.9658	-9.9658	-4.6082	-4.035	-3.6259	-9.9658	-9.9658	-9.9658	-3.816	-3.6259	-9.9658	-4.2934	-9.9658	-4.2934	-9.9658	-9.9658	-9.9658	-9.9658	-9.9658	-9.9658	-9.9658	-9.9658	-3.458	-9.9658	-9.9658	-2.1779	-9.9658	-4.6082	-9.9658	-9.9658	-9.9658	-9.9658	-4.6082	-9.9658	-4.2934	-4.6082	-5.0116	-9.9658	-9.9658	-3.458	-4.6082	-4.6082	-3.816	-5.5735	-2.4659	-2.6349	-9.9658	-4.6082	-9.9658	-2.8262	-9.9658	-3.6259	-4.6082	-9.9658	-4.6082	-9.9658	-9.9658	-9.9658	-5.5735	-4.6082	-9.9658	-9.9658	-9.9658	-9.9658	-9.9658	-9.9658	-4.2934	-9.9658	-9.9658	-4.6082	-3.1714	-4.2934	-3.6259	-9.9658	-3.458	-9.9658	-9.9658	-9.9658	-3.0469	-9.9658	-9.9658	-9.9658	-3.6259	-9.9658	-5.0116	-5.0116	-9.9658	-5.0116	-4.6082	-9.9658	-9.9658	-9.9658	-9.9658	-3.0469	-9.9658	-9.9658	-4.2934	-9.9658	-9.9658	-3.6259	-5.0116	-5.0116	-9.9658	-5.0116	-3.458	-9.9658	-9.9658	-3.458	-3.6259	-5.0116	-9.9658	-9.9658	-3.1714	-9.9658	-4.035	-9.9658	-9.9658	-9.9658	-9.9658	-4.6082	-9.9658	-2.7274	-3.6259	-9.9658	-4.6082	-1.8314	-9.9658	-4.6082	-9.9658	-4.035	-9.9658	-9.9658	-9.9658	-9.9658	-9.9658	-9.9658	-9.9658	-9.9658	-2.9324	-9.9658	-5.0116	-9.9658	-9.9658	-9.9658	-4.6082	-9.9658	-4.2934	-9.9658	-4.035	-3.816	-9.9658	-9.9658	-9.9658	-3.816	-9.9658	-9.9658	-9.9658	-9.9658	-4.035	-4.035	-9.9658	-3.816	-5.0116	-5.0116	-9.9658	-5.0116	-5.0116	-9.9658	-3.6259	-2.8262	-9.9658	-9.9658	-2.9324	-9.9658	-4.035	-9.9658	-9.9658	-9.9658	-4.6082
ENST00000510293	TDO2-206	-9.9658	-1.3548	-9.9658	-9.9658	-9.9658	-3.3076	-9.9658	0.6145	-9.9658	-9.9658	-0.8599	-9.9658	-9.9658	-9.9658	-9.9658	-9.9658	-9.9658	-9.9658	-9.9658	-1.6394	-9.9658	-9.9658	-0.5973	-9.9658	-9.9658	-9.9658	-9.9658	-4.6082	-9.9658	-9.9658	-1.7809	-1.9942	-9.9658	0.5568	-9.9658	-9.9658	-9.9658	-9.9658	-9.9658	-9.9658	-3.3076	-9.9658	-9.9658	-9.9658	-9.9658	-9.9658	-9.9658	-9.9658	-1.7322	-9.9658	-9.9658	-9.9658	-9.9658	-9.9658	-9.9658	-9.9658	-9.9658	-9.9658	-9.9658	-9.9658	-9.9658	-9.9658	-9.9658	-9.9658	-9.9658	-2.2447	-1.6394	-9.9658	-2.8262	0.1648	-9.9658	-9.9658	-3.458	-9.9658	-9.9658	-9.9658	-9.9658	-9.9658	-9.9658	-9.9658	-5.0116	-9.9658	-9.9658	-9.9658	-9.9658	-9.9658	-9.9658	-9.9658	-9.9658	-1.4305	-9.9658	-9.9658	-9.9658	-9.9658	-9.9658	-9.9658	-9.9658	-9.9658	-9.9658	-0.6643	-9.9658	-4.2934	-1.8836	-9.9658	-9.9658	-9.9658	-9.9658	-9.9658	-9.9658	-9.9658	-9.9658	-9.9658	-9.9658	-9.9658	-9.9658	-9.9658	-9.9658	-9.9658	-9.9658	-9.9658	-9.9658	-0.5332	-9.9658	-9.9658	-9.9658	-9.9658	-0.6643	-9.9658	-9.9658	-9.9658	-9.9658	-9.9658	-9.9658	0.5859	-9.9658	-3.816	-5.5735	-9.9658	-9.9658	-9.9658	-0.4131	-9.9658	-9.9658	-9.9658	-9.9658	-9.9658	-9.9658	-9.9658	-9.9658	-9.9658	-9.9658	-9.9658	-9.9658	-9.9658	-9.9658	-9.9658	-9.9658	-9.9658	-9.9658	-1.7809	-9.9658	-0.6416	-0.7108	-9.9658	-2.9324	-9.9658	-9.9658	-9.9658	-9.9658	-9.9658	-9.9658	-9.9658	-9.9658	-9.9658	-9.9658	-1.9942	-9.9658	-9.9658	-9.9658	-4.035	-9.9658	-9.9658	-9.9658
ENST00000512584	TDO2-207	-3.0469	-2.6349	-9.9658	-4.6082	-4.035	-5.5735	-4.2934	-9.9658	-3.1714	-9.9658	-9.9658	-6.5064	-4.6082	-3.1714	-5.5735	-3.6259	-2.8262	-2.5479	-9.9658	-9.9658	-6.5064	-5.5735	-5.0116	-9.9658	-9.9658	-2.7274	-5.0116	-9.9658	-9.9658	-2.7274	-5.5735	-6.5064	-3.3076	-9.9658	-5.0116	-9.9658	-4.035	-3.816	-5.5735	-5.0116	-6.5064	-4.6082	-2.6349	-4.6082	-3.0469	-6.5064	-4.6082	-9.9658	-2.7274	-2.8262	-4.2934	-5.5735	-4.2934	-4.2934	-6.5064	-3.1714	-4.2934	-3.816	-5.5735	-5.5735	-9.9658	-4.2934	-5.5735	-2.8262	-6.5064	-9.9658	-9.9658	-5.0116	-9.9658	-4.6082	-4.6082	-9.9658	-9.9658	-4.6082	-5.5735	-3.3076	-4.6082	-6.5064	-4.035	-4.2934	-6.5064	-6.5064	-9.9658	-9.9658	-5.0116	-9.9658	-3.0469	-5.0116	-9.9658	-3.3076	-9.9658	-5.5735	-5.5735	-4.2934	-5.0116	-9.9658	-5.5735	-3.1714	-4.035	-3.458	-6.5064	-9.9658	-9.9658	-9.9658	-5.0116	-6.5064	-6.5064	-6.5064	-5.0116	-3.458	-5.0116	-4.2934	-6.5064	-4.2934	-5.5735	-9.9658	-3.458	-5.0116	-4.2934	-9.9658	-9.9658	-4.2934	-6.5064	-3.458	-9.9658	-3.1714	-2.5479	-5.5735	-6.5064	-2.114	-9.9658	-2.5479	-3.6259	-4.2934	-5.0116	-9.9658	-4.6082	-5.0116	-2.9324	-3.6259	-5.5735	-5.0116	-3.458	-6.5064	-6.5064	-4.035	-5.5735	-5.5735	-4.6082	-3.458	-5.0116	-9.9658	-6.5064	-5.5735	-4.2934	-4.2934	-5.0116	-5.5735	-5.0116	-9.9658	-5.5735	-4.2934	-5.5735	-4.2934	-6.5064	-3.458	-9.9658	-4.2934	-2.7274	-9.9658	-9.9658	-5.5735	-4.6082	-4.035	-5.0116	-9.9658	-4.035	-6.5064	-9.9658	-5.0116	-4.035	-9.9658	-4.035
ENST00000536354	TDO2-208	3.245	3.8269	-1.8836	1.4441	2.7636	0.0158	1.0079	1.3791	2.2268	0.2881	1.9968	0.1257	3.245	2.5731	1.2636	2.299	1.8078	3.8177	-0.4521	0.9862	-2.0529	0.4865	2.0218	0.1903	-9.9658	1.9675	3.0654	-3.816	-2.7274	4.2289	0.8568	-0.3201	1.5415	2.3508	2.6371	-1.4305	3.0074	3.1733	3.1327	2.8402	0.8883	2.945	1.7273	2.5313	4.4509	1.4859	1.4859	2.2452	2.9167	3.6405	2.167	0.4447	2.0254	1.8444	0.0854	3.208	1.7273	2.8341	2.4571	2.1509	0.1519	1.3846	0.605	3.1908	0.9642	0.6608	-0.5125	2.2175	-5.0116	2.4412	2.826	3.2251	-3.3076	2.0742	0.6608	2.2931	1.2394	0.605	0.6332	3.1079	-1.5951	0.03	-0.4921	0.8164	1.4547	-0.2498	3.0411	-0.4719	1.2271	1.683	0.1124	0.3685	0.3685	2.1147	1.4335	1.934	2.3479	4.4108	3.3307	0.4125	1.5465	-5.5735	0.6608	-1.1488	3.6312	0.9115	-0.1665	-0.5973	0.7832	2.1894	1.177	1.6512	1.642	2.9013	2.9262	0.5859	1.8201	0.2881	2.2513	0.1776	-4.6082	1.3567	0.1124	3.5584	1.4547	3.0376	4.8213	-0.2498	-0.1828	2.971	-0.4921	2.8117	1.3791	2.9618	3.1261	-1.4305	-0.5332	1.1897	2.1247	1.884	2.2753	1.8762	1.7141	2.59	1.3735	1.8722	0.5666	0.2522	2.1734	2.6715	1.8078	0.8568	1.3051	1.5366	2.5536	3.034	-0.2159	1.3051	2.6278	0.4552	1.683	1.5064	-0.0277	2.0325	2.3164	1.6374	-1.3548	0.605	2.5561	1.1117	0.24	-0.5973	2.2019	3.3177	1.8524	-3.458	2.5036	0.9935	2.328	0.4016	2.0395	-0.5756	1.6785
ENST00000221930	TGFB1-201	6.2188	4.9695	4.656	5.2817	5.393	5.8112	4.5669	4.6606	4.6224	4.1939	4.0567	4.178	4.8197	5.5543	5.4516	5.3284	5.9575	5.9531	5.6843	4.9336	4.3024	4.837	5.8133	5.4053	3.0199	5.2453	5.0955	2.8974	4.1252	5.3712	6.3098	5.879	5.0786	5.5457	5.5113	4.588	6.152	5.4797	5.0321	5.447	5.4111	5.4829	5.302	5.8079	7.0311	5.2304	4.6999	4.7523	5.1839	6.2873	5.4463	5.4111	5.837	5.5211	3.6184	4.1044	5.7629	5.427	6.25	5.3205	5.5056	6.3031	3.2297	5.5091	4.6148	4.8837	5.3277	3.5669	1.1706	5.6189	5.957	5.6648	2.9488	5.7407	5.8829	5.6271	5.1922	5.658	5.1277	5.8535	4.7225	3.1311	5.0726	4.6977	5.0566	5.7277	5.8602	3.5436	5.0922	6.3254	5.1314	5.3274	5.6582	5.2574	4.5217	5.7115	5.2843	6.1781	6.1829	5.4996	3.8401	1.6649	5.9819	4.5079	5.166	3.5547	5.7269	4.4317	5.0764	5.4634	4.5072	5.1314	5.0588	5.9045	4.8007	4.8012	5.0184	5.9572	3.8905	5.4595	2.7095	5.1823	4.506	5.3523	3.6532	5.7477	5.8187	4.7804	5.2601	4.8788	5.9732	5.2013	4.6101	5.9006	6.1102	4.5583	4.3674	5.1575	5.7195	4.6662	4.7804	5.8605	5.9096	5.1044	4.7677	5.0095	5.4002	3.8391	5.1027	5.9155	5.6727	3.7193	5.5644	5.5708	6.0186	5.6142	3.7699	5.1115	5.62	4.9241	5.7391	5.3903	5.4516	5.7057	5.442	6.3623	5.6574	4.3162	6.1291	4.6759	4.235	5.1433	5.3335	5.4499	5.5491	2.1862	3.6148	5.243	5.3187	5.1404	5.8699	3.6312	4.905
ENST00000597453	TGFB1-202	1.9527	1.2394	-0.2328	0.6608	-0.5125	1.1117	-0.2498	-9.9658	1.7702	-9.9658	-1.2828	1.3846	-0.0574	-0.3383	0.1124	0.4447	1.2815	1.2992	0.346	-0.7834	-9.9658	0.3685	1.8722	1.1641	-0.3383	1.6604	0.1519	-0.7588	-9.9658	-0.9686	2.2421	1.2394	2.6895	-0.6643	1.6234	-0.8084	0.6699	-0.1665	1.5366	0.0014	0.4552	0.2154	-0.9132	1.5165	2.1013	-0.9132	-2.2447	-2.3147	2.3536	2.496	-0.0277	1.0363	0.8726	0.7146	-1.1488	-2.4659	0.6145	2.8341	-0.9406	0.605	0.5568	0.7493	-0.5125	-0.1993	-2.3884	1.8918	-0.2671	0.1903	-9.9658	-9.9658	1.5806	1.0642	-9.9658	0.537	1.3225	0.0014	-1.8314	-0.394	-0.7834	0.4967	-9.9658	-1.9942	-0.5125	-1.6394	0.3231	0.8568	1.1512	0.4125	-0.5973	1.5115	0.4865	0.8246	0.4125	1.4174	-9.9658	-9.9658	1.8323	-0.8863	3.0961	0.099	-0.4521	-9.9658	1.0079	-1.9379	2.5238	0.3796	0.8568	-0.0425	0.346	-0.3383	0.1776	1.7141	0.0854	2.3843	2.2144	0.8488	0.8164	0.2762	-9.9658	-0.5756	-9.9658	1.9073	2.5011	0.1903	-9.9658	0.9038	0.3796	-0.8863	1.0222	1.0007	-0.3383	-0.0574	-0.2671	0.7321	0.3115	-0.5543	0.8327	-9.9658	3.2959	-0.9132	1.614	-1.1488	3.3577	2.609	1.412	-2.0529	0.6145	-2.1779	1.1577	1.6695	0.24	-9.9658	0.8408	1.2333	1.4335	2.0325	-0.5756	0.8327	0.24	0.5859	-0.2671	-0.1993	0.6517	2.3337	0.6517	-0.0574	1.334	0.7407	0.1648	0.058	-1.4305	1.8762	0.346	-9.9658	-0.7108	0.6145	-0.5973	-1.7809	-9.9658	0.9862	0.5069	-9.9658	-0.7346
ENST00000598758	TGFB1-203	2.3308	0.8568	1.2756	3.1637	2.0946	2.791	0.4447	2.3479	3.7291	-2.1779	0.03	1.9073	2.9562	1.0915	0.8408	-0.2328	1.2455	3.9974	2.8034	1.4859	0.9935	2.4831	3.3828	1.6785	0.6145	3.4251	0.8408	0.6699	1.0573	0.8568	1.2875	1.5266	4.6404	1.9188	2.7292	0.3685	3.2915	3.5098	3.5742	3.6042	1.4228	2.9692	2.1476	2.0218	3.6972	1.7828	0.6332	1.6374	3.1523	1.3283	3.0515	2.8936	2.7292	-0.1993	-0.0574	-0.0877	-0.3201	3.66	2.578	0.4125	4.3876	2.3953	0.7493	1.3735	1.8722	3.055	2.6828	3.47	0.4967	0.9568	1.9638	2.3106	-1.5522	2.2113	3.3591	1.3109	-0.1828	4.835	1.5661	2.0218	0.7999	0.2029	1.9034	0.8961	2.0707	2.296	1.6649	0.3796	1.7403	2.3536	2.7951	3.1876	2.167	1.9859	0.8488	4.1186	3.7804	2.6441	4.5736	1.7744	0.8408	-1.5105	1.9073	-0.8863	3.652	2.4306	1.1184	3.5098	4.0567	0.8082	1.9149	2.6019	1.3901	2.7227	3.3307	1.3956	2.3077	3.2096	-1.0559	3.2856	3.4856	4.287	3.1924	3.4596	2.3508	2.5536	0.8805	2.6255	2.1606	2.5363	0.5666	0.7664	1.5266	2.1925	3.8044	1.7229	3.0181	3.7825	3.7017	0.8726	3.2841	1.4281	3.3492	4.1852	3.7496	1.4962	3.1523	0.2522	1.7185	2.8819	0.8647	0.9568	3.5982	2.4985	2.7139	3.7496	1.9712	1.0847	1.7489	3.7094	0.7579	1.8722	2.4252	2.5996	4.0287	1.1117	2.6348	2.828	2.6918	3.4791	1.7009	2.1638	-2.1779	0.8164	2.3451	1.6875	-0.3201	2.5388	1.4652	1.3735	2.1047	1.6558	2.0465
ENST00000600196	TGFB1-204	2.3479	1.2576	-0.2159	0.3115	1.7316	1.0293	0.434	0.4233	0.3907	-0.0725	-0.013	-0.0877	-0.4325	-0.1187	2.0912	1.5514	1.7316	2.3222	0.9789	0.9493	0.4125	0.1776	2.6371	1.1184	-1.3183	1.334	1.7316	-1.8314	1.4494	1.8363	3.2707	2.5924	1.2455	0.5568	0.24	0.1124	2.2452	1.334	1.1184	0.2522	1.614	0.9038	0.679	1.4228	3.1377	0.6332	-0.3022	0.8246	0.7664	1.9264	0.9191	0.679	0.4125	2.5061	-0.3201	-1.2828	2.4883	1.9226	1.8996	3.0876	2.7227	4.1547	-1.8314	0.0158	-9.9658	-0.6643	1.6649	0.4865	-2.1779	1.3283	2.2237	1.5758	-4.2934	1.949	1.3735	1.8119	0.9789	2.9186	0.7493	1.0711	1.4065	-9.9658	0.3685	0.2642	-0.0574	1.125	1.7273	-0.9686	1.0915	2.6067	0.6969	1.7489	1.8078	1.0711	0.4447	0.9716	0.4761	1.7786	1.4388	0.9419	-0.7834	-9.9658	2.0707	0.4865	0.2029	-1.5951	1.0779	1.674	0.2029	1.8282	0.5955	1.5216	0.2642	2.0742	-0.7588	2.328	-0.2159	2.8341	-0.6416	2.0254	-0.3022	1.9638	-0.4521	1.2992	-1.5105	1.614	2.0254	0.24	1.642	-0.3566	1.7575	2.05	2.2421	0.1257	-9.9658	-0.9686	-1.0262	0.7233	0.9115	0.517	0.3231	1.7053	2.2723	-0.8599	-0.4719	-0.7834	0.6969	-0.2159	1.4962	1.9749	1.3956	0.0158	0.8805	1.0222	2.0569	-0.0425	0.4865	0.5271	0.0718	2.1638	2.05	1.105	0.6699	1.7575	2.4439	2.6302	2.2543	1.1706	2.1957	-0.9406	-1.3183	1.0433	-9.9658	2.694	1.5612	-0.5543	-1.2481	1.5465	0.5271	1.3623	1.3846	-2.9324	1.3167
