Name	sample	TCGA-2J-AAB1-01	TCGA-2J-AAB4-01	TCGA-2J-AAB6-01	TCGA-2J-AAB8-01	TCGA-2J-AAB9-01	TCGA-2J-AABA-01	TCGA-2J-AABE-01	TCGA-2J-AABF-01	TCGA-2J-AABH-01	TCGA-2J-AABI-01	TCGA-2J-AABK-01	TCGA-2J-AABO-01	TCGA-2J-AABP-01	TCGA-2J-AABR-01	TCGA-2J-AABT-01	TCGA-2J-AABU-01	TCGA-2J-AABV-01	TCGA-2L-AAQA-01	TCGA-2L-AAQE-01	TCGA-2L-AAQI-01	TCGA-2L-AAQJ-01	TCGA-2L-AAQL-01	TCGA-2L-AAQM-01	TCGA-3A-A9I5-01	TCGA-3A-A9I7-01	TCGA-3A-A9I9-01	TCGA-3A-A9IB-01	TCGA-3A-A9IC-01	TCGA-3A-A9IH-01	TCGA-3A-A9IJ-01	TCGA-3A-A9IL-01	TCGA-3A-A9IN-01	TCGA-3A-A9IO-01	TCGA-3A-A9IR-01	TCGA-3A-A9IS-01	TCGA-3A-A9IU-01	TCGA-3A-A9IV-01	TCGA-3A-A9IX-01	TCGA-3A-A9IZ-01	TCGA-3A-A9J0-01	TCGA-3E-AAAY-01	TCGA-3E-AAAZ-01	TCGA-F2-6879-01	TCGA-F2-6880-01	TCGA-F2-7273-01	TCGA-F2-7276-01	TCGA-F2-A44G-01	TCGA-F2-A44H-01	TCGA-F2-A7TX-01	TCGA-F2-A8YN-01	TCGA-FB-A4P5-01	TCGA-FB-A4P6-01	TCGA-FB-A545-01	TCGA-FB-A5VM-01	TCGA-FB-A78T-01	TCGA-FB-A7DR-01	TCGA-FB-AAPP-01	TCGA-FB-AAPQ-01	TCGA-FB-AAPS-01	TCGA-FB-AAPU-01	TCGA-FB-AAPY-01	TCGA-FB-AAPZ-01	TCGA-FB-AAQ0-01	TCGA-FB-AAQ1-01	TCGA-FB-AAQ2-01	TCGA-FB-AAQ3-01	TCGA-FB-AAQ6-01	TCGA-H6-8124-01	TCGA-H6-8124-11	TCGA-H6-A45N-01	TCGA-H6-A45N-11	TCGA-H8-A6C1-01	TCGA-HV-A5A3-01	TCGA-HV-A5A3-11	TCGA-HV-A5A4-01	TCGA-HV-A5A5-01	TCGA-HV-A5A6-01	TCGA-HV-A7OL-01	TCGA-HV-A7OP-01	TCGA-HV-AA8V-01	TCGA-HV-AA8X-01	TCGA-HZ-7289-01	TCGA-HZ-7918-01	TCGA-HZ-7919-01	TCGA-HZ-7920-01	TCGA-HZ-7922-01	TCGA-HZ-7923-01	TCGA-HZ-7924-01	TCGA-HZ-7925-01	TCGA-HZ-7926-01	TCGA-HZ-8001-01	TCGA-HZ-8002-01	TCGA-HZ-8003-01	TCGA-HZ-8005-01	TCGA-HZ-8315-01	TCGA-HZ-8317-01	TCGA-HZ-8519-01	TCGA-HZ-8636-01	TCGA-HZ-8637-01	TCGA-HZ-8638-01	TCGA-HZ-A49G-01	TCGA-HZ-A49H-01	TCGA-HZ-A49I-01	TCGA-HZ-A4BH-01	TCGA-HZ-A4BK-01	TCGA-HZ-A77O-01	TCGA-HZ-A77P-01	TCGA-HZ-A77Q-01	TCGA-HZ-A8P0-01	TCGA-HZ-A8P1-01	TCGA-HZ-A9TJ-01	TCGA-HZ-A9TJ-06	TCGA-IB-7644-01	TCGA-IB-7645-01	TCGA-IB-7646-01	TCGA-IB-7647-01	TCGA-IB-7649-01	TCGA-IB-7651-01	TCGA-IB-7652-01	TCGA-IB-7654-01	TCGA-IB-7885-01	TCGA-IB-7886-01	TCGA-IB-7887-01	TCGA-IB-7888-01	TCGA-IB-7889-01	TCGA-IB-7890-01	TCGA-IB-7891-01	TCGA-IB-7893-01	TCGA-IB-7897-01	TCGA-IB-8126-01	TCGA-IB-8127-01	TCGA-IB-A5SO-01	TCGA-IB-A5SP-01	TCGA-IB-A5SQ-01	TCGA-IB-A5SS-01	TCGA-IB-A5ST-01	TCGA-IB-A6UF-01	TCGA-IB-A6UG-01	TCGA-IB-A7LX-01	TCGA-IB-A7M4-01	TCGA-IB-AAUM-01	TCGA-IB-AAUN-01	TCGA-IB-AAUO-01	TCGA-IB-AAUP-01	TCGA-IB-AAUQ-01	TCGA-IB-AAUR-01	TCGA-IB-AAUS-01	TCGA-IB-AAUT-01	TCGA-IB-AAUU-01	TCGA-IB-AAUV-01	TCGA-IB-AAUW-01	TCGA-L1-A7W4-01	TCGA-LB-A7SX-01	TCGA-LB-A8F3-01	TCGA-LB-A9Q5-01	TCGA-M8-A5N4-01	TCGA-OE-A75W-01	TCGA-PZ-A5RE-01	TCGA-Q3-A5QY-01	TCGA-Q3-AA2A-01	TCGA-RB-A7B8-01	TCGA-RB-AA9M-01	TCGA-RL-AAAS-01	TCGA-S4-A8RM-01	TCGA-S4-A8RO-01	TCGA-S4-A8RP-01	TCGA-US-A774-01	TCGA-US-A776-01	TCGA-US-A779-01	TCGA-US-A77E-01	TCGA-US-A77G-01	TCGA-US-A77J-01	TCGA-XD-AAUG-01	TCGA-XD-AAUH-01	TCGA-XD-AAUI-01	TCGA-XD-AAUL-01	TCGA-XN-A8T3-01	TCGA-XN-A8T5-01	TCGA-YB-A89D-01	TCGA-YB-A89D-11	TCGA-YH-A8SY-01	TCGA-YY-A8LH-01	TCGA-Z5-AAPL-01
ARG1-201	ENST00000275196.5	-9.9658	-9.9658	-9.9658	-9.9658	-9.9658	-9.9658	-3.816	-2.2447	-6.5064	-9.9658	-9.9658	-2.6349	-9.9658	-3.6259	-9.9658	-9.9658	-9.9658	-6.5064	-9.9658	-3.0469	-4.2934	-9.9658	-9.9658	-9.9658	-9.9658	-9.9658	-9.9658	-9.9658	-9.9658	-9.9658	-9.9658	-1.5951	-9.9658	-9.9658	-2.3147	-9.9658	-9.9658	-9.9658	-9.9658	-9.9658	-5.0116	-3.1714	-9.9658	-9.9658	-3.458	-2.9324	-9.9658	-9.9658	-9.9658	-9.9658	-9.9658	-9.9658	-9.9658	-9.9658	-9.9658	-9.9658	-9.9658	-9.9658	-9.9658	-9.9658	-9.9658	-9.9658	-9.9658	-9.9658	-4.2934	-9.9658	-9.9658	-9.9658	-9.9658	-2.3884	-9.9658	-9.9658	-9.9658	-9.9658	-5.5735	-4.035	-9.9658	-9.9658	-5.0116	-9.9658	-9.9658	-9.9658	-4.6082	-9.9658	-9.9658	-9.9658	-9.9658	-9.9658	-9.9658	-9.9658	-9.9658	-9.9658	-9.9658	-9.9658	-4.6082	-9.9658	-9.9658	-6.5064	-6.5064	-6.5064	-9.9658	-9.9658	-3.816	-9.9658	-3.1714	-9.9658	-9.9658	-9.9658	-9.9658	-9.9658	-9.9658	-9.9658	-9.9658	-3.816	-9.9658	-4.035	-9.9658	-9.9658	-9.9658	-5.0116	-9.9658	-4.6082	-9.9658	-9.9658	-9.9658	-9.9658	-9.9658	-9.9658	-9.9658	-3.3076	-9.9658	-9.9658	-9.9658	-9.9658	-5.5735	-4.6082	-9.9658	-4.6082	-9.9658	-9.9658	-9.9658	-9.9658	-9.9658	-9.9658	-9.9658	-9.9658	-9.9658	-4.2934	-9.9658	-4.035	-9.9658	-9.9658	-4.2934	-9.9658	-9.9658	-4.2934	-4.035	-3.458	-9.9658	-9.9658	-6.5064	-4.2934	-9.9658	-9.9658	-9.9658	-9.9658	-9.9658	-9.9658	-9.9658	-9.9658	-9.9658	-9.9658	-9.9658	-9.9658	-9.9658	-9.9658	-9.9658	-9.9658	-9.9658	-9.9658	-9.9658	-9.9658	-9.9658
ARG1-202	ENST00000356962.2	-9.9658	-9.9658	-9.9658	-9.9658	-4.6082	-2.4659	-9.9658	-9.9658	-5.0116	-9.9658	-5.0116	-9.9658	-9.9658	-9.9658	-4.035	-4.2934	-9.9658	-5.0116	-0.7588	-4.6082	-9.9658	-5.5735	-9.9658	-3.816	-9.9658	-3.816	-9.9658	-5.5735	-4.2934	-5.5735	-9.9658	0.4233	-5.5735	-9.9658	-3.458	-4.6082	-0.1031	-9.9658	-3.3076	-9.9658	-5.0116	-9.9658	-9.9658	-9.9658	-2.9324	-9.9658	-5.5735	-5.0116	-9.9658	-5.5735	-2.5479	-9.9658	-9.9658	-5.5735	-9.9658	-4.6082	-9.9658	-9.9658	-3.6259	-9.9658	-5.0116	-3.0469	-4.6082	-3.816	-2.3147	-9.9658	-3.816	-9.9658	-9.9658	-9.9658	-9.9658	-1.5951	-9.9658	-9.9658	-4.6082	-9.9658	-9.9658	-9.9658	-9.9658	-9.9658	-5.5735	-9.9658	-9.9658	-9.9658	-9.9658	-9.9658	-4.6082	-9.9658	-5.0116	-6.5064	-3.458	-2.1779	-3.3076	-5.5735	-9.9658	-9.9658	-9.9658	-3.458	-9.9658	-3.458	-9.9658	-0.9132	-9.9658	-3.3076	-9.9658	-9.9658	-9.9658	-9.9658	-3.0469	-9.9658	-5.5735	-4.2934	-9.9658	-9.9658	-4.2934	-9.9658	-9.9658	-9.9658	-5.0116	-9.9658	-4.035	-9.9658	-9.9658	-9.9658	-4.6082	-5.0116	-9.9658	-9.9658	-2.7274	-9.9658	-9.9658	-9.9658	-9.9658	-9.9658	-2.5479	-9.9658	-9.9658	-9.9658	-5.5735	-9.9658	-9.9658	-9.9658	-3.3076	-4.6082	-2.7274	-9.9658	-2.4659	-3.6259	-9.9658	-0.7834	-2.2447	-4.035	-9.9658	-2.3147	-5.0116	-9.9658	-3.6259	-9.9658	-2.9324	-4.2934	-4.6082	-9.9658	-4.2934	-9.9658	-5.5735	-3.3076	-9.9658	-9.9658	-9.9658	-4.6082	-3.3076	-9.9658	-9.9658	-2.7274	-2.3147	-3.458	-3.458	-9.9658	-3.458	-5.5735	-9.9658	-9.9658	-9.9658
ARG1-203	ENST00000368087.7	-9.9658	-9.9658	-9.9658	-9.9658	-9.9658	-9.9658	-9.9658	-3.6259	-9.9658	-9.9658	-9.9658	-9.9658	-9.9658	-1.9379	-9.9658	-9.9658	-9.9658	-9.9658	-9.9658	-9.9658	-9.9658	-9.9658	0.058	-9.9658	-5.5735	-9.9658	-2.4659	-9.9658	-9.9658	-1.2481	-0.394	5.6494	-9.9658	-3.816	-9.9658	-9.9658	0.8726	-9.9658	-9.9658	-9.9658	-9.9658	-9.9658	-3.6259	-9.9658	-9.9658	-1.9942	-9.9658	-9.9658	-9.9658	-9.9658	-9.9658	-2.5479	-9.9658	-9.9658	-3.1714	-9.9658	-9.9658	-9.9658	-9.9658	-9.9658	-9.9658	-9.9658	-9.9658	-9.9658	-9.9658	-9.9658	-9.9658	-9.9658	-3.816	-9.9658	-1.8314	-9.9658	-9.9658	-9.9658	-9.9658	-9.9658	-9.9658	-9.9658	-9.9658	-9.9658	-9.9658	-9.9658	-9.9658	-9.9658	-1.0559	-9.9658	-9.9658	-2.8262	-9.9658	-9.9658	-9.9658	-9.9658	-9.9658	-9.9658	-9.9658	-3.458	-4.035	-9.9658	-2.2447	-9.9658	-3.6259	-9.9658	-9.9658	-9.9658	-9.9658	-9.9658	-9.9658	-3.3076	-9.9658	-9.9658	-9.9658	-9.9658	-9.9658	-2.114	-9.9658	-3.3076	-9.9658	-4.2934	-5.0116	-9.9658	-9.9658	-9.9658	-3.1714	-0.7346	-9.9658	-9.9658	-4.2934	-9.9658	-1.7809	-4.2934	-4.6082	-3.816	-9.9658	-1.2142	-9.9658	-2.8262	-9.9658	-9.9658	-9.9658	-3.458	-4.2934	-4.035	-9.9658	-9.9658	-9.9658	-1.9379	-9.9658	-9.9658	-3.458	-9.9658	-9.9658	-9.9658	-4.6082	-9.9658	-9.9658	-2.7274	-9.9658	-3.816	-1.6394	-9.9658	-9.9658	-9.9658	-9.9658	-9.9658	-9.9658	-9.9658	-1.4305	-1.8836	-9.9658	-9.9658	-9.9658	-2.1779	-1.2481	-9.9658	-9.9658	-9.9658	-9.9658	-2.7274	-9.9658	-9.9658	-4.6082	-9.9658	-1.1488
ARG1-204	ENST00000469293.1	-9.9658	-9.9658	-9.9658	-9.9658	-9.9658	-2.114	-9.9658	-9.9658	-9.9658	-9.9658	-9.9658	-9.9658	-9.9658	-9.9658	-9.9658	-9.9658	-9.9658	-9.9658	-9.9658	-9.9658	-9.9658	-9.9658	-9.9658	-9.9658	-9.9658	-9.9658	-6.5064	-9.9658	-9.9658	-9.9658	-2.2447	0.2154	-4.035	-9.9658	-9.9658	-9.9658	-9.9658	-9.9658	-9.9658	-9.9658	-9.9658	-9.9658	-9.9658	-9.9658	-9.9658	-9.9658	-9.9658	-9.9658	-9.9658	-9.9658	-9.9658	-9.9658	-9.9658	-9.9658	-9.9658	-9.9658	-9.9658	-9.9658	-9.9658	-9.9658	-9.9658	-9.9658	-9.9658	-9.9658	-9.9658	-9.9658	-9.9658	-9.9658	-9.9658	-9.9658	-9.9658	-9.9658	-9.9658	-9.9658	-9.9658	-9.9658	-9.9658	-9.9658	-9.9658	-9.9658	-9.9658	-9.9658	-9.9658	-9.9658	-9.9658	-9.9658	-2.9324	-9.9658	-9.9658	-9.9658	-9.9658	-9.9658	-4.2934	-9.9658	-3.816	-9.9658	-9.9658	-9.9658	-9.9658	-9.9658	-9.9658	-9.9658	-9.9658	-9.9658	-9.9658	-9.9658	-9.9658	-9.9658	-9.9658	-9.9658	-9.9658	-9.9658	-9.9658	-9.9658	-9.9658	-9.9658	-9.9658	-9.9658	-9.9658	-9.9658	-9.9658	-9.9658	-9.9658	-9.9658	-9.9658	-9.9658	-9.9658	-9.9658	-9.9658	-3.6259	-9.9658	-9.9658	-9.9658	-9.9658	-9.9658	-9.9658	-3.6259	-9.9658	-9.9658	-9.9658	-9.9658	-9.9658	-9.9658	-9.9658	-9.9658	-9.9658	-9.9658	-9.9658	-9.9658	-9.9658	-9.9658	-9.9658	-9.9658	-6.5064	-9.9658	-9.9658	-9.9658	-9.9658	-9.9658	-9.9658	-9.9658	-9.9658	-9.9658	-9.9658	-9.9658	-9.9658	-3.3076	-9.9658	-9.9658	-9.9658	-9.9658	-9.9658	-9.9658	-9.9658	-9.9658	-9.9658	-9.9658	-9.9658	-9.9658	-9.9658	-9.9658	-9.9658	-9.9658
ARG1-205	ENST00000484820.1	-9.9658	-9.9658	-9.9658	-9.9658	-9.9658	-9.9658	-9.9658	-9.9658	-9.9658	-9.9658	-9.9658	-9.9658	-9.9658	-9.9658	-9.9658	-9.9658	-9.9658	-9.9658	-9.9658	-9.9658	-9.9658	-9.9658	-9.9658	-9.9658	-9.9658	-9.9658	-9.9658	-9.9658	-9.9658	-9.9658	-9.9658	-9.9658	-9.9658	-3.3076	-9.9658	-9.9658	-9.9658	-2.6349	-9.9658	-3.1714	-9.9658	-9.9658	-9.9658	-4.035	-9.9658	-9.9658	-9.9658	-9.9658	-9.9658	-9.9658	-9.9658	-9.9658	-9.9658	-9.9658	-4.035	-9.9658	-2.7274	-2.4659	-9.9658	-9.9658	-9.9658	-9.9658	-9.9658	-9.9658	-9.9658	-9.9658	-9.9658	-9.9658	-9.9658	-9.9658	-9.9658	-9.9658	-9.9658	-9.9658	-9.9658	-9.9658	-9.9658	-9.9658	-9.9658	-9.9658	-9.9658	-9.9658	-3.6259	-9.9658	-2.6349	-9.9658	-9.9658	-9.9658	-9.9658	-9.9658	-9.9658	-9.9658	-9.9658	-9.9658	-9.9658	-9.9658	-4.035	-3.458	-9.9658	-3.6259	-2.7274	-9.9658	-9.9658	-9.9658	-6.5064	-9.9658	-9.9658	-2.7274	-9.9658	-9.9658	-9.9658	-9.9658	-9.9658	-9.9658	-9.9658	-9.9658	-9.9658	-9.9658	-9.9658	-9.9658	-9.9658	-9.9658	-9.9658	-9.9658	-9.9658	-9.9658	-3.6259	-9.9658	-9.9658	-9.9658	-9.9658	-9.9658	-9.9658	-9.9658	-9.9658	-4.2934	-9.9658	-3.6259	-9.9658	-3.3076	-9.9658	-9.9658	-9.9658	-9.9658	-9.9658	-9.9658	-9.9658	-9.9658	-9.9658	-9.9658	-9.9658	-9.9658	-4.2934	-9.9658	-9.9658	-9.9658	-9.9658	-5.5735	-9.9658	-9.9658	-9.9658	-9.9658	-9.9658	-9.9658	-9.9658	-2.8262	-9.9658	-9.9658	-9.9658	-2.2447	-9.9658	-9.9658	-9.9658	-2.114	-9.9658	-9.9658	-9.9658	-9.9658	-9.9658	-9.9658	-9.9658	-9.9658	-2.8262
ARG1-206	ENST00000498260.1	-9.9658	-9.9658	-3.1714	-9.9658	-9.9658	-9.9658	-9.9658	-9.9658	-9.9658	-9.9658	-9.9658	-9.9658	-9.9658	-9.9658	-9.9658	-9.9658	-9.9658	-9.9658	-9.9658	-9.9658	-9.9658	-9.9658	-9.9658	-9.9658	-9.9658	-9.9658	-9.9658	-9.9658	-9.9658	-9.9658	-3.0469	2.1541	-4.2934	-9.9658	-9.9658	-9.9658	-3.458	-9.9658	-9.9658	-9.9658	-9.9658	-9.9658	-9.9658	-9.9658	-9.9658	-4.6082	-9.9658	-9.9658	-9.9658	-9.9658	-9.9658	-3.458	-9.9658	-9.9658	-9.9658	-9.9658	-9.9658	-9.9658	-4.035	-9.9658	-4.6082	-9.9658	-9.9658	-9.9658	-9.9658	-9.9658	-9.9658	-9.9658	-9.9658	-9.9658	-9.9658	-9.9658	-9.9658	-4.035	-9.9658	-9.9658	-9.9658	-9.9658	-9.9658	-9.9658	-9.9658	-9.9658	-9.9658	-9.9658	-9.9658	-9.9658	-9.9658	-9.9658	-9.9658	-9.9658	-5.0116	-1.685	-9.9658	-9.9658	-9.9658	-9.9658	-2.9324	-9.9658	-4.2934	-9.9658	-9.9658	-9.9658	-9.9658	-9.9658	-9.9658	-9.9658	-9.9658	-9.9658	-9.9658	-2.6349	-9.9658	-9.9658	-9.9658	-9.9658	-9.9658	-4.6082	-9.9658	-9.9658	-9.9658	-9.9658	-5.0116	-4.6082	-4.2934	-9.9658	-9.9658	-9.9658	-9.9658	-9.9658	-3.816	-9.9658	-9.9658	-9.9658	-9.9658	-9.9658	-9.9658	-9.9658	-9.9658	-9.9658	-9.9658	-9.9658	-9.9658	-9.9658	-9.9658	-4.6082	-9.9658	-3.3076	-9.9658	-9.9658	-9.9658	-4.2934	-9.9658	-4.2934	-9.9658	-9.9658	-3.6259	-9.9658	-9.9658	-9.9658	-9.9658	-4.035	-9.9658	-4.2934	-9.9658	-9.9658	-9.9658	-9.9658	-9.9658	-9.9658	-9.9658	-9.9658	-9.9658	-9.9658	-9.9658	-9.9658	-9.9658	-9.9658	-3.816	-9.9658	-9.9658	-9.9658	-9.9658	-4.6082	-9.9658
ARG2-201	ENST00000261783.3	-0.1031	1.8879	2.4386	0.1124	1.196	0.0718	-0.2845	1.9264	1.8996	1.7702	1.105	1.2085	3.453	2.3732	2.4144	1.6045	-0.1993	0.9493	0.3685	0.9343	0.7579	0.9493	3.6417	2.0707	0.7832	0.2029	1.2756	2.0218	1.0711	5.5289	3.2572	3.4945	5.5778	2.2513	6.0847	0.3115	5.6818	0.6517	3.4048	1.5316	0.6425	1.6374	0.4447	-0.5332	1.9377	2.1541	1.766	0.9191	0.5069	2.4117	0.8246	1.2516	0.9568	2.5972	0.8726	1.8119	0.4967	1.7403	0.7493	0.1257	1.0007	1.6604	1.1641	0.8805	1.3225	0.3573	1.1117	2.9148	1.7489	2.1213	-2.7274	-0.0725	1.412	1.5465	1.4704	1.2271	1.816	0.03	-2.9324	1.1512	1.4652	1.5902	1.0915	1.2875	3.3192	1.5115	2.5948	1.8604	0.7146	3.9737	2.296	1.7403	1.1897	1.8918	0.1388	2.0604	3.7593	1.7954	1.6558	1.7009	-0.1031	2.0535	0.5069	1.7009	0.9191	0.5271	1.6558	2.4359	1.2516	0.0718	3.3979	1.2875	0.4233	0.8164	2.4544	2.5585	0.5666	1.8524	0.9935	1.9895	0.3796	2.05	0.8805	1.4065	0.4865	2.0254	1.0642	1.7617	3.7539	0.1776	1.2455	0.8488	1.9786	3.1892	1.7786	0.1257	0.6332	-0.1345	1.0573	2.3926	-0.3752	0.4447	0.3231	1.1382	1.614	1.1833	1.2455	1.6281	1.6327	2.2206	1.4065	0.5666	0.099	1.5998	-0.8339	0.9038	-0.2671	1.3051	0.8961	0.5955	0.5069	2.4779	1.0711	-0.2671	2.1925	0.8961	0.8488	0.4233	0.6699	0.9862	0.3346	2.6918	3.7752	4.0497	1.8119	1.7141	1.125	1.6327	1.3679	1.5661	1.5661	0.3573	-0.8863
ARG2-202	ENST00000556491.1	-9.9658	-9.9658	-9.9658	-9.9658	-9.9658	-9.9658	-9.9658	-9.9658	-9.9658	-9.9658	-9.9658	-9.9658	-9.9658	-9.9658	-9.9658	-9.9658	-9.9658	-9.9658	-9.9658	-2.6349	-9.9658	-9.9658	-9.9658	-9.9658	-4.035	-9.9658	-1.9942	-9.9658	-9.9658	-9.9658	-9.9658	-9.9658	-9.9658	-9.9658	-9.9658	-9.9658	-9.9658	-9.9658	-0.5125	-9.9658	-2.1779	-9.9658	-9.9658	-9.9658	-9.9658	-9.9658	-9.9658	-9.9658	-9.9658	-9.9658	-9.9658	-1.7322	-9.9658	-9.9658	-9.9658	-3.1714	-9.9658	-9.9658	-1.7809	-9.9658	-9.9658	-3.1714	-9.9658	-9.9658	-9.9658	-2.9324	-9.9658	-9.9658	-9.9658	-9.9658	-9.9658	-9.9658	-6.5064	-9.9658	-9.9658	-9.9658	-9.9658	-9.9658	-9.9658	-3.0469	-2.2447	-4.035	-1.4305	-2.8262	-2.3884	-9.9658	-2.5479	-2.5479	-9.9658	-9.9658	-9.9658	-9.9658	-3.816	-0.5543	-9.9658	-3.6259	-9.9658	-9.9658	-6.5064	-1.1488	-9.9658	-9.9658	-3.1714	-9.9658	-9.9658	-9.9658	-9.9658	-9.9658	-9.9658	-9.9658	-9.9658	-9.9658	-9.9658	-9.9658	-1.0862	-1.7809	-9.9658	-9.9658	-9.9658	-9.9658	-1.8314	-1.9379	-9.9658	-9.9658	-9.9658	-9.9658	-9.9658	-3.1714	-9.9658	-9.9658	-9.9658	-9.9658	-9.9658	-1.1811	-1.2481	-3.0469	-9.9658	-9.9658	-9.9658	-9.9658	-9.9658	-9.9658	-9.9658	-9.9658	-9.9658	-9.9658	-9.9658	-9.9658	-9.9658	-9.9658	-9.9658	-9.9658	-9.9658	-9.9658	-9.9658	-9.9658	-9.9658	-3.1714	-9.9658	-9.9658	-9.9658	-9.9658	-9.9658	-9.9658	-9.9658	-2.114	-9.9658	-9.9658	-9.9658	-4.6082	-2.114	-9.9658	-9.9658	-9.9658	-9.9658	-2.1779	-9.9658	-9.9658	-9.9658	-9.9658	-9.9658	-2.8262	-9.9658
ARG2-203	ENST00000557120.5	-1.685	-1.3183	-9.9658	-2.3147	-9.9658	-2.7274	-2.4659	-9.9658	-0.3201	-0.9686	-3.0469	-0.7588	-2.5479	-0.8084	-0.7346	-6.5064	-3.816	-1.5105	-4.2934	-9.9658	-2.5479	-9.9658	-9.9658	-2.6349	-1.4699	-9.9658	-3.0469	-0.8599	-0.9971	-3.816	-1.7809	-9.9658	-0.2159	-1.2142	2.1047	-9.9658	0.517	-9.9658	-9.9658	-1.4699	-0.9406	-9.9658	-2.2447	-9.9658	-1.7809	-0.8339	-2.0529	-9.9658	-9.9658	-1.6394	-1.7322	-9.9658	0.0718	-3.6259	-2.2447	-1.5951	-9.9658	-1.3921	-2.2447	-1.6394	-1.4699	-1.7322	-1.2828	-9.9658	-2.9324	-9.9658	0.2642	-1.9942	-0.8339	-0.9971	-2.3147	-9.9658	-9.9658	-9.9658	-9.9658	-1.2828	-3.0469	-4.2934	-9.9658	-9.9658	-9.9658	-9.9658	-9.9658	-2.9324	-1.9942	-0.3201	-1.2142	-9.9658	-2.2447	-0.4521	-2.3884	-1.1811	-9.9658	-9.9658	-2.1779	-0.4325	-1.0262	-1.9379	-1.3921	-1.3548	-9.9658	-0.7346	-9.9658	-9.9658	-9.9658	-9.9658	-1.2481	-2.0529	-2.7274	-2.5479	-0.7346	-1.3183	-6.5064	-1.3921	-9.9658	-1.685	-3.1714	-1.0559	-1.5951	-9.9658	-9.9658	-4.035	-9.9658	-2.1779	-9.9658	-9.9658	-0.3383	-3.1714	0.6145	-9.9658	-9.9658	-1.5105	-9.9658	-0.8863	-0.4719	-1.4699	-2.0529	-1.8836	-9.9658	-9.9658	-9.9658	-1.3921	-9.9658	-1.6394	-9.9658	-0.9686	-1.4699	-2.4659	-2.114	-1.1488	-1.7322	-1.3183	-3.3076	-9.9658	-5.5735	-9.9658	-2.8262	-2.7274	-3.0469	-9.9658	-9.9658	-2.1779	-9.9658	-2.6349	-1.2828	-0.5125	-9.9658	-2.6349	-2.9324	-1.6394	-1.8314	-9.9658	-1.1172	0.7233	-1.9379	-1.1172	-9.9658	-2.5479	-2.5479	-9.9658	-2.6349	-1.3921	-2.9324
ARG2-204	ENST00000557319.1	-2.5479	-1.5522	-0.5332	-1.3921	-0.9686	-9.9658	-9.9658	-0.5332	-3.0469	-1.0862	-1.4305	-9.9658	-0.4131	-9.9658	-1.9379	-9.9658	-2.5479	-1.3548	-1.7322	-2.7274	-9.9658	-9.9658	0.2522	-1.5522	-1.1488	-1.7809	-9.9658	-1.1172	-1.3548	-2.6349	0.3115	-0.9406	1.8484	-2.3147	2.3564	-2.9324	-1.0262	-9.9658	-0.7108	-2.0529	-2.114	-1.3921	-1.8314	-3.1714	-1.7809	-9.9658	-9.9658	-9.9658	-2.2447	-1.1172	-9.9658	-9.9658	-1.0862	-1.6394	-2.0529	-0.8339	-1.5522	-9.9658	-1.5105	-2.2447	-1.1172	-9.9658	-0.3752	-2.9324	-2.2447	-1.0862	-9.9658	-0.5973	-9.9658	-0.3201	-1.9942	-2.2447	-9.9658	-9.9658	-2.4659	-9.9658	-9.9658	-9.9658	-4.6082	-9.9658	-2.3884	-9.9658	-9.9658	-1.0559	-9.9658	-1.5951	0.058	-2.3147	-9.9658	-0.9132	-0.9132	-9.9658	-0.9971	-9.9658	-1.5951	-2.2447	-3.3076	-2.8262	-9.9658	-1.7322	-1.685	-9.9658	-2.2447	-1.9379	-9.9658	-9.9658	-1.0862	-9.9658	-9.9658	-1.6394	-2.3884	-0.4921	-0.7588	-1.8836	-9.9658	-0.6643	-3.3076	-1.7809	-1.6394	-3.458	-9.9658	-3.1714	-2.8262	-1.7322	-9.9658	-9.9658	-3.0469	-2.8262	0.4233	-2.3884	-2.0529	-1.8836	-9.9658	0.03	-9.9658	-1.2142	-2.5479	-2.4659	-2.6349	-9.9658	-9.9658	-1.5951	-2.4659	-2.5479	-1.3183	-0.8084	-1.6394	-9.9658	-1.5105	-9.9658	-0.7108	-9.9658	-9.9658	-9.9658	-2.5479	-9.9658	-2.8262	-2.3147	-9.9658	-2.8262	-9.9658	-2.4659	-9.9658	-2.9324	-9.9658	-1.7322	-1.8314	-0.6416	-2.8262	-2.114	-9.9658	-0.5332	0.3796	0.7407	-2.6349	-2.3884	-9.9658	-2.2447	-9.9658	-1.0862	-1.685	-0.9406	-0.8863
BIRC7-201	ENST00000217169.7	-1.8836	3.0637	5.8001	1.4174	0.4447	-9.9658	0.1124	0.6145	2.9032	-0.6873	0.1388	2.6693	1.2023	-0.5756	1.9968	0.4967	-1.6394	2.4727	-0.5543	-0.9406	-0.1031	1.1512	-9.9658	-2.0529	-0.1993	5.8682	-0.7834	1.2209	-0.6643	-9.9658	-1.8314	-1.0262	-9.9658	-9.9658	-9.9658	-0.4131	-9.9658	-1.2828	-0.9686	2.2482	1.0983	0.4761	-3.1714	-9.9658	-2.0529	-0.3752	2.1606	0.0014	-0.1993	-0.7108	0.5859	-0.6873	1.3846	-0.3752	2.8381	-0.4325	-9.9658	-1.5951	1.6093	-1.2828	1.0079	1.5316	2.3423	0.24	1.3791	-0.6193	-0.4719	1.1117	1.9564	1.5316	-9.9658	1.5612	0.3573	0.3796	2.8402	-0.9686	-0.7834	3.3535	-2.6349	1.3167	1.177	-9.9658	-1.7322	-0.0277	-9.9658	0.7999	-0.6416	-9.9658	-0.9971	-9.9658	-0.6416	-0.2159	-0.3383	0.9493	-0.1345	-9.9658	-0.5756	1.3109	-1.4305	-9.9658	1.1184	-1.6394	2.0946	2.118	1.1316	0.8488	0.1776	0.8082	-1.0262	0.3573	1.0711	1.642	-1.9942	1.0711	-9.9658	-1.7809	-1.3548	-0.1993	0.4761	-2.114	-0.3752	-0.9406	0.2762	-1.6394	-0.2671	2.3732	-1.3548	2.4198	-9.9658	-2.0529	1.6093	-0.0725	-0.1828	-0.2498	-1.1488	-0.1187	2.8381	0.9716	2.2051	-0.5543	-2.6349	-1.2828	3.0428	0.2642	3.958	-1.1172	2.9488	1.7097	1.8201	1.6327	-1.7322	-2.3147	0.0718	-1.3921	-2.2447	2.4883	2.1988	2.0395	2.4934	1.5806	0.6425	-0.2159	-1.1172	0.5271	1.3051	1.7786	1.7489	-9.9658	1.5806	0.2998	2.3423	-0.5543	-1.0559	-0.3752	4.7893	0.0718	3.838	-3.816	0.3685	0.8327	0.1257	1.692	-1.2481
BIRC7-202	ENST00000342412.10	0.0158	1.7403	3.242	-9.9658	-0.7346	-0.3752	-0.1345	1.46	2.183	-9.9658	-0.0425	1.9527	-0.1187	-1.2142	1.125	0.1124	-4.2934	2.3788	-0.8599	-3.0469	-1.1488	0.5955	-5.5735	-1.6394	0.2029	5.3147	-0.1187	0.0158	-1.2481	-3.816	-9.9658	-9.9658	-5.5735	-9.9658	-9.9658	-1.2828	-3.1714	-2.2447	-2.6349	0.6517	1.0779	-0.5756	-9.9658	-9.9658	-9.9658	-3.3076	0.547	-0.1665	-4.6082	-1.0559	-0.2328	-1.3921	0.2277	-2.8262	2.0776	-4.035	-5.0116	-0.5973	-9.9658	-1.5522	0.537	-9.9658	1.9377	-1.1172	0.8647	-1.9942	0.5069	-1.5522	0.2762	-2.9324	-2.3884	0.2029	0.3573	-1.6394	3.0127	-0.3752	-0.0425	1.6281	-9.9658	-1.7809	-0.9132	-5.5735	-0.7834	-0.3383	-3.0469	-1.2828	-0.7108	-6.5064	-0.9132	-2.0529	-9.9658	-2.7274	-1.9379	-1.5105	-1.1172	-2.2447	-1.5522	0.7916	-1.4305	-5.0116	0.0854	-2.8262	-0.1828	0.8327	-1.2481	-0.4131	-9.9658	-2.1779	-3.0469	-9.9658	0.5763	-0.6873	-1.1811	0.3573	-2.6349	-1.1488	-9.9658	0.0158	0.7233	-2.5479	-0.2159	-1.1811	-0.5332	-9.9658	-9.9658	1.1184	-1.2142	1.0573	-0.6873	-9.9658	1.6374	-9.9658	-1.4305	-0.013	-0.0425	-4.2934	1.7995	0.1776	1.7009	-0.4521	-0.9971	0.24	2.1606	-0.9132	2.9469	-1.0559	2.578	-1.1172	0.1519	1.1706	-5.5735	-9.9658	-0.9971	-1.9942	-2.0529	1.2875	0.7916	0.537	1.3051	0.6969	-0.6873	-3.458	-1.8836	-1.4699	-1.0262	0.2642	1.1316	-5.5735	-0.3752	-0.1993	1.2815	-1.8836	-9.9658	-1.9379	3.1344	-0.8339	2.9525	-3.1714	-9.9658	-0.7588	0.7058	0.6239	-1.7809
BIRC7-203	ENST00000395306.1	-9.9658	0.679	2.4985	-0.0725	-1.4305	-9.9658	-9.9658	-9.9658	0.6608	-3.6259	-1.4699	-0.3201	-2.0529	-9.9658	-2.4659	-9.9658	-3.816	-1.6394	-2.4659	-3.816	-3.3076	-1.7809	-9.9658	-9.9658	-9.9658	2.0979	-9.9658	-9.9658	-9.9658	-9.9658	-9.9658	-9.9658	-9.9658	-9.9658	-9.9658	-9.9658	-9.9658	-3.458	-9.9658	0.6969	-9.9658	-1.7809	-9.9658	-9.9658	-9.9658	-9.9658	0.058	-9.9658	-9.9658	-9.9658	-9.9658	-2.2447	-9.9658	-3.0469	0.8805	-3.0469	-9.9658	-1.8836	-1.9379	-2.3147	-1.8314	-3.0469	-0.1504	-9.9658	1.5165	-1.3921	-9.9658	-1.7322	-2.7274	-9.9658	-9.9658	-2.5479	-9.9658	-2.8262	0.5568	-9.9658	-2.8262	0.2029	-1.8836	-9.9658	-9.9658	-9.9658	-9.9658	-3.458	-9.9658	-3.1714	-9.9658	-9.9658	-9.9658	-9.9658	-9.9658	-1.4699	-3.6259	-9.9658	-2.3884	-9.9658	-9.9658	-2.114	-9.9658	-9.9658	-9.9658	-9.9658	-1.3548	-1.0262	-1.0559	-0.5125	-9.9658	-9.9658	-9.9658	-0.6416	-2.6349	-0.8084	-9.9658	-3.1714	-9.9658	-9.9658	-9.9658	-9.9658	-9.9658	-2.3147	-2.9324	-9.9658	-9.9658	-9.9658	-3.816	-1.0262	-9.9658	-3.3076	-9.9658	-5.0116	-9.9658	-9.9658	-3.1714	-9.9658	-9.9658	-2.7274	-0.4719	-1.8836	-2.9324	-9.9658	-3.458	-9.9658	0.3346	-9.9658	0.4657	-9.9658	-2.5479	-9.9658	-2.9324	-9.9658	-3.3076	-9.9658	-2.6349	-9.9658	-3.0469	-1.9942	-0.5756	-1.5522	-9.9658	-0.6643	-3.0469	-9.9658	-9.9658	-2.5479	-1.9942	-2.6349	-2.5479	-9.9658	-0.9406	-9.9658	-1.1488	-9.9658	-9.9658	-1.8314	1.2085	-9.9658	-0.2671	-4.2934	-9.9658	-1.685	-1.5105	-0.7108	-9.9658
CCL2-201	ENST00000225831.4	3.3364	7.4037	5.8215	5.9819	7.5721	4.8812	5.8076	7.5571	6.5715	5.5589	6.4214	5.3965	4.9883	7.7272	6.1457	2.7889	4.437	4.2586	4.3862	6.1297	5.1579	6.565	3.6417	4.66	4.8812	6.08	5.562	5.2103	5.9232	6.5322	5.72	7.4192	3.0127	4.854	3.9099	5.4529	1.6281	7.6237	6.8061	6.0687	7.427	4.7777	5.43	2.7847	6.9797	9.5372	4.7629	6.1647	5.6253	5.2529	5.0379	6.0689	4.4634	6.4694	4.366	6.9022	1.4756	5.6893	5.7038	2.3843	5.5577	6.6072	3.2959	5.1672	3.4143	6.0568	3.4384	4.8963	8.8886	6.089	2.1702	6.1948	5.0497	9.6629	5.613	6.7327	6.3683	5.428	-0.8084	6.3306	5.1571	-0.3566	6.2267	5.1429	6.382	5.3837	7.0174	4.3548	7.3428	5.4689	7.4394	7.3264	4.865	4.4784	6.1697	6.8627	5.8822	7.0641	5.3374	6.8579	7.2331	7.0859	6.1785	6.7786	4.423	5.6551	6.8044	8.8298	4.9933	4.0884	5.4206	5.8721	4.0985	8.5956	5.3288	7.6748	3.8218	4.9241	6.429	4.5589	5.3288	6.0139	5.1728	7.2421	7.4773	4.7491	6.8004	6.6509	7.5506	6.6927	5.5763	4.7388	4.481	5.1752	6.9174	6.0273	6.1142	5.7892	4.9969	3.9374	4.0091	4.6916	7.558	5.5644	5.6865	7.7304	6.9433	7.4195	5.2017	6.5868	7.3966	4.3162	6.4517	6.7601	5.585	5.2597	5.6396	4.9681	6.727	6.0179	5.0648	8.6306	7.662	3.795	3.772	6.3107	6.8706	3.1212	3.9289	4.6753	3.3032	7.1126	6.3911	8.1223	6.3887	5.2869	5.5466	9.1719	6.645	8.1997	5.4803	3.0127	7.74
CCL2-202	ENST00000580907.5	-5.5735	1.949	-1.9942	0.517	1.9968	-1.685	-0.2845	2.0946	2.0465	-0.3201	0.9493	-0.6193	-0.9406	2.9469	1.2394	-2.6349	-4.2934	-0.4921	-2.114	0.9642	-0.4521	-0.0425	-9.9658	-1.8314	-0.8599	0.517	0.5069	-0.013	0.4865	0.605	0.4865	2.6348	-3.1714	-0.7346	-0.6193	-0.8339	-3.816	2.5338	1.0711	0.6145	2.0912	-1.4305	-2.6349	-2.1779	1.0779	3.3307	-0.6193	0.6969	-0.5543	-2.5479	-9.9658	-0.0277	-9.9658	-0.1345	-0.6643	1.1512	-9.9658	1.1447	-0.8599	-3.6259	0.7664	1.6558	-1.5951	-9.9658	-9.9658	-0.7108	-9.9658	0.3115	2.9205	-0.013	-1.9942	-0.0277	-2.5479	4.1644	-0.1345	0.24	-2.1779	-1.9379	-9.9658	0.044	-0.8863	-4.6082	0.3573	-0.2671	0.1776	-0.9132	2.1114	-0.9406	0.2881	0.044	1.3511	1.6558	-0.0725	-9.9658	0.8164	1.7617	-0.4131	1.0779	-0.0877	1.3225	2.9432	1.1897	0.2642	0.8726	-0.2845	-0.0425	0.2154	2.8779	0.2029	-1.5105	-0.6643	0.2277	-1.4699	3.1162	-0.5756	0.5955	-4.035	-0.7108	-0.013	-1.3183	-1.0862	0.9038	-9.9658	1.3791	1.0573	-0.9406	0.8246	-0.0725	1.3735	1.736	-1.0862	-1.6394	-1.7809	-0.9132	-0.0725	0.0718	1.3225	0.1776	0.2154	-1.5105	-0.3566	-0.9406	1.3956	-9.9658	-0.4325	2.6278	1.4335	2.8681	-1.3548	1.4174	1.9749	-1.1488	1.4174	-0.2498	-0.013	-0.3022	-0.9686	-1.4699	1.5514	-9.9658	-1.9942	3.5449	1.3109	-0.4719	-3.6259	1.2455	1.0915	-0.7108	-9.9658	-0.9971	-0.8599	0.1124	0.4657	2.9052	1.1316	-0.2328	-0.7346	3.5149	0.3796	1.9226	-0.7588	-9.9658	2.5413
CCL2-203	ENST00000624362.1	-5.0116	-0.8339	-3.1714	-1.8836	-0.8863	-2.8262	-1.0262	0.7058	-0.4325	-2.3147	-1.5105	-2.3147	-3.816	1.0915	-0.0574	-9.9658	-3.816	-1.9379	-3.3076	-1.7322	-2.7274	-2.6349	-3.816	-1.685	-2.4659	-1.1811	-1.3548	-2.9324	-1.685	-1.9379	-0.5543	1.2636	-2.4659	-3.458	-2.4659	-2.2447	-9.9658	0.8327	-2.2447	-1.4305	-0.2328	-2.7274	-4.2934	-4.2934	-1.1172	1.3225	-1.9942	-2.3147	-1.7322	-5.0116	-3.458	-1.5105	-3.0469	-2.4659	-2.0529	-0.8339	-4.2934	-1.1811	-2.2447	-5.5735	-3.6259	-0.394	-3.3076	-2.8262	-5.0116	-3.0469	-4.035	-2.0529	1.9111	-1.5105	-2.4659	-0.8339	-4.2934	1.9786	-2.6349	-1.1811	-2.8262	-3.1714	-9.9658	-0.0725	-4.035	-9.9658	-1.2142	-1.9379	-1.3183	-1.9379	1.105	-2.0529	-2.0529	-2.3884	-0.4521	-1.4699	-2.114	-3.816	-1.4305	0.1388	-1.3183	-0.8084	-1.5105	-0.5125	0.2522	-0.8599	-9.9658	-1.2142	-5.0116	-1.9379	-0.9406	0.03	-1.5951	-4.6082	-2.3884	-2.3147	-4.2934	1.7575	-9.9658	-0.9686	-5.5735	-2.9324	-1.5105	-3.3076	-1.9942	-1.3921	-2.8262	-0.8599	-0.7346	-4.6082	-1.5951	-2.6349	0.0014	-0.4521	-1.0559	-2.114	-3.458	-1.4699	-1.685	-1.5522	-0.8863	-1.1172	-1.2142	-5.0116	-1.9942	-1.4699	0.7748	-1.5951	-2.3147	0.4552	-0.6873	-0.1993	-2.3884	-0.8863	-0.013	-2.114	-0.4131	-1.7322	-1.4305	-2.0529	-3.816	-4.2934	-0.5543	-2.6349	-3.3076	1.2271	-0.4521	-5.0116	-2.3147	-0.0877	-0.9406	-5.0116	-3.458	-2.3884	-2.114	-0.9132	-2.9324	1.2756	-1.1488	-1.8836	-1.4305	1.4494	-2.7274	0.2998	-0.9686	-9.9658	-1.3183
CCL22-201	ENST00000219235.4	3.0568	1.9564	0.8246	1.9302	1.3846	1.9111	2.6783	1.9415	0.0718	2.3222	0.6145	1.46	-0.3752	2.9802	3.2002	1.2992	-2.3147	0.9862	2.7073	-1.1488	0.7916	1.4652	-9.9658	0.3907	1.7097	0.2998	1.1512	0.1124	1.7532	-5.5735	0.605	-1.5522	1.595	-1.7809	-4.6082	0.7321	-5.5735	4.3548	-1.6394	0.3573	2.4779	0.5763	0.688	-5.0116	2.1378	1.3956	0.7058	2.7249	1.2696	1.7995	3.1765	2.2633	-0.4921	3.0995	2.0004	0.044	-3.816	-0.2328	2.362	1.0983	3.2313	2.1574	-1.7809	0.9419	1.5013	0.1257	-0.8084	-1.2142	0.346	3.1278	1.7009	3.034	0.7999	0.7321	1.5854	2.1574	-1.7809	1.8996	-4.6082	2.2051	0.2277	-2.3147	1.3109	2.376	1.4911	2.2693	4.4067	1.8564	2.753	3.4674	2.0673	3.0757	2.0254	-1.3183	1.5366	0.7579	1.3167	2.9375	2.0742	0.5666	3.2297	1.9749	3.0287	3.5959	2.5972	0.3796	1.9111	3.1062	-0.2845	-0.8599	0.1124	-1.2828	1.9675	3.5187	-0.4921	3.4752	1.9188	-0.6643	2.0979	0.3573	2.9729	1.196	-0.9686	1.1184	2.5011	-0.394	2.5756	-0.3201	3.7072	0.605	1.9188	2.9525	1.2394	3.4398	1.0779	2.362	-1.8314	1.5216	0.9716	2.4198	1.0642	1.3846	0.0014	3.449	-1.1811	4.9007	3.5312	1.0293	2.9109	1.0503	0.1776	0.4967	-0.6643	-2.7274	1.4281	0.547	2.7117	1.6045	4.2646	-0.0725	0.6425	1.7185	2.4985	1.6187	0.4865	2.5388	2.0395	-2.9324	0.3685	0.4552	1.2023	2.8799	2.3981	1.9675	2.4063	1.9822	-0.5543	2.4675	3.9608	4.5675	0.7407	0.8568	4.2212
CD274-201	ENST00000381573.8	-9.9658	-2.4659	-1.2828	-1.3183	-9.9658	-0.6416	-2.6349	-9.9658	-3.458	-9.9658	-3.6259	-1.7322	-0.8863	-9.9658	-9.9658	-0.4719	-2.9324	-9.9658	-9.9658	-2.3147	-3.0469	-2.2447	-0.3201	-9.9658	-1.8836	-2.9324	-1.9942	-9.9658	-3.458	0.1388	-9.9658	-2.0529	-9.9658	-9.9658	-9.9658	-1.3921	-9.9658	-9.9658	-9.9658	-9.9658	-1.4305	-3.0469	-9.9658	-9.9658	-9.9658	-9.9658	-9.9658	-2.3147	-9.9658	-9.9658	-1.3183	-9.9658	-0.1345	0.2881	-4.6082	-9.9658	-1.3183	-9.9658	-2.3147	-9.9658	-0.2328	-1.9942	-1.9942	-0.8599	-9.9658	-9.9658	-6.5064	-9.9658	-1.2828	0.0854	-1.0262	-9.9658	-9.9658	-2.6349	-9.9658	-0.1187	-0.0277	-0.7588	-9.9658	-9.9658	-2.0529	-9.9658	-9.9658	-9.9658	-9.9658	-9.9658	-2.5479	-9.9658	-9.9658	-9.9658	-0.1993	-9.9658	-9.9658	-9.9658	-1.2142	-9.9658	-9.9658	-2.8262	-0.8599	-2.7274	-3.6259	-0.8863	-1.0559	-2.2447	-1.0862	-9.9658	-1.1172	-9.9658	-3.1714	-9.9658	-9.9658	-9.9658	-9.9658	-9.9658	-9.9658	-9.9658	-9.9658	-9.9658	-3.3076	-9.9658	-9.9658	-9.9658	-9.9658	-9.9658	-1.3921	-2.0529	-9.9658	-9.9658	-9.9658	-9.9658	-2.8262	-9.9658	-9.9658	-1.9379	-9.9658	-9.9658	-9.9658	-9.9658	-2.0529	-1.7322	-9.9658	-9.9658	-3.6259	-6.5064	-1.3921	-9.9658	-9.9658	-9.9658	-9.9658	-9.9658	-9.9658	-9.9658	-1.5105	-3.458	-9.9658	-2.114	-1.4699	-1.7322	-0.6873	0.0854	-4.2934	-2.1779	-9.9658	-9.9658	-9.9658	-9.9658	-9.9658	-0.6873	-9.9658	-3.458	-1.5951	-3.1714	-0.7834	-0.2498	-0.7834	-9.9658	-0.5543	-9.9658	-9.9658	-0.9132	-9.9658	-9.9658	-1.2481
CD274-202	ENST00000381577.3	0.7146	1.1117	2.5683	-0.1031	-0.1187	-1.9942	-0.0877	1.1833	-1.1172	-0.1828	0.044	-1.8314	1.6604	0.4761	-0.2159	0.7999	-9.9658	-0.1828	-0.4131	0.03	-1.3548	-2.5479	-1.2828	-1.3921	0.2154	-1.2142	1.334	0.1776	0.434	-4.6082	-0.0277	-1.1488	-0.6416	-1.1488	-0.4719	-0.4325	-0.4719	0.7493	0.2522	-1.1811	0.3685	-1.6394	0.537	-1.9379	0.9493	1.0779	0.4125	0.2029	1.8242	-0.4921	0.679	1.0847	0.4016	-2.2447	-0.2671	1.7316	-0.1665	-0.6193	-0.3566	-0.7588	-1.4305	-0.0877	-1.3921	-9.9658	0.099	-0.9132	-1.3548	1.7575	0.1519	-0.8599	1.9377	0.1388	-0.6873	0.2522	0.3115	-0.2159	-9.9658	0.4016	-9.9658	0.6699	-1.9942	-0.9686	1.5013	2.128	1.2271	0.4761	1.7702	0.688	0.7579	1.6558	-2.114	1.7744	0.3907	1.7273	1.8918	-0.1345	1.0433	1.7009	3.0163	1.4174	1.0642	0.2277	0.5955	1.5709	1.2147	0.03	-1.4699	1.334	-1.7809	-1.0262	-0.5125	-0.3566	0.1776	1.5514	2.8974	0.5859	-0.5543	1.5563	0.9568	-0.7346	0.7748	1.7912	-0.2671	1.1706	-0.9132	0.7832	1.4808	2.1378	1.9302	0.0158	1.8201	0.5666	-0.1504	0.3231	1.7995	-0.2498	0.5568	-0.2498	1.7273	-0.6643	-0.3383	1.0007	0.9642	0.8246	0.8726	1.125	0.7748	0.9038	0.679	0.2522	0.679	0.6332	-3.6259	-2.1779	-0.4719	0.2881	-1.0262	0.679	0.0718	-1.6394	-0.0277	0.4016	-0.6193	0.099	0.6145	0.5859	0.688	0.1257	-1.9379	-0.1031	-1.8836	0.0854	-0.4719	0.2998	-0.0725	0.24	0.9642	0.8488	1.334	1.1184	0.7058	0.1903	1.3051
CD274-203	ENST00000474218.1	-1.6394	-1.3548	0.9268	-0.5125	-1.9379	-2.4659	-0.9686	-1.4305	-3.3076	-9.9658	-1.1488	-0.7108	-0.4921	-0.6416	-9.9658	-9.9658	-9.9658	-1.5951	-2.9324	-9.9658	-2.3147	-9.9658	-9.9658	-9.9658	-1.8836	-3.6259	-3.0469	-1.2828	-1.2142	-3.458	-9.9658	-9.9658	-2.3147	-2.6349	-2.114	-1.5951	-9.9658	-9.9658	-0.2498	-2.8262	-2.8262	-2.5479	-2.8262	-2.3884	-2.2447	-1.0262	-1.1811	-9.9658	-2.9324	-1.9942	-1.8836	-9.9658	-1.9379	-3.458	-1.5951	-1.7322	-2.7274	-2.3147	-9.9658	-9.9658	-9.9658	-1.7809	-1.5522	-9.9658	-2.4659	-9.9658	-2.114	-0.7346	-2.7274	-0.5543	-9.9658	-2.6349	-9.9658	-9.9658	-9.9658	-1.3921	-1.9379	-0.1187	-9.9658	-2.8262	-9.9658	-9.9658	-0.8599	-1.7809	-1.9942	-9.9658	-1.5105	-3.458	-1.7322	-2.0529	-0.9971	-9.9658	-3.458	0.044	-9.9658	-9.9658	-3.0469	-2.3884	0.2881	-1.8836	-1.6394	-2.2447	-1.1488	0.6425	-2.6349	-0.4719	-2.8262	-0.9686	-1.7809	-9.9658	-9.9658	-9.9658	-1.9942	-2.5479	0.4016	-2.9324	-9.9658	1.5902	-0.2498	-2.7274	-2.4659	0.688	-1.3921	-0.7346	-9.9658	-9.9658	-2.4659	-0.1504	-2.5479	-2.9324	-0.9971	-2.5479	-1.4305	-2.4659	-0.4921	-2.3884	-9.9658	-1.4699	-2.7274	-9.9658	-9.9658	-0.0425	-0.7588	-9.9658	-1.5105	-0.4131	-1.6394	-1.2142	-2.7274	-1.9942	-9.9658	-1.9942	-3.3076	-3.3076	-9.9658	-9.9658	-0.9686	-1.685	-2.8262	-2.8262	-2.0529	-2.7274	-3.1714	-2.4659	-2.8262	-1.5522	-2.114	-2.9324	-9.9658	-2.1779	-9.9658	-9.9658	-9.9658	-9.9658	-2.4659	-2.7274	-2.8262	-9.9658	-2.4659	-0.5543	-9.9658	-9.9658	-0.7834
CD274-204	ENST00000492923.1	-9.9658	-4.035	-1.5951	-9.9658	-9.9658	-3.458	-9.9658	-3.0469	-3.6259	-4.2934	-3.6259	-9.9658	-3.6259	-3.458	-3.1714	-2.3147	-9.9658	-2.9324	-9.9658	-3.458	-3.816	-9.9658	-9.9658	-9.9658	-3.1714	-4.6082	-9.9658	-9.9658	-9.9658	-9.9658	-3.816	-9.9658	-9.9658	-9.9658	-9.9658	-1.685	-9.9658	-3.1714	-9.9658	-9.9658	-4.035	-9.9658	-4.2934	-9.9658	-2.8262	-2.3884	-3.3076	-9.9658	-3.816	-9.9658	-9.9658	-1.2481	-1.9942	-9.9658	-3.3076	-3.6259	-2.114	-2.8262	-9.9658	-2.5479	-4.035	-3.458	-9.9658	-9.9658	-9.9658	-9.9658	-9.9658	-2.2447	-2.9324	-9.9658	-1.5951	-3.816	-9.9658	-9.9658	-1.9942	-3.816	-9.9658	-9.9658	-9.9658	-9.9658	-9.9658	-9.9658	-2.9324	-2.5479	-2.114	-3.6259	-1.3921	-2.9324	-4.2934	-3.1714	-9.9658	-1.3548	-2.8262	-2.5479	-2.4659	-1.5951	-2.3147	-1.2142	-0.4719	-0.3383	-3.6259	-4.2934	-3.458	-2.3884	-2.7274	-3.1714	-3.816	-9.9658	-4.035	-9.9658	-4.035	-9.9658	-9.9658	-1.685	-3.3076	-3.3076	-2.2447	-3.458	-9.9658	-3.6259	-9.9658	-2.9324	-9.9658	-9.9658	-9.9658	-3.3076	-9.9658	-3.816	-1.685	-1.9379	-1.1811	-1.9379	-9.9658	-2.6349	-9.9658	-9.9658	-2.3147	-4.035	-1.4305	-9.9658	-1.7322	-9.9658	-0.9686	-2.8262	-1.8836	-0.8339	-2.5479	-3.458	-2.8262	-9.9658	-9.9658	-2.6349	-9.9658	-9.9658	-9.9658	-9.9658	-9.9658	-2.1779	-3.0469	-3.458	-9.9658	-3.816	-9.9658	-2.1779	-3.6259	-2.3884	-3.816	-4.035	-9.9658	-9.9658	-9.9658	-9.9658	-2.4659	-3.816	-2.8262	-2.6349	-3.816	-9.9658	-2.5479	-1.2828	-3.816	-4.035	-3.6259
CD274-205	ENST00000498261.1	-9.9658	-4.035	-9.9658	-9.9658	-9.9658	-9.9658	-9.9658	-9.9658	-9.9658	-2.9324	-4.035	-9.9658	-9.9658	-9.9658	-9.9658	-9.9658	-9.9658	-9.9658	-9.9658	-9.9658	-9.9658	-9.9658	-9.9658	-9.9658	-2.114	-9.9658	-9.9658	-9.9658	-9.9658	-3.6259	-9.9658	-9.9658	-9.9658	-9.9658	-9.9658	-9.9658	-9.9658	-9.9658	-9.9658	-9.9658	-9.9658	-9.9658	-9.9658	-9.9658	-5.0116	-9.9658	-9.9658	-9.9658	-3.0469	-9.9658	-9.9658	-9.9658	-9.9658	-9.9658	-9.9658	-9.9658	-9.9658	-9.9658	-9.9658	-9.9658	-9.9658	-9.9658	-9.9658	-9.9658	-9.9658	-9.9658	-9.9658	-9.9658	-9.9658	-9.9658	-9.9658	-3.3076	-9.9658	-9.9658	-9.9658	-9.9658	-1.4305	-9.9658	-9.9658	-9.9658	-9.9658	-9.9658	-9.9658	-2.8262	-9.9658	-9.9658	-9.9658	-9.9658	-9.9658	-9.9658	-9.9658	-9.9658	-9.9658	-2.114	-9.9658	-9.9658	-9.9658	-9.9658	-9.9658	-9.9658	-9.9658	-9.9658	-9.9658	-9.9658	-9.9658	-5.5735	-9.9658	-9.9658	-5.0116	-9.9658	-9.9658	-9.9658	-9.9658	-9.9658	-2.0529	-9.9658	-9.9658	0.3796	-9.9658	-5.0116	-9.9658	-1.5522	-9.9658	-9.9658	-9.9658	-9.9658	-3.458	-9.9658	-2.6349	-3.1714	-3.6259	-9.9658	-9.9658	-9.9658	-9.9658	-9.9658	-9.9658	-9.9658	-9.9658	-9.9658	-9.9658	-9.9658	-9.9658	-9.9658	-3.458	-9.9658	-3.1714	-9.9658	-9.9658	-3.458	-3.0469	-9.9658	-9.9658	-9.9658	-9.9658	-9.9658	-9.9658	-9.9658	-9.9658	-9.9658	-9.9658	-9.9658	-9.9658	-9.9658	-2.8262	-9.9658	-9.9658	-9.9658	-3.6259	-9.9658	-9.9658	-9.9658	-9.9658	-9.9658	-9.9658	-9.9658	-9.9658	-9.9658	-4.035	-3.458	-9.9658	-9.9658	-9.9658
IDO1-201	ENST00000253513.11	1.3735	-1.1172	0.1903	-0.9406	-1.7809	-0.6416	-1.4305	-0.0725	-9.9658	0.3796	0.2642	-1.7322	0.7407	-0.9971	-0.8599	-1.3183	-9.9658	-2.114	-1.2142	-0.3566	-0.6193	-2.2447	2.7073	-1.0262	0.1124	-1.2481	-0.7588	-1.2828	-0.5973	-9.9658	-0.3566	-1.3183	-3.0469	-1.9942	0.5271	-2.5479	-2.7274	0.4233	0.1257	-9.9658	-2.8262	-3.3076	0.1776	-4.6082	0.3796	1.3454	1.8604	-0.5973	5.1035	-9.9658	1.595	0.2154	-1.8836	0.6425	-0.5125	2.0183	-2.3884	-0.6643	0.4967	-1.4699	0.2522	0.6145	-1.3921	-9.9658	-2.6349	-0.6193	0.9343	-3.0469	-0.6416	0.7407	0.4761	-0.2159	-0.4719	0.3685	-9.9658	-1.6394	-0.2671	-0.1993	-3.458	-1.5522	-9.9658	-9.9658	2.4831	0.7321	0.3907	0.2998	-0.3566	0.9789	-2.4659	-2.2447	0.0158	-0.8863	-0.0877	2.872	3.3591	-2.0529	0.688	0.2642	3.871	2.2019	-1.685	0.9115	-2.1779	0.7579	-0.2159	-9.9658	-1.0862	-9.9658	-0.6416	-9.9658	-0.6873	-9.9658	-0.0877	1.0983	4.208	-0.5332	-3.458	2.9128	-1.6394	-1.2828	-0.5756	2.5972	-1.5522	-1.0862	-2.2447	-1.2828	0.9419	-9.9658	0.9115	-0.9406	0.5069	-0.6416	-1.3921	-1.3548	-1.3548	-1.4699	-2.5479	-9.9658	-1.0862	1.5165	-9.9658	2.236	2.6348	0.3573	0.5955	1.0642	-1.4305	0.7407	-0.8084	-0.394	0.5271	-9.9658	-2.9324	-1.685	-3.3076	4.1203	1.7532	-0.7346	-1.0862	-9.9658	-9.9658	-2.2447	0.346	0.2762	-9.9658	1.6374	0.1648	-1.0262	-9.9658	-9.9658	-9.9658	0.6969	-9.9658	0.5666	-0.1187	-0.7834	1.0779	0.2522	-1.8836	-0.5756	-1.8314	-9.9658	2.4597
IDO1-202	ENST00000518237.5	-2.6349	-2.4659	-2.4659	-9.9658	-9.9658	-9.9658	-3.1714	-1.7809	-9.9658	-1.7809	-9.9658	-9.9658	-1.5105	-2.4659	-9.9658	-9.9658	-9.9658	-2.8262	-9.9658	-9.9658	-9.9658	-9.9658	1.0293	-9.9658	-3.816	-9.9658	-4.035	-9.9658	-9.9658	-4.2934	-1.1488	-9.9658	-9.9658	-4.035	-1.6394	-2.7274	-9.9658	-4.035	-9.9658	-9.9658	-2.0529	-9.9658	-3.1714	-9.9658	-2.8262	-2.5479	-1.5951	-2.3884	2.8381	-9.9658	-1.7322	-2.6349	-9.9658	-1.5522	-9.9658	0.2522	-9.9658	-9.9658	-3.3076	-3.3076	-4.035	-2.0529	-3.816	-4.035	-4.035	-4.035	-9.9658	-3.458	-2.3147	-3.0469	-9.9658	-4.035	-9.9658	-2.5479	-9.9658	-2.0529	-2.8262	-9.9658	-9.9658	-9.9658	-4.035	-9.9658	-0.8863	-2.5479	-4.2934	-3.6259	-3.1714	-3.458	-9.9658	-4.035	-3.1714	-2.8262	-1.1488	0.8246	-1.685	-3.1714	-1.5522	-1.0262	0.7999	-0.3566	-2.5479	-9.9658	-9.9658	-0.5543	-3.6259	-9.9658	-4.035	-9.9658	-9.9658	-2.7274	-9.9658	-9.9658	-4.2934	-2.6349	2.1925	-3.3076	-9.9658	0.5666	-9.9658	-9.9658	-4.2934	-1.3548	-9.9658	-9.9658	-3.6259	-1.8836	-1.685	-2.5479	-3.816	-9.9658	-4.2934	-4.035	-9.9658	-9.9658	-9.9658	-2.3884	-2.7274	-9.9658	-2.8262	1.2815	-2.3884	-0.8084	-1.2828	-3.6259	-9.9658	-9.9658	-3.3076	-3.3076	-2.3147	-4.035	-3.816	-9.9658	-9.9658	-9.9658	-9.9658	0.4865	-3.1714	-3.0469	-4.2934	-9.9658	-9.9658	-9.9658	-2.3884	-2.4659	-9.9658	-9.9658	-1.3921	-9.9658	-9.9658	-2.9324	-9.9658	-2.6349	-3.458	-9.9658	-9.9658	-9.9658	-9.9658	-3.3076	-9.9658	-9.9658	-9.9658	-4.035	-1.1811
IDO1-203	ENST00000518804.5	-9.9658	-9.9658	-9.9658	-9.9658	-9.9658	-9.9658	-9.9658	-9.9658	-9.9658	-9.9658	-9.9658	-9.9658	-9.9658	-9.9658	-9.9658	-9.9658	-9.9658	-9.9658	-9.9658	-9.9658	-9.9658	-9.9658	-9.9658	-9.9658	-9.9658	-9.9658	-9.9658	-9.9658	-9.9658	-9.9658	-9.9658	-9.9658	-9.9658	-9.9658	-9.9658	-9.9658	-9.9658	-9.9658	-9.9658	-9.9658	-9.9658	-9.9658	-9.9658	-9.9658	-9.9658	-9.9658	-9.9658	-9.9658	-9.9658	-9.9658	-9.9658	-9.9658	-9.9658	-9.9658	-9.9658	-9.9658	-9.9658	-9.9658	-9.9658	-9.9658	-9.9658	-9.9658	-9.9658	-9.9658	-9.9658	-9.9658	-9.9658	-9.9658	-9.9658	-9.9658	-9.9658	-9.9658	-9.9658	-9.9658	-9.9658	-9.9658	-9.9658	-9.9658	-9.9658	-9.9658	-9.9658	-9.9658	-9.9658	-9.9658	-9.9658	-9.9658	-9.9658	-9.9658	-9.9658	-9.9658	-9.9658	-9.9658	-9.9658	-9.9658	-9.9658	-9.9658	-9.9658	-9.9658	-9.9658	-9.9658	-9.9658	-9.9658	-9.9658	-9.9658	-9.9658	-9.9658	-9.9658	-9.9658	-9.9658	-9.9658	-9.9658	-9.9658	-9.9658	-9.9658	-9.9658	-9.9658	-9.9658	-9.9658	-9.9658	-9.9658	-9.9658	-9.9658	-9.9658	-9.9658	-9.9658	-9.9658	-9.9658	-9.9658	-9.9658	-9.9658	-9.9658	-9.9658	-9.9658	-9.9658	-9.9658	-9.9658	-9.9658	-9.9658	-9.9658	-9.9658	-9.9658	-9.9658	-9.9658	-9.9658	-9.9658	-9.9658	-9.9658	-9.9658	-9.9658	-9.9658	-9.9658	-9.9658	-9.9658	-9.9658	-9.9658	-9.9658	-9.9658	-9.9658	-9.9658	-9.9658	-9.9658	-9.9658	-9.9658	-9.9658	-9.9658	-9.9658	-9.9658	-9.9658	-9.9658	-9.9658	-9.9658	-9.9658	-9.9658	-9.9658	-9.9658	-9.9658	-9.9658	-9.9658	-9.9658	-9.9658	-9.9658	-9.9658	-9.9658
IDO1-204	ENST00000519154.5	-9.9658	-9.9658	-9.9658	-9.9658	-9.9658	-9.9658	-9.9658	-9.9658	-9.9658	-9.9658	-9.9658	-9.9658	-9.9658	-9.9658	-9.9658	-9.9658	-9.9658	-9.9658	-9.9658	-9.9658	-9.9658	-9.9658	-9.9658	-9.9658	-9.9658	-9.9658	-9.9658	-9.9658	-9.9658	-9.9658	-9.9658	-9.9658	-9.9658	-9.9658	-2.9324	-9.9658	-9.9658	-9.9658	-9.9658	-9.9658	-9.9658	-9.9658	-9.9658	-9.9658	-9.9658	-9.9658	-9.9658	-9.9658	-9.9658	-9.9658	-9.9658	-9.9658	-9.9658	-9.9658	-9.9658	-9.9658	-9.9658	-9.9658	-9.9658	-9.9658	-9.9658	-9.9658	-9.9658	-9.9658	-9.9658	-9.9658	-9.9658	-9.9658	-9.9658	-9.9658	-9.9658	-9.9658	-9.9658	-9.9658	-9.9658	-9.9658	-9.9658	-9.9658	-9.9658	-9.9658	-9.9658	-9.9658	-9.9658	-9.9658	-9.9658	-9.9658	-9.9658	-9.9658	-9.9658	-9.9658	-9.9658	-9.9658	-9.9658	-9.9658	-9.9658	-9.9658	-9.9658	-9.9658	-9.9658	-9.9658	-9.9658	-9.9658	-9.9658	-9.9658	-9.9658	-9.9658	-9.9658	-9.9658	-4.2934	-9.9658	-9.9658	-9.9658	-9.9658	-9.9658	-9.9658	-9.9658	-9.9658	-9.9658	-9.9658	-9.9658	-9.9658	-9.9658	-9.9658	-9.9658	-9.9658	-9.9658	-9.9658	-9.9658	-9.9658	-9.9658	-9.9658	-9.9658	-9.9658	-9.9658	-9.9658	-9.9658	-9.9658	-9.9658	-9.9658	-9.9658	-9.9658	-9.9658	-9.9658	-9.9658	-9.9658	-9.9658	-9.9658	-9.9658	-9.9658	-9.9658	-9.9658	-9.9658	-9.9658	-9.9658	-9.9658	-9.9658	-9.9658	-9.9658	-9.9658	-9.9658	-9.9658	-9.9658	-9.9658	-9.9658	-9.9658	-9.9658	-9.9658	-9.9658	-9.9658	-9.9658	-9.9658	-9.9658	-9.9658	-9.9658	-9.9658	-9.9658	-9.9658	-9.9658	-9.9658	-9.9658	-9.9658	-9.9658	-9.9658
IDO1-205	ENST00000521480.1	-3.6259	-3.6259	-9.9658	-9.9658	-9.9658	-1.9942	-9.9658	-9.9658	-9.9658	-9.9658	-9.9658	-9.9658	-9.9658	-9.9658	-9.9658	-9.9658	-9.9658	-9.9658	-9.9658	-9.9658	-9.9658	-9.9658	-2.5479	-9.9658	-3.816	-9.9658	-9.9658	-9.9658	-9.9658	-9.9658	-3.6259	-3.816	-3.816	-9.9658	-9.9658	-3.816	-9.9658	-4.035	-9.9658	-9.9658	-9.9658	-9.9658	-9.9658	-9.9658	-3.458	-4.035	-2.5479	-9.9658	-1.3548	-9.9658	-9.9658	-2.8262	-9.9658	-9.9658	-9.9658	-2.0529	-9.9658	-9.9658	-9.9658	-4.035	-3.816	-9.9658	-9.9658	-9.9658	-9.9658	-9.9658	-9.9658	-9.9658	-3.816	-9.9658	-2.8262	-9.9658	-9.9658	-9.9658	-3.3076	-9.9658	-9.9658	-9.9658	-9.9658	-9.9658	-9.9658	-9.9658	-9.9658	-9.9658	-9.9658	-9.9658	-2.5479	-3.458	-9.9658	-4.035	-9.9658	-9.9658	-9.9658	-9.9658	-1.6394	-9.9658	-4.6082	-9.9658	-0.9971	-2.2447	-9.9658	-9.9658	-9.9658	-9.9658	-9.9658	-9.9658	-9.9658	-9.9658	-9.9658	-9.9658	-3.458	-9.9658	-9.9658	-9.9658	-9.9658	-9.9658	-9.9658	-4.6082	-4.2934	-9.9658	-4.2934	-9.9658	-9.9658	-9.9658	-9.9658	-9.9658	-4.035	-9.9658	-9.9658	-4.6082	-4.2934	-9.9658	-9.9658	-9.9658	-9.9658	-9.9658	-9.9658	-9.9658	-3.6259	-9.9658	-4.2934	-9.9658	-2.9324	-3.6259	-9.9658	-3.816	-9.9658	-2.4659	-9.9658	-9.9658	-9.9658	-9.9658	-4.035	-9.9658	-9.9658	-3.3076	-9.9658	-9.9658	-4.035	-9.9658	-9.9658	-9.9658	-9.9658	-2.7274	-9.9658	-3.3076	-9.9658	-9.9658	-9.9658	-9.9658	-3.816	-3.6259	-9.9658	-9.9658	-9.9658	-3.6259	-9.9658	-3.3076	-9.9658	-3.816	-9.9658	-9.9658	-9.9658
IDO1-206	ENST00000521636.1	-0.6416	-1.2481	-9.9658	-9.9658	-9.9658	-9.9658	-9.9658	-3.6259	-9.9658	-9.9658	-9.9658	-9.9658	-9.9658	-9.9658	-9.9658	-9.9658	-9.9658	-9.9658	-9.9658	-9.9658	-9.9658	-9.9658	-1.0862	-9.9658	-9.9658	-9.9658	-9.9658	-9.9658	-9.9658	-9.9658	-9.9658	-9.9658	-9.9658	-9.9658	-9.9658	-9.9658	-9.9658	-3.816	-9.9658	-9.9658	-9.9658	-4.035	-9.9658	-9.9658	-1.4305	-9.9658	-9.9658	-2.7274	-0.4521	-2.9324	-3.1714	-9.9658	-9.9658	-9.9658	-9.9658	-3.3076	-9.9658	-9.9658	-3.458	-9.9658	-9.9658	-9.9658	-9.9658	-9.9658	-9.9658	-4.035	-9.9658	-9.9658	-9.9658	-9.9658	-2.6349	-9.9658	-9.9658	-9.9658	-9.9658	-3.816	-9.9658	-4.035	-9.9658	-9.9658	-9.9658	-9.9658	-3.6259	-3.3076	-9.9658	-3.1714	-9.9658	-4.035	-9.9658	-9.9658	-4.2934	-9.9658	-9.9658	-3.3076	-2.2447	-4.2934	-3.3076	-9.9658	-0.9132	-1.4305	-9.9658	-2.7274	-9.9658	-3.1714	-9.9658	-9.9658	-3.458	-9.9658	-9.9658	-9.9658	-9.9658	-9.9658	-3.6259	-9.9658	-0.1031	-9.9658	-3.816	1.8957	-4.035	-9.9658	-9.9658	-1.8836	-9.9658	-2.0529	-9.9658	-9.9658	-9.9658	-9.9658	-3.1714	-2.7274	-9.9658	-2.8262	-9.9658	-9.9658	-9.9658	-3.458	-9.9658	-4.035	-3.458	-3.6259	-9.9658	-2.3147	-2.3884	-2.5479	-9.9658	-9.9658	-9.9658	-9.9658	-9.9658	-9.9658	-3.6259	-9.9658	-9.9658	-9.9658	-9.9658	-1.0262	-1.5105	-4.035	-3.0469	-9.9658	-9.9658	-9.9658	-9.9658	-9.9658	-9.9658	-3.1714	-9.9658	-9.9658	-9.9658	-9.9658	-9.9658	-9.9658	-9.9658	-9.9658	-9.9658	-9.9658	-2.3147	-9.9658	-3.458	-9.9658	-9.9658	-9.9658	-1.4699
IDO1-207	ENST00000522495.5	4.8064	3.2511	1.5216	1.1382	0.3346	0.605	0.0014	3.5212	0.4233	2.299	0.679	1.3109	3.4765	2.6805	1.4859	1.4281	-2.8262	1.0007	0.6239	-0.5756	0.679	1.5216	4.8043	-0.7834	2.4518	-0.1031	-0.1031	0.3573	1.7617	-3.0469	1.0642	0.2029	-0.2671	1.0079	2.1509	1.0433	-1.7322	2.5213	1.4335	-0.0877	2.1213	-1.0862	2.5536	-2.6349	2.8641	2.6138	2.9729	-0.5125	7.8373	-0.5756	2.7868	2.0395	-9.9658	2.5683	0.9419	4.404	-9.9658	1.0433	1.7446	0.346	3.2374	1.4065	-0.7834	-0.0425	-0.6643	1.2455	1.8404	0.058	2.233	2.3077	3.417	1.9527	-9.9658	0.9115	1.614	2.118	0.5568	2.8502	-9.9658	0.7233	0.7493	-2.4659	5.2928	3.3535	3.3192	3.0723	2.7972	2.5804	0.3573	2.0776	2.5511	1.8918	3.186	5.7099	5.2483	0.3907	2.7679	3.0671	6.3738	4.906	1.6234	2.3898	1.8918	3.3828	3.1228	2.1313	1.7316	2.1147	-9.9658	0.4967	0.9862	-0.6193	0.8726	2.296	6.6902	2.4063	0.9191	5.8704	-0.1828	0.5069	1.2085	4.7302	0.6239	2.0465	1.4494	0.1257	4.1595	1.7702	3.1426	1.0007	1.8036	2.296	-0.2159	1.5709	1.9452	2.6185	0.5859	0.7999	2.1574	4.6159	-0.1665	4.1482	4.2165	3.2541	1.5216	3.7389	2.5036	2.5263	1.5758	1.8323	2.3788	0.2642	0.1776	-2.3884	0.0014	6.2765	2.9948	2.5238	3.5187	-0.2671	0.24	0.9038	3.402	2.3394	0.9343	3.9506	2.4252	-1.0262	-1.5105	0.0854	0.03	3.3321	1.3167	1.7617	1.3109	1.1447	3.0002	2.5511	2.2482	0.7664	0.434	1.5998	4.7176
IDO1-208	ENST00000522840.1	-9.9658	-9.9658	-9.9658	-9.9658	-9.9658	-9.9658	-9.9658	-9.9658	-9.9658	-9.9658	-9.9658	-9.9658	-9.9658	-9.9658	-9.9658	-9.9658	-9.9658	-9.9658	-9.9658	-9.9658	-9.9658	-9.9658	-9.9658	-9.9658	-9.9658	-9.9658	-9.9658	-9.9658	-9.9658	-9.9658	-9.9658	-9.9658	-2.4659	-9.9658	-9.9658	-9.9658	-9.9658	-9.9658	-9.9658	-9.9658	-9.9658	-9.9658	-9.9658	-9.9658	-9.9658	-9.9658	-9.9658	-9.9658	-9.9658	-9.9658	-9.9658	-9.9658	-9.9658	-9.9658	-9.9658	-9.9658	-9.9658	-9.9658	-9.9658	-9.9658	-9.9658	-9.9658	-9.9658	-9.9658	-9.9658	-9.9658	-9.9658	-9.9658	-9.9658	-9.9658	-9.9658	-9.9658	-9.9658	-9.9658	-9.9658	-9.9658	-9.9658	-9.9658	-9.9658	-9.9658	-9.9658	-9.9658	-9.9658	-9.9658	-9.9658	-9.9658	-9.9658	-9.9658	-9.9658	-9.9658	-9.9658	-9.9658	-9.9658	-9.9658	-9.9658	-9.9658	-9.9658	-9.9658	-9.9658	-9.9658	-9.9658	-3.0469	-9.9658	-9.9658	-9.9658	-3.1714	-9.9658	-9.9658	-9.9658	-9.9658	-9.9658	-9.9658	-9.9658	-9.9658	-9.9658	-9.9658	-9.9658	-9.9658	-9.9658	-9.9658	-9.9658	-9.9658	-9.9658	-9.9658	-9.9658	-9.9658	-9.9658	-9.9658	-9.9658	-9.9658	-9.9658	-9.9658	-9.9658	-9.9658	-9.9658	-9.9658	-9.9658	-4.2934	-9.9658	-9.9658	-9.9658	-9.9658	-9.9658	-9.9658	-9.9658	-9.9658	-9.9658	-9.9658	-9.9658	-9.9658	-9.9658	-9.9658	-9.9658	-9.9658	-9.9658	-9.9658	-9.9658	-9.9658	-9.9658	-9.9658	-9.9658	-9.9658	-9.9658	-9.9658	-9.9658	-9.9658	-9.9658	-9.9658	-9.9658	-9.9658	-9.9658	-9.9658	-9.9658	-9.9658	-9.9658	-9.9658	-3.6259	-9.9658	-3.6259	-9.9658	-9.9658	-9.9658	-9.9658
IDO1-209	ENST00000523779.1	4.439	2.0878	0.8805	-0.4325	-1.1172	-1.685	0.1124	2.0569	-1.7322	0.5271	-1.6394	-2.7274	2.9966	2.0325	0.4865	-9.9658	-1.7809	-1.3548	-9.9658	-9.9658	-9.9658	-0.3566	4.1053	-9.9658	0.7407	0.346	-0.9686	0.4552	-2.0529	-3.1714	1.3901	-0.4131	0.099	-0.9686	1.2516	-0.2159	-3.0469	0.3907	0.6332	-0.394	0.2642	-9.9658	0.434	-1.9942	0.0158	-0.2328	1.5806	-9.9658	5.9998	-5.0116	-1.0862	-0.7588	-1.5105	1.9859	0.7407	3.7061	-0.5125	-0.013	0.3115	0.2277	2.6161	-9.9658	-2.5479	-0.9686	-9.9658	0.044	-9.9658	-9.9658	-1.1811	1.105	1.8524	1.8363	-2.3884	-9.9658	-0.2328	0.6239	0.4865	2.233	-9.9658	-0.6193	-1.9379	-9.9658	2.2019	0.7407	-9.9658	-2.7274	0.547	-1.1488	-0.4325	-0.6643	0.9935	-0.0725	-1.5522	3.8116	1.8564	-1.5522	-1.2481	-0.7108	3.4411	2.0673	-1.4305	0.24	-0.7346	1.6785	1.3679	1.2576	-1.5105	0.5271	-1.3548	-0.0574	-0.4521	-9.9658	-1.0262	1.7403	3.867	0.8961	0.537	3.6054	-0.8084	-1.0862	-2.0529	1.9226	-0.9406	0.7233	-9.9658	0.688	1.5013	-1.8836	0.4967	-0.6873	-1.5951	0.03	-0.394	0.605	-9.9658	0.547	0.1648	-0.3566	-2.2447	3.9041	-0.5973	2.1638	3.9346	2.2019	0.099	2.496	2.1798	2.1957	-0.0425	1.4494	0.4016	-3.816	-0.4719	-3.3076	-1.8836	4.9031	1.9675	1.1447	2.8402	0.0158	0.8488	0.1519	2.1606	1.1833	-9.9658	2.0535	1.7575	-0.7834	-2.3884	-0.1031	-0.1504	2.5585	-9.9658	0.0158	0.1776	0.2154	1.5806	0.9038	0.7579	0.044	0.0014	0.3907	3.4344
IL10-201	ENST00000367099.3	-9.9658	-9.9658	-9.9658	-9.9658	-9.9658	-9.9658	-9.9658	-9.9658	-9.9658	-9.9658	-9.9658	-2.9324	-2.7274	-1.3921	-9.9658	-9.9658	-9.9658	-9.9658	-9.9658	-9.9658	-9.9658	-9.9658	-9.9658	-9.9658	-2.8262	-9.9658	-9.9658	-9.9658	-9.9658	-9.9658	-9.9658	-9.9658	-9.9658	-9.9658	-9.9658	-9.9658	-9.9658	-9.9658	-9.9658	-9.9658	-9.9658	-9.9658	-9.9658	-9.9658	-3.6259	-9.9658	-9.9658	-9.9658	-9.9658	-9.9658	-9.9658	-9.9658	-9.9658	-9.9658	-9.9658	-9.9658	-9.9658	-9.9658	-9.9658	-9.9658	-9.9658	-2.5479	-9.9658	-9.9658	-9.9658	-9.9658	-9.9658	-9.9658	-3.458	-9.9658	-9.9658	-9.9658	-9.9658	-9.9658	-9.9658	-9.9658	-9.9658	-9.9658	-9.9658	-9.9658	-9.9658	-9.9658	-9.9658	-9.9658	-2.5479	-9.9658	-2.3147	-9.9658	-9.9658	-9.9658	-9.9658	-9.9658	-9.9658	-9.9658	-3.1714	-9.9658	-9.9658	-9.9658	-3.6259	-9.9658	-3.6259	-9.9658	-9.9658	-9.9658	-9.9658	-9.9658	-9.9658	-9.9658	-9.9658	-9.9658	-9.9658	-9.9658	-9.9658	-1.685	-9.9658	-9.9658	-9.9658	-9.9658	-9.9658	-9.9658	-9.9658	-9.9658	-9.9658	-9.9658	-9.9658	-9.9658	-9.9658	-9.9658	-1.8314	-9.9658	-9.9658	-9.9658	-9.9658	-9.9658	-9.9658	-9.9658	-9.9658	-9.9658	-9.9658	-9.9658	-9.9658	-9.9658	-9.9658	-9.9658	-9.9658	-2.8262	-9.9658	-9.9658	-9.9658	-9.9658	-9.9658	-9.9658	-9.9658	-9.9658	-9.9658	-9.9658	-9.9658	-3.3076	-9.9658	-9.9658	-9.9658	-9.9658	-9.9658	-9.9658	-9.9658	-3.458	-9.9658	-9.9658	-9.9658	-9.9658	-9.9658	-3.816	-9.9658	-9.9658	-9.9658	-9.9658	-9.9658	-9.9658	-9.9658	-9.9658	-9.9658	-9.9658	-9.9658
IL10-202	ENST00000423557.1	-2.6349	-2.2447	-1.8836	-0.2671	-1.0862	-1.5951	0.6145	-0.3383	-2.7274	-4.6082	-2.4659	-0.8863	2.561	-0.2671	-0.8084	-0.9686	-3.816	-1.6394	-1.9942	-2.6349	-2.2447	-1.7809	-5.5735	-3.458	-0.1187	-3.1714	-1.5522	0.8726	-2.5479	-3.0469	-4.035	-1.9379	-5.5735	-2.114	-3.0469	-1.7322	-3.816	-0.3752	-1.8836	-1.0559	-1.2481	-0.5756	-2.3884	-6.5064	-0.5332	0.1124	-1.7809	0.24	-0.9971	-0.3383	-1.7322	-1.6394	-4.035	-1.5522	-2.1779	-0.1031	-5.0116	-3.0469	-0.6873	-3.6259	-1.9379	-1.2142	-3.3076	-2.0529	-2.5479	-2.2447	-0.7834	-2.3147	-0.8339	-1.7809	-1.2481	-3.458	-2.8262	-0.5332	-1.8314	-2.0529	-1.685	-1.1172	-0.0425	-0.3201	-2.1779	-5.0116	-0.394	-1.3548	0.2154	-1.3183	0.8408	-2.3147	-1.0262	-0.9971	0.4761	0.7832	-1.4305	-0.8339	-0.0277	-0.4131	-0.7588	-0.3022	0.6332	-1.4305	-1.4305	0.1648	-0.4719	-0.4325	-0.7834	-4.035	-0.9686	-0.0425	-3.816	-3.1714	-4.2934	-1.2142	-3.0469	0.2029	-0.9971	-0.5756	-4.2934	-1.8836	-0.1504	-2.4659	-0.5125	0.4657	-3.6259	-0.9406	-1.685	-1.0559	-1.4305	-1.8836	0.547	-1.0559	-1.1811	-0.9686	-2.3884	-0.7834	-0.7108	-0.6193	-1.9942	-3.0469	-2.9324	-1.5951	-2.6349	-1.7322	-0.9971	-1.6394	-2.6349	0.24	0.6969	-0.8339	-2.114	-0.1187	0.2881	-2.114	-1.4699	-2.6349	-1.9942	-1.0559	-3.458	-1.7322	-0.4131	-2.3147	-2.1779	-0.6416	-0.9686	-1.8836	-2.7274	-1.8836	-1.2142	-4.035	-4.2934	-3.0469	-1.5951	0.3573	-0.6643	-0.2159	-1.6394	-1.5105	-0.2498	-0.2498	-0.1665	-0.1031	-0.9971	-2.8262	-0.4521
IL10-203	ENST00000471071.1	-3.1714	-9.9658	-2.9324	-1.7322	-9.9658	-2.0529	0.1388	-1.1811	-9.9658	-9.9658	-9.9658	-9.9658	-0.0725	-4.6082	-1.9379	0.0014	-9.9658	-3.816	-9.9658	-9.9658	-9.9658	-9.9658	-9.9658	-9.9658	-4.035	-4.2934	-3.0469	-1.3183	-9.9658	-4.035	-4.6082	-5.5735	-9.9658	-5.5735	-9.9658	-1.3548	-2.7274	-1.1811	-3.6259	-1.3548	-9.9658	-2.0529	-9.9658	-9.9658	-1.7322	-0.2328	-9.9658	-0.3566	-1.3921	-1.7322	-1.685	-0.9132	-9.9658	-9.9658	-3.458	-2.7274	-2.5479	-9.9658	-1.4699	-9.9658	-1.2481	-2.8262	-9.9658	-9.9658	-3.3076	-2.3147	-0.3022	-2.0529	-0.7108	-1.8836	-9.9658	-9.9658	-4.035	-9.9658	-9.9658	-9.9658	-9.9658	-9.9658	-9.9658	-9.9658	-3.0469	-4.035	-0.4521	-2.4659	-9.9658	-1.8314	0.0854	-9.9658	-2.3147	-1.685	-0.2671	-0.1828	-1.1172	-1.3921	-2.5479	-9.9658	-3.0469	-0.5756	-0.1993	-9.9658	-9.9658	-0.6193	-1.4305	-9.9658	-1.4699	-2.7274	-2.3147	-0.2671	-3.0469	-2.1779	-3.1714	-9.9658	-2.9324	-2.114	-1.685	-1.9379	-2.7274	-2.8262	-3.1714	-9.9658	-1.4305	0.03	-2.8262	-0.9132	-1.7809	-0.8084	-3.1714	-9.9658	-0.5973	-2.0529	-9.9658	-0.9686	-9.9658	-1.5951	-0.8599	-1.685	-3.1714	-9.9658	-9.9658	-9.9658	-3.0469	-9.9658	-1.8314	-0.5973	-1.3921	-0.4131	0.3115	-1.9379	-2.114	-0.7346	-0.2671	-9.9658	-0.6873	-9.9658	-9.9658	-9.9658	-9.9658	-2.114	-9.9658	-9.9658	-9.9658	-9.9658	-9.9658	-9.9658	-9.9658	-9.9658	-0.8084	-9.9658	-9.9658	-9.9658	-2.6349	-9.9658	-0.9971	-9.9658	-9.9658	-9.9658	-1.9379	-1.9379	-9.9658	-1.3183	-9.9658	-1.8314	-9.9658
LGALS3-201	ENST00000254301.13	9.2538	9.1208	9.5064	8.6753	7.6857	8.4874	8.8371	8.3925	8.9809	7.3257	8.8651	9.2598	6.9254	8.1516	8.4406	9.4604	6.1237	9.2507	9.5585	9.6333	9.6465	9.6551	4.9227	8.2987	9.0481	7.7376	8.9282	8.3095	9.0092	5.5565	4.4377	5.3516	4.0419	3.3293	1.9188	9.6838	3.8769	7.7267	9.0932	9.3005	8.8438	10.092	9.6049	4.3227	7.9547	7.6483	9.0508	7.9372	8.6833	9.5915	8.2253	8.4619	9.2598	7.5117	9.1826	8.8897	8.8544	9.0349	8.3245	9.0186	8.9152	9.6691	9.7705	8.3451	9.2705	9.6827	9.2034	8.7278	8.1118	8.8729	4.8017	4.9741	9.6967	7.9836	9.6929	8.4886	8.7018	9.5567	6.5601	9.1045	10.0039	9.7962	8.418	10.0362	7.5378	9.6663	8.2032	9.4051	9.1464	8.9377	8.4367	8.0018	6.5975	8.9366	9.4417	7.6668	7.1791	9.248	8.4044	9.0416	8.2872	8.1473	9.8674	9.283	9.0747	7.7127	8.6729	9.2574	8.3506	9.1403	9.2274	8.5525	9.4807	8.0105	9.6031	9.2791	7.7467	8.6954	8.659	8.8275	8.9297	9.886	8.74	9.5693	9.2827	8.9824	8.0659	8.4919	7.6942	6.6035	9.9454	8.4965	9.7062	8.1194	9.8408	7.3809	9.1548	8.6856	9.4461	9.4731	6.7173	8.6822	8.7275	8.3086	9.0205	7.782	8.9044	7.9226	9.9118	8.1768	8.7784	8.9737	8.0674	7.948	7.3029	9.4688	9.3823	10.1563	8.4611	8.8402	8.8815	8.8256	8.4713	9.9718	8.9292	8.9479	8.6402	9.1121	9.4594	8.8732	9.4472	8.082	7.6867	8.0226	9.2533	9.6202	8.2484	8.0974	9.1203	8.8693	8.299	9.7013	7.5317
LGALS3-202	ENST00000553493.5	-9.9658	-9.9658	-9.9658	-9.9658	-9.9658	-9.9658	-9.9658	-9.9658	-2.3147	-9.9658	-9.9658	-9.9658	-9.9658	-9.9658	-9.9658	-9.9658	-9.9658	-9.9658	-9.9658	-9.9658	-9.9658	-9.9658	-9.9658	-9.9658	-9.9658	-9.9658	-9.9658	-9.9658	-9.9658	-9.9658	-9.9658	-9.9658	-9.9658	-9.9658	-9.9658	-9.9658	-9.9658	-9.9658	-9.9658	-9.9658	-9.9658	-9.9658	-9.9658	-9.9658	-9.9658	-9.9658	-9.9658	-9.9658	-9.9658	-9.9658	-9.9658	-9.9658	-9.9658	-9.9658	-9.9658	-9.9658	-9.9658	-9.9658	-9.9658	-9.9658	-9.9658	-9.9658	-9.9658	-9.9658	-9.9658	-9.9658	-9.9658	-9.9658	-9.9658	-9.9658	-9.9658	-9.9658	-9.9658	-9.9658	-9.9658	-9.9658	-9.9658	-9.9658	-9.9658	-9.9658	-1.9942	-9.9658	-9.9658	-9.9658	-9.9658	-9.9658	-9.9658	-9.9658	-9.9658	-9.9658	-9.9658	-9.9658	-9.9658	-9.9658	-9.9658	-9.9658	-9.9658	-9.9658	-9.9658	-9.9658	-9.9658	-9.9658	-9.9658	-9.9658	-9.9658	-9.9658	-9.9658	-9.9658	-1.9942	-9.9658	-9.9658	-9.9658	-9.9658	-9.9658	-9.9658	-9.9658	-9.9658	-9.9658	-9.9658	-9.9658	-9.9658	-9.9658	-9.9658	-9.9658	-9.9658	-9.9658	-9.9658	-9.9658	-9.9658	-9.9658	-9.9658	-9.9658	-9.9658	-9.9658	-9.9658	-9.9658	-9.9658	-9.9658	-9.9658	-9.9658	-9.9658	-9.9658	-9.9658	-9.9658	-9.9658	-9.9658	-9.9658	-9.9658	-9.9658	-9.9658	-9.9658	-9.9658	-9.9658	-9.9658	-9.9658	-9.9658	-9.9658	-9.9658	-9.9658	-9.9658	-9.9658	-9.9658	-9.9658	-9.9658	-9.9658	-9.9658	-9.9658	-9.9658	-9.9658	-9.9658	-9.9658	-9.9658	-9.9658	-9.9658	-9.9658	-9.9658	-9.9658	-9.9658	-9.9658	-9.9658	-9.9658	-9.9658	-9.9658
LGALS3-203	ENST00000553755.5	7.1545	5.1416	6.1534	3.3883	5.2803	5.5583	6.7944	5.7057	7.5339	4.7661	4.3169	4.5892	4.5342	5.8004	6.2761	6.3848	-0.4325	5.2173	6.4785	5.2173	5.5056	4.0807	0.8082	2.3926	5.2246	2.1541	5.3632	4.3779	4.7698	1.1117	1.766	1.7786	0.346	-0.0877	-0.4131	5.9194	3.1212	4.197	6.4738	6.8112	5.3136	6.3577	5.2323	2.0395	5.4013	3.7443	6.1123	5.3158	5.6637	6.4221	5.5056	6.4788	6.5771	3.0619	5.1048	4.6404	6.5647	6.797	3.3911	6.918	4.4764	6.1733	5.9227	4.4784	5.6907	2.4883	7.0285	4.7377	3.834	7.0761	1.6875	4.5796	7.6701	5.0462	7.684	5.8438	4.423	4.0558	-9.9658	5.906	5.2865	7.4106	1.2147	3.4726	1.4388	5.0644	4.2212	6.4333	4.7903	5.2361	0.9935	2.1509	2.0638	6.3801	4.1036	3.4881	4.162	6.4446	4.7121	4.4693	5.3548	4.6611	7.8733	6.5126	6.7517	4.1335	4.9901	4.7945	2.753	5.5644	6.0708	7.4496	5.7334	2.4279	3.0323	3.3814	-0.1187	5.4728	5.6971	5.2188	4.774	3.772	4.5053	3.5657	1.692	5.0824	4.2533	2.1476	0.2154	1.4859	6.3043	5.4413	7.1588	4.8866	6.8435	4.2855	6.1165	5.3544	6.7646	6.5137	2.9167	4.0773	4.9208	4.844	5.4725	4.6347	5.1404	5.0059	5.4822	4.2111	4.7236	5.9828	4.2119	2.9128	3.3993	7.0311	3.3966	6.7703	4.8992	3.7006	4.1169	3.9242	3.9012	6.3167	4.9156	4.6253	5.6112	5.3569	5.5611	4.8876	6.823	3.7646	4.8846	4.162	5.0462	6.0315	5.2457	4.4868	5.8535	5.3917	3.7204	6.2567	2.0111
LGALS3-204	ENST00000554715.1	0.346	2.1411	2.0569	1.8801	-0.9686	0.6699	1.0433	1.4704	1.6466	-0.1031	1.0915	0.6517	-9.9658	1.0293	-0.1665	0.1388	-4.2934	2.6232	1.125	1.105	0.1388	-2.1779	-2.7274	-1.2828	0.2881	-2.0529	0.9268	0.099	-0.7108	-9.9658	-9.9658	-9.9658	-2.9324	-9.9658	-9.9658	1.949	-9.9658	-1.685	1.2576	1.8242	-0.5973	0.7058	0.2154	-9.9658	-2.4659	-1.8314	-0.013	-0.7108	-1.2828	1.3791	-1.2828	1.0642	-0.9132	-2.5479	1.3791	-0.1828	0.6425	3.2297	-0.2845	2.5852	0.4967	3.0127	2.5011	0.8164	0.5763	-0.1993	0.9343	-0.8084	-1.5951	0.9115	-3.1714	0.3346	0.8327	-9.9658	0.7321	-1.1172	-2.9324	-9.9658	-9.9658	1.5316	0.9493	-1.3183	-1.7809	0.2277	-1.8836	-0.5332	-0.0574	0.517	-1.3548	-0.0725	-4.035	-0.7108	-1.7322	-0.3201	0.0854	-0.7108	-2.7274	-0.4719	-0.5973	0.1388	-1.0862	-3.3076	2.5658	1.0151	0.4125	-0.7834	-0.4131	-0.4325	-0.013	1.4335	2.3106	1.1577	-0.5543	-9.9658	-2.1779	-0.1187	-9.9658	-0.5125	-0.4131	-1.8836	-2.5479	1.1577	-1.3921	-1.7809	-3.1714	-1.3921	-3.3076	-1.1488	-2.3147	-3.816	0.6145	0.5568	0.8164	-2.8262	-1.9379	-1.3921	1.6045	1.5661	2.8877	0.03	-0.1828	-0.7108	-0.0725	0.1519	1.3397	-0.6873	0.2642	0.5568	0.679	-0.5973	-0.5125	0.7493	-1.0559	-2.5479	-1.1488	1.1641	0.099	1.1184	-1.7809	0.1388	0.4865	0.688	-3.0469	3.309	0.517	0.4552	-1.9942	0.6145	-3.1714	0.8647	1.9415	-9.9658	0.3573	0.5069	1.1706	0.9115	-1.7809	-2.3884	0.1124	0.1776	0.2762	1.9415	-0.9686
LGALS3-205	ENST00000556263.1	-0.1345	0.3231	0.3346	-0.5332	-1.4699	-1.7809	-0.6643	-0.5125	-0.9971	-2.8262	-1.3921	-1.9379	-2.1779	-1.8314	-0.6873	-9.9658	-9.9658	0.9419	-9.9658	-0.3752	1.0573	-0.3566	-9.9658	-2.8262	-1.3921	-2.9324	-1.0262	-0.7346	-9.9658	-9.9658	-9.9658	-9.9658	-9.9658	-9.9658	-9.9658	1.196	-9.9658	-1.685	-0.5543	-0.1665	0.2762	0.1257	0.3231	-2.9324	-0.2328	-9.9658	-9.9658	-1.1811	0.1124	0.5568	-9.9658	-0.7108	0.688	-0.2845	0.9419	-1.0862	-9.9658	0.1124	-0.8084	0.2277	-2.7274	0.346	0.7579	-9.9658	-1.5951	-0.0725	-1.3548	-0.8863	-0.9406	0.8647	-9.9658	-2.7274	0.6517	-9.9658	0.3907	-1.4699	-0.2498	0.1257	-9.9658	-1.1172	-0.7108	0.7664	-3.6259	-0.6416	-3.458	-0.7346	-9.9658	0.7146	-1.2828	0.1519	-9.9658	-0.7588	-9.9658	0.5955	-0.3022	-0.8863	-3.0469	-1.5105	-0.9686	-1.8836	-0.5973	-0.5543	1.105	1.0079	0.044	-9.9658	-0.4921	-1.9379	-1.2828	-0.1828	-0.6193	-2.3884	0.346	-1.3921	-1.4699	-2.6349	-2.7274	0.517	0.3685	-1.8314	-9.9658	-0.7834	-0.4719	-0.5125	-1.7322	-1.1811	-2.9324	-1.3548	-9.9658	-1.0862	0.7916	-0.8599	1.3397	-2.1779	1.4174	-0.1187	0.3346	0.2154	0.434	0.346	-9.9658	-1.3183	-9.9658	-2.5479	-0.4719	-2.114	-0.7346	0.1124	-0.2159	-1.0262	0.1776	0.7579	-0.1504	-1.9942	-1.3921	1.6187	1.3846	1.8879	-2.5479	-2.3147	-0.013	-1.2828	-9.9658	1.196	0.346	-0.1665	0.4657	0.1776	0.2277	-1.3548	1.0007	-1.3183	-9.9658	-2.2447	0.4016	-0.6873	-1.4305	-9.9658	0.3796	0.2998	-2.2447	0.679	-9.9658
LGALS3-206	ENST00000556322.1	0.3796	-2.5479	-0.0277	-9.9658	-9.9658	-0.7588	-1.7809	-1.4699	-1.0262	-9.9658	-9.9658	-0.9132	-9.9658	-9.9658	-0.6643	-9.9658	-9.9658	-1.9942	-9.9658	-0.6643	1.0293	-6.5064	-2.6349	-3.1714	-1.4305	-2.114	-0.3566	-9.9658	-0.9971	-9.9658	-9.9658	-2.2447	-9.9658	-9.9658	-9.9658	-0.1345	-9.9658	-9.9658	-1.6394	0.1648	-2.3147	-0.9686	-2.8262	-9.9658	-0.6416	-1.8314	-2.8262	0.3573	-2.6349	-3.0469	-9.9658	0.0014	0.8961	-9.9658	-9.9658	-0.5973	-9.9658	-0.4131	-0.0725	-0.7834	-0.7834	-1.0862	0.5271	-1.6394	0.8082	-0.3383	0.2029	-9.9658	-0.6416	-9.9658	-1.5105	-9.9658	-1.0862	-9.9658	-0.1665	-9.9658	0.2522	-2.4659	-9.9658	-1.1488	-0.394	-9.9658	-3.6259	-3.1714	-9.9658	-9.9658	-9.9658	0.3573	0.517	-9.9658	-3.6259	-3.1714	-9.9658	-1.0862	-2.5479	-2.9324	-1.1811	-4.035	-1.4305	-1.9942	-0.1504	-9.9658	1.125	0.9642	0.2277	-9.9658	-3.458	-1.0862	-0.8084	-9.9658	-2.2447	-1.3183	-0.4521	-2.9324	-9.9658	-9.9658	-2.6349	-2.9324	-9.9658	-0.9686	-1.1811	-1.8314	-1.8314	-9.9658	-9.9658	-0.6193	-9.9658	-3.3076	-3.1714	-9.9658	-1.1488	-0.9406	-9.9658	-9.9658	0.8246	-2.3147	-9.9658	-0.0277	0.6517	-0.0425	-2.9324	-2.6349	-0.9971	-1.5951	-9.9658	-2.5479	-2.3884	-0.9406	-0.7588	-2.9324	-2.7274	-0.0574	-9.9658	-2.9324	-9.9658	-9.9658	-5.5735	-0.7108	-9.9658	-2.3884	-2.3147	-1.4699	-1.7322	-0.0574	-1.4699	-0.1993	-9.9658	0.1257	-0.8863	-0.1993	-0.9406	-3.0469	-9.9658	-2.4659	-0.8599	0.1519	-9.9658	-2.114	-9.9658	-4.035	-9.9658	-1.3183	-9.9658
LGALS3-207	ENST00000556438.6	2.5924	4.4751	4.6854	3.4437	2.0844	3.3364	3.8788	3.5073	3.2143	2.0289	4.1392	3.9947	0.5763	3.3521	3.8847	3.8886	-0.1504	5.5772	3.728	3.6451	4.0696	4.166	0.2154	3.0056	3.6428	3.2885	3.871	3.6635	2.9692	-0.394	-0.9132	-0.3201	-0.9686	-2.0529	-4.6082	4.576	-0.7346	2.4332	3.7909	4.0506	3.8954	4.3335	4.0584	-0.8863	2.118	2.2299	4.6577	2.7742	2.2573	4.3234	2.9765	4.0523	5.0571	1.8119	5.2149	3.6042	3.4197	4.6171	4.4417	4.5717	3.8167	5.7173	5.2442	3.2018	3.9938	4.3958	3.9251	3.5224	2.7073	3.992	0.9268	2.4117	5.2377	2.8381	4.8146	3.4907	4.1466	4.6793	2.5087	4.3772	4.0471	2.872	2.1894	4.2274	2.4063	3.3134	3.5935	3.1924	3.3549	3.4034	2.8819	2.7205	1.0151	2.872	5.1478	2.7826	1.9111	3.864	3.2189	3.9487	3.7539	3.2018	4.7798	4.3807	3.8511	1.6512	3.222	3.5971	3.4061	3.9673	4.2965	3.1011	3.0446	2.6348	3.6101	2.7487	1.4911	2.59	2.3926	2.1606	3.1162	3.9947	2.6067	2.7951	3.3856	2.7073	1.5612	2.0844	2.1013	1.6045	4.3827	3.4791	3.6405	2.1247	3.2389	1.5064	4.3541	3.831	5.1052	3.6861	2.1798	2.9839	3.7367	3.1426	4.2877	2.7551	3.6612	3.4583	4.5274	2.8602	3.6657	4.3986	3.3647	2.3251	1.1706	5.3266	4.7767	4.6485	4.14	4.6271	3.9012	3.5047	2.118	5.6619	3.6635	4.2721	2.7379	4.327	3.9617	4.7099	4.6491	3.186	2.5536	3.0092	4.8793	3.97	3.4569	2.6278	3.6113	3.5572	3.4894	4.8064	2.2513
LRRC32-201	ENST00000260061.9	4.1523	4.9016	4.7866	4.7981	5.0653	5.4253	4.7121	4.8345	4.6445	3.4907	2.5188	5.2265	5.3934	5.1248	4.5117	4.0171	1.4704	4.1595	4.6871	4.4549	4.7127	4.891	3.5086	2.8897	4.8074	3.6184	5.4552	4.9819	4.5705	2.9562	4.5117	3.9599	3.47	3.8411	2.694	4.5098	3.1908	4.8565	4.0401	4.8778	5.2087	4.3938	3.2236	1.2085	6.3553	5.3586	4.6988	4.085	4.4067	4.1756	4.8615	5.374	5.2743	4.6983	4.1236	5.2836	1.7489	3.8239	5.5062	3.4437	4.5104	4.8365	3.1409	3.3407	3.2826	2.8422	4.1852	4.2366	5.1635	5.0679	2.6043	4.7714	3.9965	4.5224	4.8365	4.7814	3.5923	3.3759	-1.5105	5.5142	4.0645	0.7146	4.585	4.7714	4.4176	5.5826	5.0299	3.6219	6.3094	4.6697	4.6977	5.1273	4.0816	5.3785	4.9089	3.603	5.1445	5.0687	3.7193	3.0181	5.6074	3.716	6.007	6.1129	4.8141	3.3773	4.347	5.625	5.0374	4.1458	4.812	4.9108	4.2274	5.63	4.0136	5.7835	3.47	5.5592	5.5729	5.1831	4.9589	4.1644	4.935	5.3886	4.1036	5.7209	4.9165	4.7263	4.9561	3.5461	5.4925	5.5571	3.5572	5.8448	5.2913	4.8949	3.9792	3.4398	3.7646	2.2543	3.1475	4.6018	2.9784	5.5037	4.3399	4.8861	5.2242	5.3205	4.5002	5.9458	4.637	3.7836	2.8582	3.5399	3.4344	5.2533	3.4881	4.3321	4.0304	3.6312	4.579	5.1764	4.5681	3.9589	4.4575	4.8228	5.0343	1.7786	3.2796	5.6171	2.7007	4.0773	6.0	5.353	4.9801	5.6482	5.1981	5.6514	5.4938	5.9939	4.6006	3.0876	4.3979
LRRC32-202	ENST00000404995.5	1.2636	1.3109	0.9716	1.5612	1.8683	1.5165	2.1345	2.236	2.0254	0.24	-0.9132	1.4652	1.9188	1.2576	1.6045	1.2147	-2.5479	0.7321	0.9716	1.4859	1.4652	2.0218	0.688	0.0158	1.6558	0.7916	2.0183	1.884	1.816	-0.9686	2.5061	1.2756	-0.4719	0.8883	-0.3566	1.2023	0.099	1.2516	-0.1828	1.6695	1.7141	0.3115	0.434	-0.7834	3.0199	2.4198	2.0878	1.1641	1.7954	1.2085	2.1047	2.3564	2.183	1.7702	0.6517	1.8484	-1.4699	0.6239	2.4883	-0.1187	0.9115	1.1577	-0.6873	0.434	-0.5543	-0.5756	1.5216	1.2455	2.2144	2.6783	-0.5543	1.8604	1.9638	2.5658	2.7931	2.0465	0.7058	0.1903	-9.9658	2.2931	1.3735	-1.1811	0.9419	2.128	0.8246	2.0673	1.8404	-0.3566	3.4197	1.5216	1.3956	1.7575	1.2756	1.5013	1.0983	0.9115	2.362	2.5163	0.7999	-1.0262	2.9802	1.7403	3.2572	3.1781	1.7912	0.4967	0.8408	2.3451	1.1447	0.8164	2.0111	2.5036	1.5465	2.3536	1.3791	1.7489	0.3685	2.7249	2.909	2.2753	2.1798	0.3115	2.2693	1.6281	0.4447	2.4144	2.3019	1.614	0.8408	0.6425	2.328	2.1476	0.605	2.5213	2.3366	2.2019	0.688	1.0007	0.5666	-0.1993	0.0854	1.6649	0.434	2.609	1.0573	1.6327	2.3106	2.1247	1.1577	2.6533	1.7141	0.9191	-0.6873	0.03	0.8647	2.6533	-0.013	0.9115	1.3735	0.434	2.0707	2.3732	1.7009	0.4016	1.4652	2.0912	1.5563	-0.7346	0.2277	2.2452	-0.6416	0.7832	3.5535	1.692	1.7702	2.4359	1.6093	2.4934	2.9356	3.4156	1.3567	0.2998	1.0779
LRRC32-203	ENST00000407242.6	2.1638	1.7053	2.3871	3.5349	2.8199	2.872	2.694	2.5413	2.1798	1.8801	-0.4521	2.7205	4.1392	2.9948	1.7532	2.3704	-9.9658	1.9638	1.8078	2.0569	1.7053	0.9343	1.1447	0.4552	2.9581	1.4547	2.9525	3.2632	2.0878	-0.6193	1.6964	0.5069	-0.7108	0.2522	-1.4699	2.6067	1.6558	2.4883	1.9302	2.8799	2.4544	1.6466	2.1147	-3.0469	3.7836	3.0654	2.7594	2.9857	2.3981	2.4386	1.7532	2.8462	2.6873	1.4962	0.8647	3.6405	-2.3147	0.9493	3.6428	0.9191	0.6517	2.8158	0.7832	1.2147	0.2154	-0.3566	1.1641	2.2813	3.3619	1.177	-2.8262	2.1213	2.2543	2.8602	2.5828	3.1129	0.9862	-0.3752	-9.9658	3.4583	1.196	-1.1488	3.4984	3.7248	3.1588	4.3349	2.8034	1.1641	4.4149	2.1894	2.7051	3.4556	2.5263	3.8391	3.4277	2.1734	2.1862	3.4635	1.8119	-0.0725	2.6693	0.9191	2.4597	3.1228	2.5263	1.5854	1.736	3.8876	1.6187	1.1117	1.5013	2.2268	2.3308	4.1409	4.1748	3.9938	2.0979	3.0654	3.2034	3.3952	3.5187	3.6066	3.5851	3.5098	1.614	4.0198	3.421	4.5772	3.2692	0.8082	2.9948	3.3521	1.1316	3.5887	3.9232	2.8779	0.8647	1.3109	2.0254	0.605	0.8726	2.872	0.4761	3.1294	1.884	3.2572	3.637	2.9507	1.8119	4.3855	1.8762	2.3898	0.8883	-1.0862	1.0222	3.3407	-0.8339	2.3135	0.547	1.412	2.9432	2.7487	2.1476	1.5514	2.0183	2.8819	3.3535	-0.7108	-0.2328	2.7422	-0.3383	1.7009	3.8541	2.6873	1.9675	3.5199	3.0127	2.7993	3.3235	3.6961	3.2557	-0.0877	1.4065
LRRC32-204	ENST00000421973.1	-9.9658	-9.9658	-9.9658	-9.9658	-9.9658	-9.9658	-9.9658	-9.9658	-9.9658	-9.9658	-9.9658	-9.9658	-9.9658	-9.9658	-9.9658	-9.9658	-9.9658	-9.9658	-9.9658	-9.9658	-9.9658	-9.9658	-9.9658	-9.9658	-9.9658	-9.9658	-9.9658	-9.9658	-9.9658	-9.9658	-9.9658	-9.9658	-9.9658	-9.9658	-9.9658	-9.9658	-9.9658	-9.9658	-9.9658	-9.9658	-9.9658	-9.9658	-9.9658	-9.9658	-9.9658	-9.9658	-9.9658	-9.9658	-9.9658	-9.9658	-9.9658	-9.9658	-9.9658	-9.9658	-9.9658	-9.9658	-9.9658	-9.9658	-9.9658	-9.9658	-9.9658	-9.9658	-9.9658	-9.9658	-9.9658	-9.9658	-9.9658	-9.9658	-9.9658	-9.9658	-9.9658	-9.9658	-9.9658	-9.9658	-9.9658	-9.9658	-9.9658	-9.9658	-9.9658	-9.9658	-9.9658	-9.9658	-9.9658	-9.9658	-9.9658	-9.9658	-9.9658	-9.9658	-9.9658	-9.9658	-9.9658	-9.9658	-9.9658	-9.9658	-9.9658	-9.9658	-9.9658	-9.9658	-9.9658	-9.9658	-9.9658	-9.9658	-9.9658	-9.9658	-9.9658	-9.9658	-9.9658	-9.9658	-9.9658	-9.9658	-9.9658	-9.9658	-9.9658	-9.9658	-9.9658	-9.9658	-9.9658	-9.9658	-9.9658	-9.9658	-9.9658	-9.9658	-9.9658	-9.9658	-9.9658	-9.9658	-9.9658	-9.9658	-9.9658	-9.9658	-9.9658	-9.9658	-9.9658	-9.9658	-9.9658	-9.9658	-9.9658	-9.9658	-9.9658	-9.9658	-9.9658	-9.9658	-9.9658	-9.9658	-9.9658	-9.9658	-9.9658	-9.9658	-9.9658	-9.9658	-9.9658	-9.9658	-9.9658	-9.9658	-9.9658	-9.9658	-9.9658	-9.9658	-9.9658	-9.9658	-9.9658	-9.9658	-9.9658	-9.9658	-9.9658	-9.9658	-9.9658	-9.9658	-9.9658	-9.9658	-9.9658	-9.9658	-9.9658	-9.9658	-9.9658	-9.9658	-9.9658	-9.9658	-9.9658	-9.9658	-9.9658	-9.9658	-9.9658
LRRC32-205	ENST00000464145.1	4.4463	5.4562	5.2107	5.7565	5.4608	5.546	5.206	4.1359	4.3793	4.1449	4.1252	6.0743	6.1954	5.1867	3.29	5.2021	3.7825	3.9393	5.3913	3.8411	5.6068	6.889	4.3378	5.4555	5.1559	4.8645	5.6496	5.7159	5.5361	4.2877	2.9071	3.7773	2.2603	3.4945	2.5996	4.0653	1.7702	4.4647	3.9393	5.2246	5.7096	4.3162	1.7097	-0.1504	1.7316	3.3897	5.3402	4.1772	3.2435	3.4843	5.2438	4.232	5.7239	6.3987	4.2556	4.95	2.6533	4.3583	6.6417	3.8401	5.8061	5.5255	4.421	4.9237	4.0471	5.5684	4.8949	4.2472	4.9127	4.2335	2.6019	4.9964	4.4667	5.6144	4.0969	5.0562	4.8314	5.8069	2.7051	5.6358	4.6329	2.2206	3.8147	5.6091	4.717	3.4358	3.5187	-0.2845	4.6364	3.793	5.8765	4.1986	1.5854	2.3337	4.9208	3.6703	2.971	3.1261	1.7446	1.8242	4.5534	4.3335	5.8199	5.7751	4.8269	3.9118	4.162	5.1664	5.0862	4.5778	4.6849	4.8213	1.766	3.9506	4.7253	4.8146	3.5994	2.3337	1.8078	1.1512	5.3995	3.4464	4.359	4.3399	5.2646	3.1145	3.29	4.2833	3.3307	2.1925	3.9856	5.1934	3.4304	5.4559	4.7022	4.2743	4.3723	3.2065	3.7378	3.1987	2.8341	4.677	5.1518	3.5547	5.2638	4.466	5.4206	5.0479	4.2788	5.7785	3.7582	2.9839	3.1426	4.8069	2.7073	5.281	5.729	4.916	5.1807	5.342	5.1478	5.4916	5.6071	2.4701	4.49	4.5047	3.9746	2.4359	4.9208	6.5613	2.7679	5.0896	5.9798	5.9554	6.3334	5.6165	5.4499	5.5264	4.506	6.3946	5.2273	4.4189	4.811
PDCD1LG2-201	ENST00000397747.4	0.2762	-0.0425	0.4447	0.2642	-0.1665	0.2029	0.6699	1.2934	-0.9971	0.03	-1.5522	-0.9132	3.2587	0.24	0.2154	0.4761	-4.6082	-0.7834	-0.6873	-1.3183	-0.9132	-1.2142	-0.4131	-1.8836	-0.013	-0.9132	0.9419	1.0151	-0.1345	-2.5479	-1.8836	-0.7108	-1.7809	-1.2142	-2.8262	-0.2671	-0.6416	1.1512	-1.6394	-0.0725	0.6145	-1.3921	0.8488	-3.6259	0.5666	0.679	0.2029	0.7233	1.6327	-0.3752	1.2934	0.5763	-1.2481	-0.2671	-0.6873	1.4335	-4.2934	-1.7809	1.2992	-3.458	0.0014	-0.7346	-1.7322	-1.8836	-0.7834	-0.2159	-1.685	-0.3566	0.7916	1.1577	2.4439	-0.4325	-1.685	0.5568	0.5069	0.4967	0.1776	0.4657	-3.816	1.0151	-1.4699	-3.6259	2.0604	1.0293	1.2023	1.1184	2.1013	0.2881	1.1512	0.2154	1.3225	1.2209	0.8327	2.3366	1.4174	-0.7588	0.517	2.3981	3.5324	0.1519	1.8996	1.1577	0.4016	0.7058	0.8246	-0.1828	0.2154	1.6187	-1.0559	-1.5105	-0.8339	-1.2828	0.4865	1.8484	2.7379	1.7575	-0.1187	2.236	1.4859	0.2277	0.9419	1.674	0.4967	1.4388	0.1519	1.4547	1.3397	2.4857	2.4544	0.1388	1.2576	1.0847	-1.7322	0.5859	1.8484	0.5763	-0.9132	-0.8084	-0.9132	0.1124	-1.3183	0.4233	0.4967	1.3679	0.7233	1.2756	2.1957	0.5069	0.2762	1.1833	0.2154	-0.1665	-1.3183	-1.8836	-0.8599	0.058	-0.2498	0.9268	0.4233	-0.7834	0.6239	-0.7346	0.3685	-0.0574	-0.5973	0.688	1.3679	-2.4659	-3.0469	-1.0559	-2.3147	1.0642	0.4016	0.3115	-0.5125	-0.2671	0.7146	0.5763	1.1316	1.4388	0.6145	-1.7322	1.2696
SIGLEC15-201	ENST00000389474.7	-3.3076	-1.5951	-2.6349	-9.9658	-9.9658	-9.9658	-2.4659	-3.1714	-4.6082	-4.035	-9.9658	-4.2934	0.2154	-4.2934	-3.3076	-2.1779	-9.9658	-4.2934	-3.0469	-9.9658	-2.7274	-4.6082	-9.9658	-4.6082	-2.2447	-2.9324	-2.1779	-3.458	-9.9658	1.3109	-2.6349	-9.9658	-4.035	-9.9658	-9.9658	-3.0469	-9.9658	-9.9658	-9.9658	-3.3076	-3.6259	-5.0116	-9.9658	-5.5735	-9.9658	-9.9658	-3.3076	-4.6082	-3.6259	-2.3884	-2.114	-9.9658	-3.458	-3.816	-9.9658	-2.114	-9.9658	-4.035	-3.0469	-9.9658	-9.9658	-3.1714	-9.9658	-9.9658	-9.9658	-9.9658	-4.6082	-9.9658	-9.9658	-2.3884	-3.1714	-2.7274	-2.7274	-3.6259	-4.6082	-9.9658	-9.9658	-4.6082	-9.9658	-2.4659	-9.9658	-9.9658	-5.0116	-9.9658	-2.8262	-4.6082	-9.9658	-9.9658	-4.6082	-5.5735	-9.9658	-3.6259	-5.0116	-4.6082	-3.6259	-9.9658	-3.1714	-4.2934	-5.0116	-9.9658	-3.816	-9.9658	-9.9658	-9.9658	-9.9658	-4.6082	-3.816	-9.9658	-3.1714	-9.9658	-4.2934	-3.458	-9.9658	-9.9658	-9.9658	-5.5735	-4.035	-2.1779	-3.1714	-4.6082	-9.9658	-3.1714	-9.9658	-9.9658	-9.9658	-1.4699	-4.2934	-3.6259	-4.6082	-9.9658	-4.035	-9.9658	-3.1714	-3.1714	-2.114	-2.6349	-9.9658	-3.816	-0.0425	-2.1779	-5.5735	-9.9658	-9.9658	-3.458	-2.2447	-3.6259	-2.3884	-4.2934	-3.6259	-9.9658	-3.1714	-6.5064	-9.9658	-3.1714	-9.9658	-4.035	-9.9658	-1.4699	-9.9658	-9.9658	-3.1714	-3.1714	-4.035	-9.9658	-9.9658	-1.5951	-9.9658	-9.9658	-3.1714	-9.9658	-9.9658	-9.9658	-3.458	-3.6259	-1.4699	-3.816	-5.0116	-9.9658	-9.9658	-2.6349	-9.9658	-9.9658	-9.9658
SIGLEC15-202	ENST00000546268.5	-9.9658	-9.9658	-9.9658	-9.9658	-9.9658	-9.9658	-3.816	-9.9658	-9.9658	-9.9658	-9.9658	-9.9658	-9.9658	-9.9658	-2.7274	-9.9658	-9.9658	-9.9658	-9.9658	-4.6082	-4.035	-9.9658	-9.9658	-9.9658	-9.9658	-9.9658	-3.0469	-4.6082	-4.2934	-9.9658	-4.2934	-9.9658	-3.816	-9.9658	-9.9658	-9.9658	-9.9658	-5.0116	-9.9658	-9.9658	-4.035	-9.9658	-9.9658	-9.9658	-5.5735	-9.9658	-9.9658	-4.2934	-3.816	-9.9658	-4.035	-4.035	-9.9658	-4.035	-9.9658	-9.9658	-9.9658	-9.9658	-9.9658	-9.9658	-4.035	-9.9658	-9.9658	-9.9658	-9.9658	-9.9658	-9.9658	-9.9658	-9.9658	-9.9658	-5.0116	-9.9658	-9.9658	-9.9658	-3.6259	-9.9658	-9.9658	-9.9658	-9.9658	-9.9658	-9.9658	-9.9658	-9.9658	-3.458	-9.9658	-9.9658	-5.5735	-9.9658	-9.9658	-9.9658	-9.9658	-4.035	-9.9658	-9.9658	-9.9658	-5.0116	-9.9658	-4.2934	-3.816	-5.5735	-9.9658	-5.5735	-3.458	-9.9658	-9.9658	-9.9658	-4.035	-9.9658	-9.9658	-4.6082	-9.9658	-3.458	-9.9658	-3.816	-9.9658	-9.9658	-9.9658	-2.9324	-4.6082	-9.9658	-9.9658	-9.9658	-5.5735	-9.9658	-9.9658	-9.9658	-9.9658	-9.9658	-4.6082	-5.5735	-5.0116	-9.9658	-9.9658	-9.9658	-4.6082	-9.9658	-9.9658	-9.9658	-2.2447	-2.1779	-9.9658	-9.9658	-5.0116	-9.9658	-9.9658	-9.9658	-3.3076	-9.9658	-5.0116	-4.6082	-9.9658	-5.5735	-9.9658	-4.6082	-3.816	-9.9658	-5.0116	-9.9658	-3.6259	-4.6082	-3.1714	-2.9324	-5.0116	-9.9658	-9.9658	-9.9658	-9.9658	-9.9658	-3.1714	-3.816	-9.9658	-9.9658	-9.9658	-9.9658	-9.9658	-9.9658	-9.9658	-4.6082	-9.9658	-9.9658	-9.9658	-1.7322	-9.9658
SIGLEC15-203	ENST00000587418.2	-9.9658	-3.816	-9.9658	-3.1714	-9.9658	-9.9658	-9.9658	-9.9658	-9.9658	-9.9658	-9.9658	-9.9658	-9.9658	-9.9658	-9.9658	-9.9658	-9.9658	-9.9658	-9.9658	-2.8262	-9.9658	-9.9658	-9.9658	-9.9658	-9.9658	-9.9658	-3.458	-9.9658	-9.9658	-4.035	-9.9658	-4.2934	-9.9658	-9.9658	-9.9658	-9.9658	-9.9658	-9.9658	-9.9658	-9.9658	-4.2934	-9.9658	-9.9658	-9.9658	-9.9658	-9.9658	-9.9658	-9.9658	-9.9658	-9.9658	-9.9658	-3.1714	-9.9658	-9.9658	-4.6082	-9.9658	-9.9658	-9.9658	-9.9658	-9.9658	-4.035	-9.9658	-9.9658	-9.9658	-9.9658	-9.9658	-9.9658	-9.9658	-9.9658	-9.9658	-9.9658	-9.9658	-9.9658	-9.9658	-9.9658	-3.816	-9.9658	-4.035	-4.6082	-9.9658	-9.9658	-4.6082	-9.9658	-3.3076	-9.9658	-9.9658	-9.9658	-9.9658	-9.9658	-9.9658	-9.9658	-9.9658	-9.9658	-9.9658	-9.9658	-9.9658	-3.816	-9.9658	-2.8262	-9.9658	-9.9658	-9.9658	-9.9658	-9.9658	-9.9658	-9.9658	-9.9658	-9.9658	-3.6259	-9.9658	-9.9658	-4.035	-9.9658	-9.9658	-9.9658	-9.9658	-9.9658	-3.816	-9.9658	-9.9658	-9.9658	-9.9658	-9.9658	-9.9658	-9.9658	-9.9658	-9.9658	-9.9658	-9.9658	-9.9658	-4.6082	-9.9658	-9.9658	-4.035	-9.9658	-9.9658	-9.9658	-9.9658	-9.9658	-9.9658	-9.9658	-9.9658	-3.1714	-9.9658	-9.9658	-9.9658	-9.9658	-9.9658	-9.9658	-9.9658	-9.9658	-9.9658	-9.9658	-9.9658	-9.9658	-9.9658	-9.9658	-3.1714	-4.6082	-9.9658	-3.6259	-9.9658	-5.5735	-9.9658	-9.9658	-9.9658	-9.9658	-9.9658	-9.9658	-2.4659	-9.9658	-9.9658	-9.9658	-9.9658	-9.9658	-9.9658	-9.9658	-9.9658	-9.9658	-4.035	-3.816	-1.7322	-4.035
SIGLEC15-204	ENST00000593178.2	2.1734	0.3685	-0.6873	-0.1828	-1.7322	-4.2934	2.3048	-0.8863	-1.3183	-2.7274	-0.7108	0.679	0.5069	-1.685	-1.0862	-0.1504	-5.5735	-0.6193	3.0358	3.2435	-0.4521	-1.2828	-5.5735	-1.7809	1.334	-1.0559	2.7763	0.2154	-2.4659	3.7335	0.1124	-3.1714	-0.0725	-4.6082	-5.5735	-1.1172	-3.816	-0.4131	-1.9379	-1.3921	-1.5951	-2.4659	0.517	-4.2934	-1.7322	-1.3548	-0.5973	-1.5105	-2.1779	1.6374	0.1648	0.7748	3.5312	-0.6643	-2.4659	0.099	-5.5735	-2.5479	-1.2142	-2.3884	-0.6873	0.1124	0.5955	0.0854	-1.685	-0.8863	-2.1779	-0.1187	-1.4699	-0.2845	-0.7834	0.4552	2.2391	-1.9942	1.7702	-1.4305	-1.4305	-2.5479	-0.8599	-1.4699	-0.1345	-9.9658	-1.2828	3.7678	0.8488	0.0158	-0.8599	1.3397	-1.1172	0.6145	0.03	-0.6193	-1.9379	-1.3548	-0.4921	-3.3076	-1.2481	0.9935	-0.013	0.8488	-0.6643	-2.8262	0.24	-1.3183	-0.5543	-1.685	-0.5543	-1.5105	-0.9132	-0.6416	-2.7274	1.6045	-0.0725	-2.1779	-1.1172	-0.0574	-1.9942	1.9931	-1.8314	-2.5479	-1.0559	1.4011	-1.8314	-1.0262	-1.3921	2.7401	0.0718	-0.4521	0.6145	-2.114	1.8282	-2.6349	2.5087	-0.8084	-0.7834	-1.5105	-3.1714	-2.0529	1.8282	2.5137	-2.4659	-2.0529	2.004	-0.6643	1.884	-2.8262	-1.2481	0.605	-1.0862	-2.0529	1.3956	-3.1714	-1.8836	-2.4659	-2.3147	-1.8314	-2.0529	0.9716	-2.2447	0.1648	2.2813	-0.3022	-1.5951	0.9268	-1.685	1.2394	0.9935	-4.2934	4.0118	0.2277	-2.3884	-1.4699	-0.9132	-0.3383	-0.6416	-1.7809	-2.7274	-1.8836	-0.4521	-0.5332	-1.8314	2.6161	-1.1811
SIGLEC15-205	ENST00000602118.6	-9.9658	-9.9658	-1.5105	-9.9658	-9.9658	-9.9658	-5.0116	-9.9658	-9.9658	-5.5735	-9.9658	-9.9658	-0.7834	-9.9658	-9.9658	-9.9658	-9.9658	-9.9658	-9.9658	-9.9658	-9.9658	-9.9658	-5.5735	-4.2934	-9.9658	-4.035	-2.0529	-1.9379	-9.9658	-9.9658	-9.9658	-9.9658	-9.9658	-9.9658	-9.9658	-9.9658	-9.9658	-9.9658	-9.9658	-2.1779	-9.9658	-9.9658	-4.2934	-9.9658	-9.9658	-9.9658	-9.9658	-9.9658	-5.5735	-0.0425	-9.9658	-9.9658	-9.9658	-1.5105	-6.5064	-9.9658	-9.9658	-9.9658	-4.6082	-3.458	-2.9324	-1.7322	-9.9658	-0.9132	-9.9658	-1.7809	-9.9658	-9.9658	-9.9658	-9.9658	-9.9658	-2.3884	-9.9658	-9.9658	-9.9658	-9.9658	-9.9658	-3.816	2.826	-9.9658	-9.9658	-3.3076	-3.3076	-9.9658	-9.9658	-9.9658	-9.9658	-4.2934	-3.6259	-9.9658	-9.9658	-9.9658	-9.9658	-9.9658	-9.9658	-3.458	-9.9658	-1.8836	-2.9324	-4.2934	-9.9658	-9.9658	-9.9658	-1.685	-3.3076	-5.5735	-9.9658	-1.9942	-9.9658	-9.9658	-3.3076	-9.9658	-9.9658	-2.0529	-9.9658	-3.1714	-4.035	-9.9658	-9.9658	-9.9658	-9.9658	-9.9658	-4.6082	-9.9658	-9.9658	-9.9658	-9.9658	-9.9658	-9.9658	-9.9658	-9.9658	-4.6082	-9.9658	-2.3884	-6.5064	-9.9658	-9.9658	-6.5064	-9.9658	-1.5522	-9.9658	-3.816	-9.9658	-1.9379	-9.9658	-9.9658	-2.3884	-9.9658	-3.1714	-3.3076	-9.9658	-9.9658	-5.0116	-2.114	-6.5064	-4.2934	-0.7834	-2.5479	-2.1779	-9.9658	-4.6082	-9.9658	-9.9658	-9.9658	-2.114	-1.1488	-9.9658	-9.9658	-2.8262	-9.9658	-3.3076	-2.2447	-9.9658	-9.9658	-9.9658	-2.2447	-9.9658	-9.9658	-9.9658	-9.9658	-9.9658	-9.9658	-9.9658
TDO2-201	ENST00000503634.5	-9.9658	-9.9658	-9.9658	-9.9658	-9.9658	-9.9658	-9.9658	-9.9658	-9.9658	-9.9658	-4.2934	-9.9658	-0.9686	-9.9658	-9.9658	-9.9658	-9.9658	-9.9658	-9.9658	-9.9658	-9.9658	-9.9658	-9.9658	-9.9658	-9.9658	-9.9658	-9.9658	-3.816	-9.9658	-9.9658	-9.9658	-4.035	-9.9658	-9.9658	-9.9658	-9.9658	-9.9658	-9.9658	-9.9658	-9.9658	-9.9658	-9.9658	-9.9658	-9.9658	-9.9658	-9.9658	-9.9658	-9.9658	-9.9658	-9.9658	-9.9658	-9.9658	-9.9658	-9.9658	-9.9658	-9.9658	-9.9658	-9.9658	-9.9658	-9.9658	-9.9658	-9.9658	-9.9658	-9.9658	-9.9658	-9.9658	-9.9658	-3.816	-4.035	-9.9658	-9.9658	-9.9658	-9.9658	-9.9658	-9.9658	-9.9658	-9.9658	-9.9658	-9.9658	-9.9658	-9.9658	-9.9658	-9.9658	-9.9658	-9.9658	-9.9658	-9.9658	-4.6082	-9.9658	-9.9658	-9.9658	-9.9658	-9.9658	-9.9658	-9.9658	-9.9658	-9.9658	-3.0469	-9.9658	-9.9658	-9.9658	-3.0469	-9.9658	-9.9658	-9.9658	-9.9658	-9.9658	-9.9658	-9.9658	-9.9658	-9.9658	-9.9658	-9.9658	-9.9658	-9.9658	-3.458	-9.9658	-4.6082	-9.9658	-9.9658	-9.9658	-9.9658	-9.9658	-9.9658	-9.9658	-9.9658	-9.9658	-9.9658	-9.9658	-9.9658	-9.9658	-9.9658	-9.9658	-9.9658	-9.9658	-9.9658	-9.9658	-9.9658	-9.9658	-9.9658	-9.9658	-9.9658	-9.9658	-9.9658	-9.9658	-9.9658	-9.9658	-9.9658	-9.9658	-9.9658	-9.9658	-9.9658	-9.9658	-4.2934	-9.9658	-9.9658	-9.9658	-9.9658	-9.9658	-9.9658	-9.9658	-9.9658	-9.9658	-9.9658	-9.9658	-9.9658	-9.9658	-9.9658	-9.9658	-9.9658	-9.9658	-9.9658	-9.9658	-9.9658	-9.9658	-9.9658	-9.9658	-9.9658	-9.9658	-9.9658	-9.9658	-9.9658	-9.9658
TDO2-202	ENST00000506072.5	-9.9658	-9.9658	-9.9658	-9.9658	-9.9658	-2.0529	-9.9658	-9.9658	-9.9658	-9.9658	-9.9658	-9.9658	0.099	-9.9658	-9.9658	-9.9658	-9.9658	-9.9658	-9.9658	-9.9658	-9.9658	-9.9658	-9.9658	-9.9658	-9.9658	-9.9658	-3.458	-9.9658	-9.9658	-9.9658	-9.9658	-9.9658	-9.9658	-9.9658	-9.9658	-9.9658	-9.9658	-9.9658	-9.9658	-9.9658	-9.9658	-9.9658	-9.9658	-6.5064	-9.9658	-9.9658	-9.9658	-9.9658	-9.9658	-9.9658	-9.9658	-9.9658	-9.9658	-9.9658	-9.9658	-9.9658	-9.9658	-9.9658	-9.9658	-9.9658	-9.9658	-9.9658	-9.9658	-9.9658	-9.9658	-9.9658	-9.9658	-3.1714	-9.9658	-9.9658	-9.9658	-3.3076	-9.9658	-9.9658	-9.9658	-9.9658	-9.9658	-9.9658	-9.9658	-9.9658	-9.9658	-9.9658	-9.9658	-9.9658	-9.9658	-9.9658	-9.9658	-9.9658	-9.9658	-9.9658	-9.9658	-9.9658	-9.9658	-9.9658	-9.9658	-9.9658	-9.9658	-9.9658	-3.6259	-9.9658	-9.9658	-9.9658	-9.9658	-9.9658	-9.9658	-9.9658	-9.9658	-9.9658	-9.9658	-9.9658	-9.9658	-9.9658	-9.9658	-9.9658	-9.9658	-9.9658	-9.9658	-2.7274	-3.3076	-9.9658	-9.9658	-9.9658	-9.9658	-9.9658	-9.9658	-1.3183	-9.9658	-1.4699	-9.9658	-9.9658	-9.9658	-3.6259	-9.9658	-9.9658	-2.8262	-9.9658	-9.9658	-9.9658	-9.9658	-9.9658	-9.9658	-9.9658	-9.9658	-9.9658	-9.9658	-9.9658	-9.9658	-9.9658	-9.9658	-9.9658	-9.9658	-9.9658	-9.9658	-9.9658	-9.9658	-9.9658	-9.9658	-9.9658	-9.9658	-9.9658	-9.9658	-9.9658	-9.9658	-9.9658	-9.9658	-9.9658	-9.9658	-9.9658	-9.9658	-9.9658	-9.9658	-9.9658	-9.9658	-9.9658	-9.9658	-9.9658	-9.9658	-9.9658	-9.9658	-9.9658	-9.9658	-9.9658	-9.9658
TDO2-203	ENST00000506181.5	-9.9658	-9.9658	-9.9658	-9.9658	-9.9658	-3.6259	-9.9658	-9.9658	-9.9658	-5.0116	-9.9658	-9.9658	-3.3076	-9.9658	-9.9658	-9.9658	-9.9658	-9.9658	-9.9658	-9.9658	-9.9658	-9.9658	-9.9658	-9.9658	-4.6082	-9.9658	-5.0116	-9.9658	-9.9658	-9.9658	-9.9658	-4.6082	-9.9658	-4.6082	-9.9658	-9.9658	-4.2934	-9.9658	-9.9658	-9.9658	-9.9658	-9.9658	-9.9658	-9.9658	-9.9658	-9.9658	-9.9658	-9.9658	-9.9658	-9.9658	-9.9658	-9.9658	-9.9658	-9.9658	-9.9658	-9.9658	-9.9658	-9.9658	-9.9658	-9.9658	-9.9658	-9.9658	-9.9658	-9.9658	-9.9658	-9.9658	-9.9658	-3.0469	-9.9658	-9.9658	-9.9658	-4.6082	-9.9658	-9.9658	-9.9658	-9.9658	-9.9658	-9.9658	-9.9658	-9.9658	-9.9658	-9.9658	-9.9658	-9.9658	-9.9658	-9.9658	-9.9658	-9.9658	-9.9658	-9.9658	-9.9658	-9.9658	-9.9658	-9.9658	-9.9658	-9.9658	-9.9658	-4.6082	-9.9658	-9.9658	-9.9658	-9.9658	-9.9658	-9.9658	-9.9658	-9.9658	-9.9658	-9.9658	-9.9658	-9.9658	-9.9658	-9.9658	-9.9658	-9.9658	-9.9658	-9.9658	-9.9658	-9.9658	-9.9658	-9.9658	-9.9658	-9.9658	-9.9658	-9.9658	-9.9658	-9.9658	-9.9658	-9.9658	-9.9658	-9.9658	-5.0116	-9.9658	-9.9658	-9.9658	-9.9658	-9.9658	-9.9658	-9.9658	-9.9658	-9.9658	-9.9658	-9.9658	-9.9658	-4.6082	-9.9658	-9.9658	-4.6082	-9.9658	-9.9658	-9.9658	-9.9658	-9.9658	-9.9658	-9.9658	-9.9658	-9.9658	-9.9658	-9.9658	-9.9658	-9.9658	-9.9658	-9.9658	-9.9658	-9.9658	-9.9658	-9.9658	-4.6082	-9.9658	-9.9658	-9.9658	-9.9658	-9.9658	-9.9658	-9.9658	-9.9658	-9.9658	-9.9658	-9.9658	-9.9658	-9.9658	-9.9658	-9.9658	-9.9658
TDO2-204	ENST00000507590.5	-9.9658	-9.9658	-9.9658	-9.9658	-9.9658	-9.9658	-9.9658	-9.9658	-9.9658	-9.9658	-9.9658	-9.9658	-9.9658	-9.9658	-9.9658	-9.9658	-9.9658	-3.6259	-9.9658	-9.9658	-9.9658	-9.9658	-9.9658	-9.9658	-9.9658	-9.9658	-9.9658	-9.9658	-9.9658	-9.9658	-9.9658	-9.9658	-9.9658	-9.9658	-9.9658	-9.9658	-2.0529	-9.9658	-9.9658	-9.9658	-9.9658	-9.9658	-9.9658	-9.9658	-9.9658	-9.9658	-9.9658	-9.9658	-9.9658	-9.9658	-9.9658	-9.9658	-9.9658	-9.9658	-9.9658	-9.9658	-9.9658	-9.9658	-2.7274	-9.9658	-9.9658	-9.9658	-9.9658	-9.9658	-9.9658	-9.9658	-9.9658	-9.9658	-9.9658	-9.9658	-9.9658	-9.9658	-9.9658	-9.9658	-9.9658	-9.9658	-9.9658	-9.9658	-9.9658	-9.9658	-9.9658	-9.9658	-9.9658	-9.9658	-9.9658	-9.9658	-9.9658	-9.9658	-9.9658	-9.9658	-9.9658	-9.9658	-9.9658	-9.9658	-9.9658	-9.9658	-9.9658	-9.9658	-9.9658	-9.9658	-9.9658	-9.9658	-9.9658	-9.9658	-9.9658	-9.9658	-9.9658	-9.9658	-9.9658	-9.9658	-9.9658	-9.9658	-9.9658	-9.9658	-9.9658	-9.9658	-9.9658	-9.9658	-9.9658	-9.9658	-9.9658	-9.9658	-9.9658	-9.9658	-9.9658	-9.9658	-9.9658	-9.9658	-2.3884	-9.9658	-9.9658	-9.9658	-9.9658	-9.9658	-9.9658	-9.9658	-9.9658	-9.9658	-9.9658	-9.9658	-9.9658	-9.9658	-9.9658	-9.9658	-9.9658	-9.9658	-9.9658	-9.9658	-9.9658	-9.9658	-9.9658	-9.9658	-9.9658	-9.9658	-9.9658	-9.9658	-9.9658	-9.9658	-9.9658	-9.9658	-9.9658	-9.9658	-9.9658	-9.9658	-9.9658	-2.1779	-9.9658	-9.9658	-9.9658	-9.9658	-9.9658	-9.9658	-9.9658	-9.9658	-9.9658	-9.9658	-9.9658	-9.9658	-9.9658	-9.9658	-9.9658	-9.9658	-9.9658
TDO2-205	ENST00000509738.1	-9.9658	-3.1714	-9.9658	-3.458	-9.9658	-3.1714	-9.9658	-9.9658	-9.9658	-9.9658	-5.0116	-9.9658	-4.6082	-4.035	-9.9658	-9.9658	-9.9658	-9.9658	-9.9658	-3.6259	-9.9658	-9.9658	-9.9658	-9.9658	-9.9658	-5.0116	-5.0116	-9.9658	-9.9658	-9.9658	-9.9658	-9.9658	-9.9658	-9.9658	-9.9658	-9.9658	-9.9658	-9.9658	-9.9658	-4.6082	-4.6082	-5.0116	-9.9658	-9.9658	-2.7274	-9.9658	-9.9658	-4.035	-3.816	-4.6082	-9.9658	-2.8262	-9.9658	-9.9658	-5.0116	-3.458	-9.9658	-4.035	-9.9658	-9.9658	-9.9658	-2.9324	-9.9658	-9.9658	-5.0116	-9.9658	-9.9658	-3.816	-2.1779	-9.9658	-9.9658	-9.9658	-9.9658	-3.6259	-4.2934	-3.458	-9.9658	-9.9658	-9.9658	-9.9658	-9.9658	-9.9658	-9.9658	-3.6259	-9.9658	-9.9658	-3.458	-3.6259	-9.9658	-9.9658	-9.9658	-1.8314	-4.2934	-9.9658	-3.458	-4.035	-4.6082	-4.6082	-2.9324	-2.9324	-3.6259	-9.9658	-4.6082	-2.8262	-9.9658	-9.9658	-9.9658	-9.9658	-4.6082	-9.9658	-4.6082	-3.0469	-9.9658	-4.6082	-9.9658	-5.0116	-9.9658	-5.5735	-3.6259	-9.9658	-4.035	-9.9658	-9.9658	-4.2934	-5.0116	-9.9658	-3.816	-4.6082	-2.4659	-5.5735	-4.2934	-5.0116	-9.9658	-3.0469	-4.6082	-3.816	-9.9658	-9.9658	-4.6082	-9.9658	-9.9658	-9.9658	-5.0116	-3.6259	-9.9658	-2.6349	-2.5479	-4.2934	-9.9658	-4.6082	-3.816	-3.6259	-9.9658	-9.9658	-9.9658	-9.9658	-9.9658	-9.9658	-5.0116	-9.9658	-9.9658	-4.6082	-9.9658	-9.9658	-9.9658	-4.035	-9.9658	-9.9658	-5.0116	-9.9658	-3.6259	-9.9658	-4.035	-9.9658	-9.9658	-4.6082	-9.9658	-9.9658	-4.2934	-4.6082	-4.2934	-5.0116	-9.9658
TDO2-206	ENST00000510293.1	-9.9658	-9.9658	-9.9658	-9.9658	0.5568	-9.9658	-9.9658	-9.9658	-9.9658	0.1648	-9.9658	-9.9658	-9.9658	0.5859	-0.6416	-9.9658	-1.9942	-0.6643	-9.9658	-9.9658	-9.9658	-9.9658	-5.0116	-9.9658	-9.9658	-9.9658	-1.4305	-9.9658	-9.9658	-9.9658	-9.9658	-9.9658	-9.9658	-9.9658	-9.9658	-9.9658	-9.9658	-9.9658	-9.9658	-9.9658	-9.9658	-9.9658	-9.9658	-4.2934	-9.9658	-9.9658	-9.9658	-9.9658	-9.9658	-9.9658	-9.9658	-9.9658	-9.9658	-2.9324	-9.9658	-9.9658	-2.8262	0.6145	-9.9658	-9.9658	-0.5332	-9.9658	-5.5735	-9.9658	-9.9658	-9.9658	-9.9658	-9.9658	-9.9658	-9.9658	-9.9658	-9.9658	-1.7809	-0.6643	-9.9658	-9.9658	-9.9658	-1.7809	-9.9658	-9.9658	-9.9658	-3.458	-9.9658	-9.9658	-0.4131	-9.9658	-9.9658	-9.9658	-9.9658	-9.9658	-9.9658	-9.9658	-9.9658	-1.8836	-9.9658	-9.9658	-9.9658	-9.9658	-1.3548	-9.9658	-9.9658	-0.8599	-9.9658	-9.9658	-9.9658	-9.9658	-1.6394	-9.9658	-9.9658	-9.9658	-9.9658	-9.9658	-3.816	-9.9658	-2.2447	-9.9658	-9.9658	-9.9658	-9.9658	-9.9658	-9.9658	-9.9658	-9.9658	-9.9658	-9.9658	-9.9658	-9.9658	-9.9658	-1.7322	-9.9658	-9.9658	-3.3076	-9.9658	-9.9658	-9.9658	-9.9658	-9.9658	-4.035	-1.9942	-9.9658	-9.9658	-9.9658	-9.9658	-9.9658	-9.9658	-9.9658	-9.9658	-9.9658	-9.9658	-9.9658	-9.9658	-9.9658	-9.9658	-9.9658	-9.9658	-9.9658	-9.9658	-1.6394	-9.9658	-9.9658	-9.9658	-9.9658	-9.9658	-9.9658	-9.9658	-9.9658	-9.9658	-4.6082	-9.9658	-3.3076	-9.9658	-0.5973	-0.7108	-9.9658	-9.9658	-9.9658	-9.9658	-9.9658	-9.9658	-9.9658	-9.9658	-9.9658	-9.9658
TDO2-207	ENST00000512584.5	-9.9658	-3.458	-4.035	-5.0116	-9.9658	-5.5735	-4.2934	-5.0116	-5.0116	-4.6082	-6.5064	-4.2934	-3.0469	-4.2934	-4.2934	-9.9658	-9.9658	-3.458	-6.5064	-4.6082	-4.035	-9.9658	-6.5064	-6.5064	-4.035	-9.9658	-3.3076	-5.0116	-5.0116	-9.9658	-9.9658	-6.5064	-9.9658	-6.5064	-9.9658	-9.9658	-9.9658	-5.0116	-5.5735	-5.5735	-4.6082	-9.9658	-9.9658	-9.9658	-3.1714	-4.6082	-3.6259	-9.9658	-4.6082	-6.5064	-5.5735	-4.2934	-4.2934	-6.5064	-5.5735	-4.6082	-9.9658	-9.9658	-2.7274	-9.9658	-4.2934	-3.458	-4.6082	-5.0116	-9.9658	-5.0116	-5.5735	-3.458	-2.7274	-3.458	-5.5735	-3.6259	-5.5735	-2.5479	-3.6259	-5.0116	-9.9658	-9.9658	-9.9658	-4.2934	-9.9658	-9.9658	-5.5735	-3.1714	-5.5735	-5.5735	-4.2934	-3.1714	-3.816	-4.035	-6.5064	-2.114	-6.5064	-9.9658	-4.035	-4.2934	-4.2934	-2.8262	-2.6349	-4.035	-4.6082	-9.9658	-4.2934	-4.035	-5.0116	-5.5735	-9.9658	-4.2934	-4.035	-5.0116	-6.5064	-9.9658	-9.9658	-3.458	-9.9658	-5.0116	-9.9658	-9.9658	-3.1714	-6.5064	-6.5064	-6.5064	-5.5735	-5.5735	-6.5064	-5.0116	-4.6082	-5.0116	-2.7274	-5.5735	-5.0116	-6.5064	-6.5064	-3.1714	-5.5735	-5.5735	-9.9658	-5.0116	-6.5064	-6.5064	-5.5735	-5.0116	-4.2934	-3.0469	-4.6082	-2.8262	-3.0469	-3.3076	-2.6349	-4.6082	-5.5735	-6.5064	-5.0116	-9.9658	-9.9658	-5.5735	-9.9658	-9.9658	-4.2934	-3.3076	-5.0116	-2.5479	-9.9658	-6.5064	-2.8262	-4.2934	-4.2934	-9.9658	-6.5064	-5.5735	-9.9658	-5.0116	-5.5735	-3.816	-2.7274	-5.5735	-4.2934	-3.458	-4.6082	-4.035	-2.5479	-9.9658	-2.9324
TDO2-208	ENST00000536354.2	-0.4521	1.8201	3.3307	0.7832	2.3508	0.6608	2.0254	2.6278	1.4547	2.4412	0.9115	3.034	4.4509	2.9618	1.5064	1.934	-3.458	0.4125	0.9935	1.2394	2.7636	0.1776	-1.5951	0.605	2.0395	0.24	1.683	0.2881	1.4335	-2.7274	-1.4305	-2.0529	-1.8836	0.03	-9.9658	0.1903	0.8568	2.6371	0.5666	0.4447	2.1734	1.2271	0.1124	-5.5735	3.0376	2.945	1.3791	2.328	1.4859	1.4859	2.1509	1.8444	1.3846	2.3164	0.3685	2.5313	-5.0116	1.3791	2.5561	-0.5756	1.3567	1.7141	-0.5332	1.1897	1.1117	2.2175	0.4865	1.6374	4.2289	2.1894	-0.5973	1.884	0.8568	4.8213	2.299	3.0654	0.5859	0.4552	-4.6082	2.167	0.8164	-3.3076	2.9262	2.2268	2.2753	2.3479	1.6512	3.208	3.1733	1.8722	2.59	2.971	1.5465	0.6608	0.6332	2.2513	1.0079	3.1908	3.8269	2.5036	2.2019	1.9968	1.7273	3.3177	1.8762	1.683	0.9862	3.1079	1.6785	-0.2159	-0.1828	-0.4921	-1.4305	3.5584	0.6608	3.6312	1.4547	2.2452	2.5731	0.9642	1.3051	0.1124	-0.2498	3.1327	1.3735	3.1261	3.245	2.8402	2.9167	0.605	1.8078	0.8883	0.0854	4.4108	2.4571	1.5366	-0.2498	0.4016	-0.3201	-0.1665	0.2522	1.177	0.605	3.0411	1.4441	3.6405	3.245	2.2931	1.7273	2.0742	1.3051	1.642	-0.4719	-0.4921	0.2881	1.2636	0.1519	-0.5125	2.9013	1.5415	1.8524	2.8117	3.2251	0.1257	1.8078	2.0325	2.1147	-3.816	-0.5973	0.0158	-1.1488	2.0218	-0.0277	2.8341	1.9675	0.3685	2.5536	2.6715	2.826	3.0074	3.8177	-1.3548	2.1247
TGFB1-201	ENST00000221930.5	5.6843	5.0184	6.1829	5.0764	5.5457	5.8829	5.837	5.62	5.0566	5.6189	3.5547	5.6142	7.0311	5.9006	5.3903	5.7115	2.1862	5.4996	5.243	5.1922	5.393	5.4595	4.7225	5.658	5.8699	4.235	6.3254	5.9572	4.5217	4.1252	4.588	4.3024	4.656	3.1311	3.0199	5.4053	3.7193	5.5113	5.4002	5.4111	5.1027	5.0922	5.1314	1.6649	5.7477	5.4829	4.6101	5.3187	4.6999	5.2304	5.3205	5.5211	6.3031	5.442	5.3274	5.8079	1.1706	4.6606	6.1291	3.6312	5.1823	5.9096	4.3674	5.1575	4.6759	3.5669	4.837	6.3623	5.3712	5.4634	5.1433	4.6662	6.3098	5.8187	5.3284	5.0955	4.8012	4.9241	2.7095	5.4463	4.6977	2.9488	4.8007	4.6224	4.7804	5.2843	5.1314	4.1044	5.4797	5.0095	5.1044	4.8788	3.8401	5.9819	5.1277	3.8905	4.5669	5.5091	4.9695	3.6148	5.3335	4.0567	5.7629	5.4499	5.8605	5.7391	4.9336	5.8535	4.905	3.7699	5.2601	5.0726	4.5583	5.3523	4.8837	5.166	3.6532	4.7523	5.5543	4.6148	5.5644	4.506	4.7804	5.0321	4.7677	6.1102	4.8197	5.447	5.1839	3.2297	5.6727	5.4111	3.6184	6.1781	6.25	5.5708	5.7277	5.1404	5.879	5.7269	3.8391	4.5072	4.3162	5.8602	5.2817	6.2873	6.2188	5.6271	5.302	5.7407	5.1115	5.0588	3.5436	5.9732	4.1939	5.4516	5.5056	5.3277	5.9045	5.0786	5.5491	5.2013	5.6648	4.178	5.9575	5.7057	5.2574	2.8974	4.4317	5.8112	4.5079	5.8133	5.4516	5.427	5.2453	5.6582	6.0186	5.9155	5.957	6.152	5.9531	5.6574	5.7195
TGFB1-202	ENST00000597453.1	0.346	0.8164	3.0961	0.346	-0.6643	1.3225	0.8726	0.24	0.3231	-9.9658	0.3796	2.0325	2.1013	0.7321	-0.1993	-9.9658	0.6145	0.099	-1.7809	-1.8314	-0.5125	-0.5756	-9.9658	-0.394	0.5069	-1.4305	1.5115	0.2762	-9.9658	-9.9658	-0.8084	-9.9658	-0.2328	-1.9942	-0.3383	1.1641	-9.9658	1.6234	0.6145	1.0363	1.1577	-0.5973	0.4865	-9.9658	0.9038	0.2154	-0.2671	-9.9658	-2.2447	-0.9132	0.605	0.7146	0.7493	0.6517	0.8246	1.5165	-9.9658	-9.9658	0.1648	-9.9658	1.9073	3.3577	0.8327	-9.9658	0.058	0.1903	0.3685	-0.0574	-0.9686	-0.3383	1.8762	-0.9132	2.2421	0.3796	0.4447	0.1519	0.8488	0.5859	-9.9658	-0.0277	-1.6394	-9.9658	2.2144	1.7702	1.614	1.8323	1.7141	-2.4659	-0.1665	-2.0529	2.609	1.0007	-0.4521	1.0079	-0.7834	-9.9658	-0.2498	-0.1993	1.2394	-0.5973	0.346	-1.2828	0.6145	-9.9658	-1.1488	-0.2671	-0.7834	0.4967	-0.7346	-0.5756	1.0222	-0.5125	-0.5543	0.1903	1.8918	2.5238	-9.9658	-2.3147	-0.3383	-2.3884	0.8408	2.5011	-0.8863	1.5366	1.412	0.3115	-0.0574	0.0014	2.3536	-0.5125	0.24	0.4552	-1.1488	-0.8863	-0.9406	1.2333	0.8568	0.9862	1.2394	0.8568	-2.1779	0.1776	0.7407	1.1512	0.6608	2.496	1.9527	0.0014	-0.9132	0.537	0.8327	0.0854	0.4125	-0.3383	-9.9658	0.1124	0.5568	-0.2671	2.3843	2.6895	-0.7108	-0.0574	1.0642	1.3846	1.2815	2.3337	1.4174	-0.7588	-0.0425	1.1117	-1.9379	1.8722	0.6517	2.8341	1.6604	0.4125	1.4335	1.6695	1.5806	0.6699	1.2992	1.334	3.2959
TGFB1-203	ENST00000598758.5	2.8034	2.3077	4.5736	4.0567	1.9188	3.3591	2.7292	1.7489	2.0707	0.9568	2.4306	3.7496	3.6972	2.1925	1.8722	4.1186	1.6875	1.7744	2.5388	-0.1828	2.0946	3.2856	0.7999	4.835	2.1047	1.7009	2.3536	3.2096	0.8488	1.0573	0.3685	0.9935	1.2756	0.2029	0.6145	1.6785	0.9568	2.7292	3.1523	2.8936	1.7185	1.7403	2.7951	-1.5105	2.5536	2.9692	1.5266	1.4652	0.6332	1.7828	0.4125	-0.1993	2.3953	4.0287	3.1876	2.0218	0.4967	2.3479	2.6918	1.6558	4.287	3.3492	3.0181	3.7825	3.4791	3.47	2.4831	1.1117	0.8568	0.8082	2.1638	0.8726	1.2875	0.8805	-0.2328	0.8408	1.3956	3.7094	3.4856	3.0515	0.8961	-1.5522	3.3307	3.7291	3.2841	3.7804	2.6019	-0.0877	3.5098	1.4962	4.1852	2.5363	0.8408	1.9073	1.5661	-1.0559	0.4447	1.3735	0.8568	-0.3201	-2.1779	0.03	-0.3201	0.8164	1.4281	0.7579	1.4859	2.0218	2.0465	1.9712	2.1606	1.9034	1.7229	3.4596	3.055	3.652	2.3508	1.6374	1.0915	1.8722	3.5982	3.1924	2.6255	3.5742	3.7496	3.8044	2.9562	3.6042	3.1523	0.7493	0.8647	1.4228	-0.0574	2.6441	2.578	2.4985	2.296	1.3735	1.5266	1.1184	0.2522	1.9149	2.828	1.6649	3.1637	1.3283	2.3308	1.3109	2.1476	2.2113	1.0847	1.3901	0.3796	0.5666	-2.1779	0.8408	4.3876	2.6828	2.7227	4.6404	2.3451	0.7664	2.3106	1.9073	1.2455	2.5996	1.9859	0.6699	3.5098	2.791	-0.8863	3.3828	2.4252	3.66	3.4251	2.167	2.7139	2.8819	1.9638	3.2915	3.9974	2.6348	3.7017
TGFB1-204	ENST00000600196.1	0.9789	-0.2159	1.4388	0.2029	0.5568	1.3735	0.4125	0.0718	-0.0574	1.3283	-1.5951	-0.0425	3.1377	0.1257	1.105	0.9716	-0.5543	0.9419	1.5465	0.9789	1.7316	2.0254	1.4065	2.9186	1.3846	-1.3183	2.6067	2.8341	0.4447	1.4494	0.1124	0.4125	-0.2159	-9.9658	-1.3183	1.1184	0.0158	0.24	0.6969	0.679	1.4962	1.0915	0.6969	-9.9658	1.614	0.9038	2.2421	0.5271	-0.3022	0.6332	3.0876	2.5061	4.1547	2.4439	1.7489	1.4228	-2.1779	0.4233	2.1957	-2.9324	1.9638	2.2723	-1.0262	0.7233	-0.9406	0.4865	0.1776	2.6302	1.8363	1.8282	1.0433	0.517	3.2707	2.0254	1.5514	1.7316	2.328	2.1638	-0.3022	0.9191	0.2642	-4.2934	-0.7588	0.3907	0.3231	0.4761	1.5216	-1.2828	1.334	-0.7834	-0.8599	-0.3566	-0.7834	2.0707	0.7493	-0.6416	0.434	0.0158	1.2576	-1.2481	-9.9658	-0.013	2.4883	2.694	1.7053	2.05	0.9493	1.0711	1.3167	0.4865	1.642	0.3685	-0.9686	1.2992	-0.6643	0.2029	-1.5105	0.8246	-0.1187	-9.9658	0.8805	-0.4521	0.24	1.1184	-0.4719	-9.9658	-0.4325	0.2522	0.7664	-1.8314	1.3956	1.614	-0.3201	1.7786	1.8996	1.0222	1.125	1.3623	2.5924	1.0779	-0.2159	0.5955	1.1706	1.7273	0.3115	1.9264	2.3479	1.8119	0.679	1.949	0.5271	0.2642	-0.9686	1.7575	-0.0725	2.0912	2.7227	1.6649	2.0742	1.2455	1.5612	2.05	1.5758	-0.0877	1.7316	1.7575	1.0711	-1.8314	1.674	1.0293	0.4865	2.6371	0.6699	1.9226	1.334	1.8078	2.0569	1.9749	2.2237	2.2452	2.3222	2.2543	0.9115
