transcript_id,TCGA-AB-2843-03,TCGA-AB-2935-03,TCGA-AB-2976-03,TCGA-AB-2826-03,TCGA-AB-2896-03,TCGA-AB-2995-03,TCGA-AB-2834-03,TCGA-AB-2830-03,TCGA-AB-2861-03,TCGA-AB-2895-03,TCGA-AB-2859-03,TCGA-AB-2950-03,TCGA-AB-2915-03,TCGA-AB-2944-03,TCGA-AB-2815-03,TCGA-AB-2924-03,TCGA-AB-2942-03,TCGA-AB-2967-03,TCGA-AB-2932-03,TCGA-AB-2820-03,TCGA-AB-2901-03,TCGA-AB-2847-03,TCGA-AB-2929-03,TCGA-AB-2941-03,TCGA-AB-2985-03,TCGA-AB-2835-03,TCGA-AB-2990-03,TCGA-AB-2994-03,TCGA-AB-2873-03,TCGA-AB-2811-03,TCGA-AB-2910-03,TCGA-AB-2912-03,TCGA-AB-2943-03,TCGA-AB-2996-03,TCGA-AB-2879-03,TCGA-AB-2999-03,TCGA-AB-2832-03,TCGA-AB-2816-03,TCGA-AB-2918-03,TCGA-AB-2939-03,TCGA-AB-2893-03,TCGA-AB-2842-03,TCGA-AB-2897-03,TCGA-AB-2899-03,TCGA-AB-2979-03,TCGA-AB-2925-03,TCGA-AB-2854-03,TCGA-AB-2858-03,TCGA-AB-2973-03,TCGA-AB-3000-03,TCGA-AB-3007-03,TCGA-AB-2898-03,TCGA-AB-2819-03,TCGA-AB-2871-03,TCGA-AB-2863-03,TCGA-AB-2891-03,TCGA-AB-2928-03,TCGA-AB-2844-03,TCGA-AB-2881-03,TCGA-AB-2814-03,TCGA-AB-2813-03,TCGA-AB-2889-03,TCGA-AB-2964-03,TCGA-AB-2900-03,TCGA-AB-2903-03,TCGA-AB-2972-03,TCGA-AB-2948-03,TCGA-AB-2975-03,TCGA-AB-2812-03,TCGA-AB-2986-03,TCGA-AB-2808-03,TCGA-AB-2867-03,TCGA-AB-2890-03,TCGA-AB-2853-03,TCGA-AB-2991-03,TCGA-AB-2954-03,TCGA-AB-2983-03,TCGA-AB-2904-03,TCGA-AB-2959-03,TCGA-AB-2971-03,TCGA-AB-2865-03,TCGA-AB-2911-03,TCGA-AB-2845-03,TCGA-AB-2966-03,TCGA-AB-2874-03,TCGA-AB-2934-03,TCGA-AB-2894-03,TCGA-AB-2878-03,TCGA-AB-2821-03,TCGA-AB-2855-03,TCGA-AB-2875-03,TCGA-AB-2984-03,TCGA-AB-2956-03,TCGA-AB-2882-03,TCGA-AB-2927-03,TCGA-AB-2963-03,TCGA-AB-2987-03,TCGA-AB-2946-03,TCGA-AB-2837-03,TCGA-AB-2917-03,TCGA-AB-2913-03,TCGA-AB-2862-03,TCGA-AB-2988-03,TCGA-AB-2810-03,TCGA-AB-2980-03,TCGA-AB-2876-03,TCGA-AB-2817-03,TCGA-AB-2856-03,TCGA-AB-2846-03,TCGA-AB-2823-03,TCGA-AB-2872-03,TCGA-AB-2868-03,TCGA-AB-2920-03,TCGA-AB-2892-03,TCGA-AB-2930-03,TCGA-AB-2993-03,TCGA-AB-2931-03,TCGA-AB-2840-03,TCGA-AB-2880-03,TCGA-AB-2970-03,TCGA-AB-2936-03,TCGA-AB-2978-03,TCGA-AB-2848-03,TCGA-AB-2965-03,TCGA-AB-2806-03,TCGA-AB-2805-03,TCGA-AB-2825-03,TCGA-AB-2886-03,TCGA-AB-3005-03,TCGA-AB-2833-03,TCGA-AB-2839-03,TCGA-AB-2921-03,TCGA-AB-2818-03,TCGA-AB-2824-03,TCGA-AB-2955-03,TCGA-AB-2822-03,TCGA-AB-2914-03,TCGA-AB-3009-03,TCGA-AB-2969-03,TCGA-AB-2866-03,TCGA-AB-3006-03,TCGA-AB-2836-03,TCGA-AB-3012-03,TCGA-AB-2828-03,TCGA-AB-2981-03,TCGA-AB-2885-03,TCGA-AB-2838-03,TCGA-AB-2841-03,TCGA-AB-2803-03,TCGA-AB-2870-03,TCGA-AB-2908-03,TCGA-AB-2938-03,TCGA-AB-2860-03,TCGA-AB-2916-03,TCGA-AB-3002-03,TCGA-AB-2877-03,TCGA-AB-2952-03,TCGA-AB-3008-03,TCGA-AB-2933-03,TCGA-AB-2884-03,TCGA-AB-2851-03,TCGA-AB-2949-03,TCGA-AB-2937-03,TCGA-AB-2998-03,TCGA-AB-3011-03,TCGA-AB-2869-03,TCGA-AB-2887-03,TCGA-AB-2919-03,TCGA-AB-2977-03,TCGA-AB-2940-03,TCGA-AB-2883-03,TCGA-AB-2849-03,TCGA-AB-2857-03
ENST00000556491,-9.9658,-2.1779,-9.9658,-0.6873,-9.9658,-9.9658,-9.9658,-9.9658,-9.9658,-9.9658,-9.9658,-2.7274,-9.9658,-1.3183,-3.458,-9.9658,-9.9658,-9.9658,-9.9658,-9.9658,-9.9658,-9.9658,-9.9658,-9.9658,-1.6394,-9.9658,-9.9658,-9.9658,-9.9658,-1.9942,-9.9658,-9.9658,-9.9658,-9.9658,-9.9658,-9.9658,-9.9658,-9.9658,-9.9658,-9.9658,-9.9658,-9.9658,-9.9658,-9.9658,-9.9658,-1.9379,-9.9658,-9.9658,-9.9658,-9.9658,-9.9658,-9.9658,-9.9658,-9.9658,-9.9658,-9.9658,-9.9658,-2.6349,-9.9658,-9.9658,-9.9658,-9.9658,-9.9658,-9.9658,-9.9658,-9.9658,-9.9658,-9.9658,-9.9658,-9.9658,-9.9658,-9.9658,-9.9658,-9.9658,-9.9658,-9.9658,-9.9658,-9.9658,-9.9658,-9.9658,-9.9658,-9.9658,-9.9658,-9.9658,-9.9658,-9.9658,-9.9658,-9.9658,-9.9658,-9.9658,-9.9658,-9.9658,-9.9658,-1.8836,-9.9658,-9.9658,-9.9658,-9.9658,-9.9658,-9.9658,-9.9658,-9.9658,-2.4659,-9.9658,-9.9658,-2.7274,-9.9658,-9.9658,-9.9658,-9.9658,-9.9658,-9.9658,-9.9658,-9.9658,-9.9658,-9.9658,-9.9658,-9.9658,-9.9658,-9.9658,-9.9658,-9.9658,-9.9658,-9.9658,-9.9658,-9.9658,-9.9658,-9.9658,-9.9658,-9.9658,-9.9658,-2.3884,-9.9658,-9.9658,-9.9658,-1.1488,-9.9658,-9.9658,-9.9658,-9.9658,-9.9658,-9.9658,-9.9658,-9.9658,-9.9658,-0.9971,-9.9658,-9.9658,-9.9658,-9.9658,-9.9658,-9.9658,-9.9658,-9.9658,-9.9658,-9.9658,-0.0425,-9.9658,-1.3183,-1.5522,-9.9658,-1.7809,-9.9658,-9.9658,-9.9658,-9.9658,-9.9658,-9.9658,-9.9658,-9.9658,-9.9658,-0.8863,-1.8836
ENST00000553493,-9.9658,-9.9658,-9.9658,-9.9658,-9.9658,-9.9658,-9.9658,-9.9658,-9.9658,-9.9658,-9.9658,-9.9658,-9.9658,-9.9658,-9.9658,-9.9658,-9.9658,-9.9658,-9.9658,-9.9658,-9.9658,-9.9658,-9.9658,-9.9658,-9.9658,-9.9658,-9.9658,-9.9658,-9.9658,-9.9658,-9.9658,-9.9658,-9.9658,-9.9658,-9.9658,-9.9658,-9.9658,-9.9658,-9.9658,-9.9658,-9.9658,-9.9658,-9.9658,-9.9658,-9.9658,-9.9658,-9.9658,-9.9658,-9.9658,-9.9658,-9.9658,-9.9658,-9.9658,-9.9658,-9.9658,-9.9658,-9.9658,-9.9658,-9.9658,-9.9658,-9.9658,-9.9658,-9.9658,-9.9658,-9.9658,-9.9658,-9.9658,-9.9658,-9.9658,-9.9658,-9.9658,-9.9658,-9.9658,-9.9658,-9.9658,-9.9658,-9.9658,-9.9658,-9.9658,-9.9658,-9.9658,-9.9658,-9.9658,-9.9658,-9.9658,-9.9658,-9.9658,-9.9658,-9.9658,-9.9658,-9.9658,-9.9658,-9.9658,-9.9658,-9.9658,-9.9658,-9.9658,-9.9658,-9.9658,-9.9658,-9.9658,-9.9658,-9.9658,-9.9658,-9.9658,-9.9658,-9.9658,-9.9658,-9.9658,-9.9658,-9.9658,-9.9658,-9.9658,-9.9658,-9.9658,-9.9658,-9.9658,-9.9658,-9.9658,-9.9658,-9.9658,-9.9658,-9.9658,-9.9658,-9.9658,-9.9658,-9.9658,-9.9658,-9.9658,-9.9658,-9.9658,-9.9658,-9.9658,-9.9658,-9.9658,-9.9658,-9.9658,-9.9658,-9.9658,-9.9658,-9.9658,-9.9658,-9.9658,-9.9658,-9.9658,-9.9658,-9.9658,-9.9658,-9.9658,-9.9658,-9.9658,-9.9658,-9.9658,-9.9658,-9.9658,-9.9658,-9.9658,-9.9658,-9.9658,-9.9658,-9.9658,-9.9658,-9.9658,-9.9658,-9.9658,-9.9658,-9.9658,-9.9658,-9.9658,-9.9658,-9.9658,-9.9658,-9.9658
ENST00000492923,-9.9658,-0.4921,-9.9658,-9.9658,-9.9658,0.1519,-9.9658,-3.0469,-9.9658,-9.9658,-0.8599,-3.1714,-1.2481,-9.9658,-9.9658,-2.9324,-1.1488,-9.9658,-9.9658,-9.9658,0.2154,-9.9658,-0.9406,1.2455,-9.9658,-9.9658,-9.9658,-9.9658,-9.9658,-5.5735,-9.9658,-3.0469,-1.2828,-0.5973,-2.2447,-2.1779,-3.0469,-9.9658,-3.3076,-9.9658,-9.9658,-9.9658,-9.9658,-2.6349,-9.9658,-4.6082,-9.9658,-3.3076,-1.9942,-9.9658,-3.1714,-9.9658,-9.9658,-1.7322,-9.9658,-9.9658,-2.7274,-4.6082,-3.3076,-0.9406,-9.9658,-2.9324,-9.9658,-2.4659,-9.9658,-9.9658,-3.3076,-3.0469,-3.3076,-9.9658,-3.1714,-9.9658,-1.3921,-9.9658,-2.9324,-1.1488,-3.0469,-0.4719,-0.0574,-9.9658,0.6517,-9.9658,-9.9658,-0.7108,-9.9658,-0.3383,-9.9658,-9.9658,-2.7274,-9.9658,-2.5479,-9.9658,-9.9658,0.679,-3.0469,-9.9658,-9.9658,-1.5522,-2.4659,-2.5479,-9.9658,-9.9658,-9.9658,-9.9658,-9.9658,-9.9658,-9.9658,-9.9658,-9.9658,-3.3076,-3.3076,-0.7346,-9.9658,-9.9658,-2.3884,-9.9658,-3.1714,-3.0469,-2.9324,-1.5105,-0.3022,-9.9658,-2.3147,-2.2447,-9.9658,-9.9658,-0.9971,-1.9379,-9.9658,-9.9658,-9.9658,-3.816,-0.6193,-9.9658,-9.9658,-3.3076,-9.9658,-9.9658,-9.9658,-9.9658,-1.9942,-1.7322,-3.3076,-1.1811,-2.9324,-9.9658,-0.6643,-9.9658,-9.9658,0.1519,-3.816,0.7146,-2.7274,-9.9658,-2.5479,-9.9658,-0.8084,-3.1714,-9.9658,-2.7274,-9.9658,-9.9658,-9.9658,-1.7322,-9.9658,-9.9658,-2.8262,-9.9658,-9.9658,-1.5951,-9.9658,-2.6349,-0.5125
ENST00000498261,-9.9658,-9.9658,-9.9658,-9.9658,-9.9658,-1.5522,-2.5479,-9.9658,-5.0116,-4.2934,-9.9658,-9.9658,-9.9658,-9.9658,-9.9658,-3.1714,-3.6259,-9.9658,-9.9658,-9.9658,-0.5756,-9.9658,-9.9658,-0.1504,-9.9658,-4.2934,-9.9658,-9.9658,-9.9658,-9.9658,-9.9658,-3.458,-9.9658,-9.9658,-9.9658,-9.9658,-9.9658,-9.9658,-2.5479,-4.035,-9.9658,-4.2934,-9.9658,-9.9658,-6.5064,-3.458,-9.9658,-9.9658,-9.9658,-9.9658,-9.9658,-9.9658,-9.9658,-1.7809,-9.9658,-2.5479,-9.9658,-9.9658,-2.7274,-9.9658,-2.5479,-9.9658,-0.9406,-9.9658,-9.9658,-9.9658,-9.9658,-9.9658,-9.9658,-9.9658,-9.9658,-9.9658,-9.9658,-9.9658,-3.816,-9.9658,-1.6394,-1.4699,-1.0559,-4.035,-9.9658,-4.6082,-9.9658,-9.9658,-9.9658,-9.9658,-9.9658,-9.9658,-9.9658,-2.5479,-3.816,-9.9658,-6.5064,-9.9658,-9.9658,-9.9658,-9.9658,-9.9658,-9.9658,-9.9658,-9.9658,-9.9658,-2.9324,-9.9658,-2.7274,-1.8836,-9.9658,-9.9658,-9.9658,-9.9658,-9.9658,-9.9658,-9.9658,-9.9658,-3.6259,-9.9658,-0.8599,-9.9658,-9.9658,-9.9658,-9.9658,-9.9658,-5.0116,-9.9658,-9.9658,-9.9658,-9.9658,-4.035,-9.9658,-9.9658,-0.7346,-9.9658,-9.9658,-2.8262,-9.9658,-9.9658,-9.9658,-9.9658,-9.9658,-9.9658,-9.9658,-9.9658,-9.9658,-9.9658,-9.9658,-2.7274,-9.9658,-9.9658,-9.9658,-9.9658,-9.9658,-9.9658,-9.9658,-9.9658,-1.1172,-9.9658,-9.9658,-9.9658,-9.9658,-9.9658,-9.9658,-4.6082,-5.0116,-9.9658,-9.9658,-9.9658,-9.9658,-9.9658,-9.9658,-9.9658,-9.9658,-9.9658,-3.3076
ENST00000512584,-9.9658,-5.5735,-3.1714,-9.9658,-9.9658,-9.9658,-9.9658,-9.9658,-9.9658,-9.9658,-5.0116,-9.9658,-9.9658,-9.9658,-5.5735,-5.5735,-9.9658,-4.6082,-5.5735,-9.9658,-9.9658,-9.9658,-9.9658,-6.5064,-9.9658,-9.9658,-9.9658,-9.9658,-9.9658,-9.9658,-9.9658,-5.0116,-9.9658,-9.9658,-9.9658,-9.9658,-9.9658,-9.9658,-4.6082,-5.5735,-9.9658,-9.9658,-9.9658,-9.9658,-5.5735,-9.9658,-4.035,-9.9658,-9.9658,-9.9658,-9.9658,-9.9658,-9.9658,-2.3147,-9.9658,-9.9658,-9.9658,-9.9658,-9.9658,-9.9658,-5.0116,-9.9658,-3.1714,-9.9658,-9.9658,-4.6082,-9.9658,-9.9658,-9.9658,-9.9658,-9.9658,-9.9658,-9.9658,-5.5735,-9.9658,-9.9658,-4.2934,-9.9658,-9.9658,-9.9658,-9.9658,-9.9658,-4.035,-9.9658,-9.9658,-9.9658,-4.2934,-5.0116,-2.114,-9.9658,-9.9658,-9.9658,-9.9658,-3.6259,-5.5735,-9.9658,-3.458,-5.0116,-9.9658,-9.9658,-3.816,-9.9658,-9.9658,-9.9658,-3.6259,-4.2934,-9.9658,-9.9658,-9.9658,-9.9658,-9.9658,-5.0116,-9.9658,-9.9658,-9.9658,-5.0116,-2.9324,-9.9658,-9.9658,-5.0116,-9.9658,-9.9658,-9.9658,-9.9658,-9.9658,-9.9658,-9.9658,-9.9658,-9.9658,-9.9658,-9.9658,-4.2934,-5.0116,-9.9658,-5.5735,-9.9658,-9.9658,-9.9658,-9.9658,-9.9658,-4.2934,-9.9658,-9.9658,-9.9658,-9.9658,-9.9658,-5.0116,-9.9658,-9.9658,-9.9658,-5.0116,-2.5479,-9.9658,-9.9658,-5.0116,-9.9658,-9.9658,-9.9658,-9.9658,-9.9658,-9.9658,-9.9658,-9.9658,-9.9658,-9.9658,-9.9658,-4.6082,-9.9658,-9.9658,-9.9658,-9.9658,-9.9658,-3.1714
ENST00000221930,7.2782,6.2862,5.9016,6.2523,6.6882,6.7378,6.1175,6.9034,6.1725,7.4078,7.8261,5.0104,7.4309,7.4963,6.7594,6.9712,6.8866,6.738,8.0633,7.5927,6.9752,6.933,7.911,6.5115,7.2769,7.7038,5.4138,7.1508,7.404,8.5245,7.3494,5.5401,6.0514,6.1408,6.0246,4.5928,6.1177,7.2095,7.2811,7.5165,6.9636,5.954,5.3512,7.0869,7.8696,6.8031,6.0959,5.0536,6.5389,6.9781,4.9635,6.9744,5.2457,6.9987,5.3118,7.5215,7.2538,6.2147,7.0723,7.4059,7.0335,6.7768,5.4303,7.6495,6.2585,5.3299,7.0109,6.0557,5.9709,6.3413,5.7369,6.765,7.395,5.9167,5.4967,7.5207,6.8447,5.6197,6.1593,6.2048,7.9922,6.647,6.5685,5.7986,6.3829,7.6118,4.5796,5.373,6.3252,7.6677,6.1231,6.2752,7.1699,7.5792,6.7568,6.1365,7.2871,6.811,7.5718,6.1695,5.2888,5.7512,6.5702,6.626,4.3392,6.2574,6.6433,7.8139,6.646,6.3971,5.1248,6.1637,8.1269,6.0642,6.9205,6.3318,7.7143,5.0295,7.2233,6.2325,6.5561,5.4145,7.3024,6.0685,5.4125,6.4767,7.5831,5.8094,5.8827,7.0322,6.9052,7.1146,6.9372,6.6048,5.8306,6.3214,6.4449,6.8367,6.578,7.7941,5.7557,7.4675,5.3653,6.5899,7.2142,7.5599,7.0111,6.7926,4.906,7.4431,6.5655,7.8366,6.3252,6.7884,7.0602,5.5274,7.7364,7.1906,6.2565,7.2666,8.0442,6.1655,6.2126,6.2945,6.4512,6.7028,6.6897,6.2202,7.9931,7.3958,5.0562,5.8873,6.7735
ENST00000253513,-9.9658,-5.0116,-9.9658,-9.9658,-9.9658,-9.9658,-9.9658,-9.9658,-9.9658,-9.9658,-9.9658,-9.9658,-9.9658,-9.9658,-9.9658,-9.9658,-9.9658,-9.9658,-9.9658,-9.9658,-9.9658,-0.8863,-1.2828,-9.9658,-9.9658,-9.9658,-9.9658,-9.9658,-4.6082,-9.9658,-9.9658,-1.0559,-9.9658,-9.9658,-9.9658,-9.9658,-9.9658,-9.9658,-5.0116,-9.9658,-9.9658,-9.9658,-9.9658,-9.9658,-9.9658,-9.9658,-9.9658,-9.9658,-9.9658,-1.8836,-9.9658,-9.9658,-9.9658,-9.9658,-9.9658,-9.9658,-9.9658,-9.9658,-9.9658,-9.9658,-5.0116,-9.9658,-9.9658,-9.9658,-9.9658,-9.9658,-9.9658,-9.9658,-9.9658,-9.9658,-4.2934,-4.6082,-4.6082,-9.9658,-9.9658,-9.9658,-9.9658,-9.9658,-9.9658,-1.7809,-9.9658,-9.9658,-1.4699,-9.9658,-9.9658,-3.458,-9.9658,-9.9658,-9.9658,-9.9658,-9.9658,-9.9658,-9.9658,-9.9658,-4.6082,-9.9658,-3.3076,-9.9658,-9.9658,-2.5479,-9.9658,-9.9658,-9.9658,-9.9658,-9.9658,-4.6082,-9.9658,-9.9658,-9.9658,-9.9658,-9.9658,-9.9658,-9.9658,-9.9658,-9.9658,-9.9658,-9.9658,-9.9658,-9.9658,-9.9658,-9.9658,-9.9658,-9.9658,-9.9658,-9.9658,-9.9658,-9.9658,-9.9658,-9.9658,-9.9658,-9.9658,-9.9658,-9.9658,-9.9658,-9.9658,-9.9658,-9.9658,-9.9658,-9.9658,-4.2934,-9.9658,-9.9658,-9.9658,-9.9658,-1.8836,-9.9658,-9.9658,-9.9658,-9.9658,-9.9658,-9.9658,-0.6416,-9.9658,-9.9658,-9.9658,-9.9658,-9.9658,-2.6349,-9.9658,-9.9658,-9.9658,-2.0529,-9.9658,-9.9658,-9.9658,-9.9658,-9.9658,-9.9658,-9.9658,-9.9658,-9.9658,-9.9658,-9.9658
ENST00000521636,-3.1714,-9.9658,-9.9658,-9.9658,-9.9658,-9.9658,-9.9658,-4.6082,-9.9658,-9.9658,-9.9658,-9.9658,-9.9658,-9.9658,-9.9658,-9.9658,-9.9658,-9.9658,-9.9658,-9.9658,-9.9658,-9.9658,-9.9658,-9.9658,-9.9658,-9.9658,-9.9658,-9.9658,-9.9658,-9.9658,-9.9658,-3.1714,-9.9658,-9.9658,-9.9658,-9.9658,-9.9658,-9.9658,-9.9658,-9.9658,-9.9658,-9.9658,-9.9658,-9.9658,-9.9658,-3.816,-9.9658,-9.9658,-9.9658,-9.9658,-4.6082,-9.9658,-9.9658,-9.9658,-9.9658,-9.9658,-9.9658,-9.9658,-3.6259,-9.9658,-9.9658,-9.9658,-9.9658,-9.9658,-9.9658,-9.9658,-9.9658,-3.3076,-9.9658,-9.9658,-9.9658,-9.9658,-9.9658,-9.9658,-9.9658,-9.9658,-9.9658,-9.9658,-9.9658,-9.9658,-9.9658,-9.9658,-9.9658,-9.9658,-9.9658,-9.9658,-9.9658,-9.9658,-9.9658,-9.9658,-9.9658,-9.9658,-9.9658,-4.035,-9.9658,-9.9658,-9.9658,-2.8262,-9.9658,-2.1779,-9.9658,-9.9658,-3.3076,-9.9658,-9.9658,-9.9658,-9.9658,-9.9658,-9.9658,-9.9658,-9.9658,-9.9658,-9.9658,-9.9658,-2.8262,-9.9658,-9.9658,-9.9658,-5.0116,-2.4659,-9.9658,-1.5522,-9.9658,-9.9658,-9.9658,-9.9658,-9.9658,-9.9658,-9.9658,-2.9324,-9.9658,-9.9658,-9.9658,-3.1714,-9.9658,-9.9658,-9.9658,-9.9658,-9.9658,-9.9658,-9.9658,-2.3147,-9.9658,-9.9658,-9.9658,-9.9658,-5.0116,-4.2934,-9.9658,-9.9658,-9.9658,-2.0529,-9.9658,-9.9658,-9.9658,-9.9658,-4.035,-9.9658,-9.9658,-9.9658,-9.9658,-3.1714,-9.9658,-9.9658,-9.9658,-3.3076,-3.3076,-9.9658,-9.9658,-9.9658,-9.9658,-9.9658,-9.9658
ENST00000260061,-1.3921,-1.0262,-3.6259,-3.458,-1.685,-1.6394,-9.9658,-1.6394,-2.2447,-0.1345,2.9875,-2.1779,-3.1714,-2.6349,-1.8314,-3.1714,-4.6082,0.6969,-2.5479,-4.035,-2.9324,-1.8836,0.2154,-0.3752,-0.5332,-9.9658,-3.816,-9.9658,-1.0559,-2.114,-4.2934,-2.2447,-5.5735,-1.685,-9.9658,-5.5735,-9.9658,-2.9324,-5.0116,-1.8836,-3.816,-5.5735,-9.9658,1.7954,-9.9658,-3.6259,-2.0529,-4.035,-1.7809,-3.3076,-9.9658,-0.5543,-2.3884,-1.5951,-2.3147,-3.3076,-9.9658,-2.5479,-9.9658,-9.9658,-2.9324,-5.0116,-2.5479,-2.9324,-9.9658,-2.0529,-2.0529,-4.035,-3.816,-1.1172,-3.0469,-3.458,-0.6873,-9.9658,-2.3884,-9.9658,-1.2828,-2.3147,-1.685,-2.7274,3.4344,-2.1779,-3.816,-4.6082,-6.5064,0.9191,-3.458,0.9789,-0.8339,-9.9658,-4.035,-3.816,-4.6082,1.412,-1.4305,-2.0529,-0.013,-3.6259,-6.5064,-4.035,-3.0469,-4.6082,-5.0116,-5.0116,-0.8339,-3.1714,-1.4305,-1.0559,-3.3076,-3.1714,-0.5543,-2.1779,-3.816,-5.5735,-3.816,-9.9658,-4.2934,-3.3076,-5.0116,-0.4921,-4.035,-0.394,-9.9658,-0.1828,-4.2934,-4.6082,-2.114,-9.9658,-3.816,-5.0116,-0.7346,-9.9658,0.1519,0.1124,-9.9658,-4.6082,-9.9658,-2.3147,-2.9324,-9.9658,-2.114,-2.3147,-0.8339,-2.0529,-2.3884,-0.8599,-0.9686,-4.035,-2.3884,-2.5479,-1.4699,3.2722,-2.5479,-3.3076,0.4967,-9.9658,-0.2498,-1.7322,-4.035,-1.2481,-9.9658,-2.114,-9.9658,-9.9658,-5.5735,-3.3076,-3.3076,-4.035,-5.5735,-0.9686,-2.114,-2.7274,0.5763
ENST00000423557,-1.5522,2.1702,-5.0116,0.4016,-9.9658,-4.035,-1.2828,-4.035,-3.458,-9.9658,-5.0116,-3.1714,2.609,4.6462,0.058,-5.0116,-5.0116,-3.816,-0.8084,-1.3548,-9.9658,-1.1811,-0.9406,-1.685,0.517,0.4233,-3.816,-2.9324,4.2258,-3.458,-4.2934,-3.816,-1.2142,-1.1172,-4.6082,-5.0116,-2.9324,-9.9658,-2.6349,-3.0469,-1.0262,-2.9324,-2.0529,-1.4699,-4.6082,-3.816,-0.0877,-9.9658,0.517,-3.3076,-9.9658,-2.9324,-3.6259,-9.9658,-0.8084,4.6645,-9.9658,-1.7322,-1.9942,-3.458,4.3979,-0.8599,-9.9658,0.8327,-3.6259,-2.9324,-2.7274,-1.3921,-3.1714,-9.9658,-2.6349,0.6425,-1.1811,-3.6259,-1.9942,-0.2328,-1.0862,-2.7274,-4.2934,0.517,1.3901,0.4967,-3.3076,-9.9658,-1.4305,0.6608,-4.035,-1.1811,0.7916,-2.5479,-3.816,-3.816,-1.685,0.517,2.4279,-0.6873,4.9141,-0.2328,2.0844,-3.6259,-3.458,-4.6082,-9.9658,-9.9658,-4.035,-2.4659,-2.3147,-3.1714,-1.0559,-9.9658,-1.9942,-5.0116,-0.4521,-1.1811,-4.2934,-9.9658,-4.035,-9.9658,-0.8084,-9.9658,-2.9324,-2.7274,-0.5973,-1.2828,-9.9658,-0.7108,-0.8339,-5.0116,-2.6349,0.346,-9.9658,-2.7274,-1.5105,-0.0277,-0.5756,-3.0469,-3.6259,-3.458,-3.6259,-1.7322,-2.5479,2.4198,-3.816,-2.114,1.0983,0.0014,1.9034,-4.035,-1.2481,-2.2447,1.5661,0.2277,0.4761,0.3573,0.1519,-2.9324,3.3661,-1.7809,-2.2447,2.3926,0.547,-3.1714,-3.816,-2.7274,-3.3076,-3.1714,-0.9971,-1.9942,1.1641,-1.1172,-4.035,-0.7108,0.9862
ENST00000580907,-9.9658,-3.3076,-9.9658,-9.9658,-9.9658,-9.9658,-9.9658,-9.9658,-9.9658,-3.0469,-9.9658,-5.0116,-9.9658,-9.9658,-9.9658,-3.6259,-9.9658,-2.3884,-9.9658,-9.9658,-9.9658,-9.9658,-0.7108,-9.9658,-9.9658,-1.2481,-4.035,-9.9658,-9.9658,-9.9658,-9.9658,-9.9658,-9.9658,-3.458,-9.9658,-9.9658,-9.9658,-9.9658,-9.9658,-9.9658,-9.9658,-9.9658,-1.6394,-9.9658,-9.9658,-9.9658,-9.9658,-9.9658,-9.9658,-9.9658,-9.9658,-3.0469,-9.9658,-9.9658,-9.9658,-9.9658,-3.458,-9.9658,-9.9658,-9.9658,-1.5951,-9.9658,-9.9658,-9.9658,-9.9658,-4.2934,-9.9658,-9.9658,-9.9658,-9.9658,-9.9658,-9.9658,-9.9658,-9.9658,-9.9658,-9.9658,-9.9658,-9.9658,-9.9658,-9.9658,-1.5951,-9.9658,-9.9658,-9.9658,-9.9658,-9.9658,-9.9658,-2.114,-1.7322,-9.9658,-9.9658,-9.9658,-9.9658,0.679,-1.2142,-9.9658,-0.4325,-9.9658,-9.9658,-3.3076,-9.9658,-9.9658,-3.458,-9.9658,-9.9658,-9.9658,-9.9658,-9.9658,-1.7809,-3.6259,-2.3884,-9.9658,-9.9658,-9.9658,-3.3076,-9.9658,-9.9658,-9.9658,-9.9658,-1.7809,-9.9658,-9.9658,-9.9658,-3.1714,-9.9658,-9.9658,-3.1714,-3.458,-9.9658,-3.6259,-2.2447,-9.9658,-9.9658,-2.2447,-9.9658,-2.3147,-3.1714,-1.4305,-9.9658,-9.9658,-9.9658,-9.9658,-2.3147,-9.9658,-9.9658,-9.9658,0.5763,-9.9658,-3.0469,-3.0469,-4.035,-0.3022,-9.9658,-9.9658,-3.0469,-3.1714,-9.9658,-9.9658,-9.9658,-9.9658,-9.9658,-3.816,-4.035,-9.9658,-9.9658,-3.458,-9.9658,-9.9658,-9.9658,-9.9658,-9.9658,-9.9658,-9.9658
ENST00000597453,4.6972,4.6083,4.1764,3.9983,4.8565,6.7334,4.0064,5.0453,4.3039,5.0968,5.6722,3.0358,5.1248,5.6941,4.9801,5.2913,4.696,3.9346,5.6792,6.0352,4.9727,5.1132,6.308,4.3979,4.2758,5.2943,4.6136,5.4307,5.166,7.6641,5.0571,3.4143,4.6387,4.3002,4.7258,3.4971,3.8044,5.4293,5.5441,5.3317,4.7187,3.9856,5.0291,5.2472,5.3961,4.4641,4.4364,3.5779,5.0387,5.0635,3.4778,5.4456,2.4386,5.4098,2.3732,5.3768,5.7312,4.0375,5.1831,5.5611,5.2762,4.7442,4.2503,5.4053,5.0549,3.2632,5.0955,4.5553,4.2973,4.5742,3.9308,5.0879,6.2384,4.4588,4.2676,5.4951,5.2803,4.1923,4.6525,5.213,5.5632,4.8817,4.6815,3.6578,4.5318,6.1833,3.4556,3.836,4.8525,5.331,4.0419,4.5066,5.3834,6.3747,5.4925,4.3576,4.6888,4.7887,5.5653,5.0545,4.391,4.8228,5.0527,4.8714,2.7972,4.4027,4.5802,5.4919,4.773,5.1619,4.8177,5.082,5.6482,3.8866,5.6517,4.7688,5.7656,3.906,5.3576,4.8876,5.2419,3.5161,6.1829,4.7247,3.9204,4.7597,5.1425,4.3597,3.2885,4.7247,5.3903,5.6343,5.8568,3.5436,4.309,4.6041,4.3413,4.5374,4.0584,5.582,3.6042,5.6671,4.0558,4.034,5.133,5.7471,4.5736,4.7635,4.86,5.3477,4.859,5.5485,4.1136,4.9045,6.0605,5.0926,5.2052,4.86,3.9403,5.7312,6.0609,4.764,3.2096,5.0197,5.729,4.8885,4.9878,4.9041,5.51,5.306,3.9099,5.248,4.3263
ENST00000389474,-0.9971,-9.9658,-2.8262,-9.9658,-0.1031,-9.9658,-9.9658,-0.8339,-9.9658,0.099,0.058,-9.9658,-0.4521,-0.5543,-1.9942,-0.9406,-0.5973,-9.9658,-0.1665,-9.9658,-1.4305,-9.9658,-0.6193,-2.9324,-2.4659,-9.9658,-9.9658,-1.8314,-2.0529,-1.5522,-1.685,-2.5479,-3.3076,-1.2828,-2.5479,-1.3183,-9.9658,-9.9658,-1.1172,1.7912,-9.9658,-9.9658,-9.9658,-9.9658,-1.2481,-1.8836,-1.8314,-1.685,-3.0469,-0.9132,-9.9658,-1.8836,-4.6082,-2.0529,-4.035,-0.9686,-2.6349,-1.7809,-1.2828,-9.9658,-1.9379,-0.3752,-3.0469,-3.816,-3.1714,-2.5479,-1.2828,-9.9658,-9.9658,-3.1714,-3.0469,-9.9658,-9.9658,-9.9658,0.8883,-0.4521,-9.9658,-9.9658,-9.9658,-3.0469,-2.6349,-3.816,-1.0559,-9.9658,-0.2328,-1.3921,-9.9658,-9.9658,-9.9658,-9.9658,-2.4659,-9.9658,-1.3548,-1.8314,-9.9658,-9.9658,-2.9324,-9.9658,-9.9658,-9.9658,-1.6394,-0.8599,-1.685,-3.816,-3.3076,-3.816,-2.8262,-0.2845,-1.4305,-0.0877,-3.1714,-9.9658,-1.0862,-2.9324,-0.5543,-0.2671,-1.9379,-9.9658,-9.9658,-3.458,-9.9658,-3.0469,-1.2142,-9.9658,-9.9658,-9.9658,-2.7274,-2.8262,-9.9658,-9.9658,-2.3147,-0.0725,-2.5479,-2.3147,-9.9658,-9.9658,-3.1714,-2.3884,-9.9658,-9.9658,-1.5105,-1.2142,0.5568,-2.8262,-2.5479,-2.5479,-9.9658,0.1124,-9.9658,-0.7834,-1.8314,-3.1714,-2.9324,-9.9658,-9.9658,-2.5479,-0.9971,-4.6082,-4.035,-0.9686,0.2998,-1.4699,-1.3921,-1.3548,-9.9658,-9.9658,-0.5332,-2.9324,-0.394,-9.9658,-2.9324,-9.9658,-9.9658
ENST00000554715,-9.9658,-1.5522,-3.3076,-9.9658,-9.9658,-2.4659,-1.685,-2.2447,-2.7274,-9.9658,-2.7274,-9.9658,-9.9658,-2.114,-9.9658,-1.685,-9.9658,-0.1345,-2.6349,-1.9942,-9.9658,-9.9658,-9.9658,-2.5479,-2.2447,-0.8863,-2.0529,0.044,-2.3147,-9.9658,-1.0559,-9.9658,-9.9658,-9.9658,-9.9658,-9.9658,-9.9658,-9.9658,-9.9658,-9.9658,-2.114,-9.9658,-1.5951,-9.9658,-9.9658,-2.9324,-1.5522,-9.9658,-9.9658,-2.0529,-9.9658,-9.9658,-3.0469,-9.9658,-9.9658,-2.0529,-9.9658,-2.5479,-9.9658,-9.9658,-1.5105,-9.9658,-1.5522,-2.4659,-9.9658,-9.9658,-1.8314,-9.9658,-9.9658,-9.9658,-9.9658,-9.9658,-9.9658,-9.9658,-9.9658,-2.1779,-9.9658,-9.9658,-2.7274,-1.5105,-9.9658,-9.9658,-9.9658,-9.9658,-9.9658,-2.3147,-9.9658,-1.7809,-9.9658,-9.9658,-2.0529,-9.9658,-1.1488,-9.9658,-9.9658,-3.6259,-1.2142,-2.7274,0.0718,-2.9324,-3.458,-9.9658,-9.9658,-9.9658,-2.2447,-9.9658,-9.9658,-9.9658,-9.9658,-9.9658,-2.3147,-1.3548,-9.9658,-9.9658,-0.2671,-3.3076,-9.9658,-9.9658,-9.9658,-9.9658,-2.3884,-9.9658,-0.8599,-9.9658,-3.1714,-1.1172,-1.2142,-2.0529,-3.0469,-9.9658,-1.5951,-0.8339,-1.1811,-9.9658,-9.9658,-9.9658,-9.9658,-2.1779,-9.9658,-0.1345,-9.9658,-1.4699,-9.9658,-9.9658,-1.8836,-0.8084,-2.7274,-1.7809,-9.9658,-9.9658,-9.9658,-2.6349,-9.9658,-9.9658,-2.2447,-9.9658,-2.2447,-2.8262,-9.9658,-0.7588,-1.3921,-9.9658,-9.9658,-2.2447,-2.3147,-2.3147,-1.3183,-2.4659,-9.9658,-2.3147,-9.9658,-2.8262,-1.1172
ENST00000598758,-9.9658,0.7748,-1.3548,-1.2828,0.2522,1.0079,-0.6193,1.3956,-1.1172,-9.9658,-0.4921,-9.9658,1.0293,1.46,0.679,1.1577,0.2522,-2.3147,1.8201,-0.5543,1.4962,-0.3022,1.9895,0.7832,-9.9658,1.4228,0.1257,0.0014,0.7321,3.8126,0.044,-0.0574,-0.9132,0.24,-0.5756,0.2998,-2.2447,-9.9658,-0.0574,0.6517,2.0076,-2.5479,0.2762,-1.685,0.7321,0.7493,0.4552,-2.3884,0.6239,-0.1993,0.2762,1.9859,-9.9658,-0.1828,1.4335,0.6239,2.8076,-0.5543,0.8961,-0.8339,1.2815,-0.1345,-0.013,-0.3566,-0.4719,-0.1993,0.1257,0.4447,-0.3022,0.0014,-0.6193,0.688,1.6604,-0.8339,-9.9658,-0.7346,0.044,0.3115,0.8488,1.0007,0.517,-1.9379,-0.4325,0.0718,1.1117,1.2815,0.099,-9.9658,-0.4521,0.2762,-0.4325,-1.685,0.8408,0.8568,1.1833,-0.9686,0.547,1.0573,-9.9658,-0.0277,-1.1172,-1.7809,-0.1031,1.4065,-2.4659,-0.8339,-0.5332,-1.1811,0.7146,1.3051,0.7748,0.7146,0.1257,-0.7588,1.9968,-9.9658,1.4011,-9.9658,0.4865,0.4761,0.9191,0.4447,0.9716,-9.9658,-0.9406,-0.6416,-0.1828,-0.9686,-1.2481,0.605,0.24,0.8164,0.0718,-9.9658,-9.9658,0.5069,-0.2845,-0.8084,0.3685,1.4174,-9.9658,0.044,-0.1031,-9.9658,0.1388,1.4228,0.537,0.03,-9.9658,0.6969,0.5568,2.4225,0.2762,1.0847,2.0535,0.4552,1.4547,-0.6416,1.1382,0.9716,0.6332,-0.0277,-0.7834,0.7916,0.6608,0.1648,0.9642,2.2237,0.9716,0.0158,-9.9658,1.5514,-0.7108
ENST00000275196,-9.9658,-9.9658,-9.9658,-9.9658,-9.9658,-9.9658,-0.9686,-9.9658,-9.9658,-9.9658,-9.9658,-9.9658,-1.3548,-9.9658,-9.9658,-9.9658,-9.9658,-1.3183,-9.9658,-9.9658,-9.9658,-9.9658,-9.9658,-9.9658,-9.9658,-9.9658,-9.9658,-9.9658,-9.9658,-9.9658,-9.9658,-9.9658,-9.9658,-9.9658,-9.9658,-9.9658,-9.9658,-9.9658,-9.9658,-9.9658,-9.9658,-9.9658,-9.9658,-9.9658,-3.6259,-9.9658,-9.9658,-9.9658,-9.9658,-9.9658,-1.8836,-9.9658,-2.8262,-9.9658,-9.9658,-9.9658,-9.9658,-9.9658,-9.9658,-9.9658,-9.9658,-9.9658,-9.9658,-9.9658,-9.9658,-9.9658,-9.9658,-9.9658,-9.9658,-9.9658,-9.9658,-9.9658,-9.9658,-9.9658,-9.9658,-9.9658,-9.9658,-9.9658,-9.9658,-9.9658,-9.9658,-9.9658,-9.9658,-9.9658,-9.9658,-9.9658,-9.9658,-9.9658,-9.9658,-9.9658,-9.9658,-9.9658,-9.9658,-9.9658,-9.9658,-1.3921,-9.9658,-9.9658,-9.9658,-9.9658,-9.9658,-9.9658,-9.9658,-1.9379,-9.9658,-9.9658,-9.9658,-9.9658,-9.9658,-9.9658,-9.9658,-0.6873,-9.9658,-9.9658,-9.9658,-9.9658,-9.9658,-9.9658,-9.9658,-9.9658,-9.9658,-9.9658,-9.9658,-9.9658,-9.9658,-9.9658,-9.9658,-9.9658,-9.9658,-9.9658,-9.9658,-9.9658,-9.9658,-9.9658,-9.9658,-9.9658,-9.9658,-9.9658,-9.9658,-9.9658,-9.9658,-9.9658,-9.9658,-9.9658,-9.9658,-9.9658,-0.9686,-9.9658,-9.9658,-9.9658,-9.9658,-9.9658,-9.9658,-9.9658,-9.9658,-9.9658,0.3346,-2.3884,-9.9658,-9.9658,-9.9658,-9.9658,-9.9658,-9.9658,-9.9658,-9.9658,-9.9658,-9.9658,-9.9658,-9.9658,-9.9658,-9.9658,-0.4131
ENST00000381577,-0.5973,0.547,-1.0262,-9.9658,-1.9379,1.0363,-9.9658,-0.8339,-2.9324,-1.1488,1.0079,-2.8262,1.3167,-0.3022,-0.3752,-2.9324,-0.6643,-0.8863,-3.0469,-1.0862,1.8957,-0.3201,0.2762,3.2632,-0.7108,-5.0116,-1.4699,-1.8314,-2.4659,-3.0469,-4.2934,-3.1714,-0.4719,-0.1345,-3.0469,-2.6349,-9.9658,-9.9658,-1.8836,-2.2447,-9.9658,-2.114,-9.9658,-0.5543,-2.6349,-4.2934,-2.8262,-2.8262,-9.9658,-0.6643,-1.8836,-2.2447,-3.0469,0.0718,-0.8863,-0.7588,-0.3566,-2.7274,-1.0862,-0.013,-1.2828,-1.1811,-1.5522,-0.5332,-2.3147,-1.5105,-1.1172,-0.9686,-9.9658,-9.9658,-9.9658,-3.0469,0.537,-2.9324,-3.0469,0.6145,-1.1811,-0.5125,0.2277,-0.6873,1.8604,-1.4305,-0.8084,-9.9658,-2.3147,0.7664,-1.8314,-0.8084,-1.0862,-1.7809,-1.1172,-9.9658,-1.9942,1.5514,-1.7322,-1.5951,-0.3752,-0.1345,-1.4699,1.0007,-1.7322,-2.9324,-1.7322,-9.9658,-2.1779,-9.9658,-0.7346,-9.9658,-1.7809,-2.7274,-3.1714,-0.1031,-3.0469,-9.9658,-0.8599,-2.3884,-2.7274,-0.7108,-2.3884,-0.3201,-0.0725,-1.4699,-1.2142,-2.7274,-9.9658,-1.5951,-0.8084,-1.6394,-2.1779,-2.114,-2.1779,-2.2447,-0.3022,-3.6259,-0.2845,-2.0529,-9.9658,-2.1779,-9.9658,-3.458,0.0718,-0.6873,-2.6349,-9.9658,1.0433,-1.1172,0.8082,-9.9658,-9.9658,0.3907,-1.7809,3.3105,0.4865,-0.0725,-5.5735,-9.9658,-0.8084,-0.1993,-1.2828,0.4016,-1.7809,-1.6394,-4.6082,-1.4305,-2.2447,-0.6193,-0.5125,-1.7322,-1.9379,0.688,-9.9658,-0.4521,1.4441
ENST00000421973,-9.9658,-1.6394,-9.9658,-9.9658,-9.9658,-9.9658,-9.9658,-9.9658,-4.6082,-9.9658,-9.9658,-9.9658,-2.2447,-9.9658,-9.9658,-9.9658,-9.9658,-9.9658,-9.9658,-3.1714,-9.9658,-9.9658,-9.9658,-9.9658,-9.9658,-9.9658,-4.6082,-9.9658,-9.9658,-9.9658,-9.9658,-9.9658,-9.9658,-3.1714,-9.9658,-9.9658,-3.6259,-9.9658,-9.9658,-9.9658,-9.9658,-9.9658,-9.9658,-2.1779,-2.7274,-9.9658,-9.9658,-9.9658,-9.9658,-9.9658,-9.9658,-9.9658,-9.9658,-9.9658,-9.9658,-9.9658,-9.9658,-9.9658,-9.9658,-9.9658,-9.9658,-4.6082,-9.9658,-9.9658,-9.9658,-3.816,-9.9658,-9.9658,-9.9658,-9.9658,-3.3076,-6.5064,-9.9658,-9.9658,-9.9658,-9.9658,-4.035,-9.9658,-9.9658,-9.9658,-9.9658,-9.9658,-9.9658,-9.9658,-9.9658,-9.9658,-9.9658,-9.9658,-9.9658,-9.9658,-9.9658,-9.9658,-9.9658,-9.9658,-9.9658,-9.9658,-9.9658,-3.6259,-9.9658,-9.9658,-9.9658,-9.9658,-2.8262,-9.9658,-9.9658,-9.9658,-9.9658,-9.9658,-4.2934,-9.9658,-9.9658,-9.9658,-5.5735,-9.9658,-9.9658,-9.9658,-5.5735,-9.9658,-9.9658,-9.9658,-9.9658,-9.9658,-9.9658,-9.9658,-9.9658,-9.9658,-9.9658,-9.9658,-9.9658,-5.5735,-9.9658,-9.9658,-9.9658,-9.9658,-9.9658,-9.9658,-9.9658,-9.9658,-9.9658,-9.9658,-9.9658,-9.9658,-9.9658,-9.9658,-9.9658,-9.9658,-9.9658,-3.0469,-9.9658,-9.9658,-9.9658,-9.9658,-6.5064,-9.9658,-9.9658,-9.9658,-9.9658,-9.9658,-9.9658,-9.9658,-9.9658,-9.9658,-3.816,-9.9658,-2.1779,-9.9658,-5.0116,-4.2934,-9.9658,-9.9658,-9.9658,-9.9658,-9.9658
ENST00000506181,-9.9658,-9.9658,-2.2447,-9.9658,-3.6259,-3.816,-9.9658,-9.9658,-9.9658,-1.5522,-0.3383,-9.9658,-2.8262,-9.9658,-9.9658,-3.816,-9.9658,-9.9658,-9.9658,-9.9658,-9.9658,-9.9658,-9.9658,-9.9658,-9.9658,-9.9658,-9.9658,-9.9658,-9.9658,-9.9658,-9.9658,-9.9658,-9.9658,-9.9658,-3.458,-9.9658,-9.9658,-9.9658,-1.9942,-3.1714,-9.9658,-2.4659,-9.9658,-9.9658,-9.9658,-9.9658,-1.1488,-9.9658,-9.9658,-9.9658,-9.9658,-3.3076,-9.9658,0.5666,-9.9658,-3.458,-9.9658,-9.9658,-9.9658,-9.9658,-9.9658,-9.9658,-9.9658,-9.9658,-9.9658,-0.2671,-9.9658,-9.9658,-9.9658,-9.9658,-9.9658,-9.9658,-9.9658,-1.8836,-9.9658,-9.9658,-9.9658,-9.9658,-9.9658,-9.9658,-9.9658,-9.9658,-9.9658,-9.9658,-9.9658,-9.9658,-1.5522,-9.9658,-9.9658,-9.9658,-9.9658,-9.9658,-9.9658,-3.458,-9.9658,-3.0469,-9.9658,-9.9658,-9.9658,-9.9658,-3.816,-9.9658,-9.9658,-9.9658,-9.9658,-9.9658,-9.9658,-4.035,-9.9658,-9.9658,-9.9658,-9.9658,-9.9658,-9.9658,-9.9658,-2.4659,-0.5973,-9.9658,-9.9658,-9.9658,-9.9658,-9.9658,-9.9658,-9.9658,-9.9658,-9.9658,-9.9658,-9.9658,-9.9658,-9.9658,-9.9658,-0.8339,-3.6259,-3.3076,-1.5522,-9.9658,-9.9658,-9.9658,-9.9658,-9.9658,-0.8084,-9.9658,-9.9658,-9.9658,-9.9658,-9.9658,-9.9658,-9.9658,-9.9658,-9.9658,-9.9658,-9.9658,-9.9658,-9.9658,-9.9658,-9.9658,-9.9658,-9.9658,-9.9658,-9.9658,-9.9658,-9.9658,-9.9658,-9.9658,-9.9658,-9.9658,-9.9658,-9.9658,-9.9658,-9.9658,-9.9658,-3.3076,-9.9658
ENST00000507590,-9.9658,-9.9658,-9.9658,-9.9658,-9.9658,-9.9658,-2.4659,-9.9658,-9.9658,-9.9658,-9.9658,-9.9658,-9.9658,-9.9658,-2.1779,-9.9658,-9.9658,-9.9658,-9.9658,-9.9658,-9.9658,-9.9658,-9.9658,-9.9658,-9.9658,-9.9658,-9.9658,-9.9658,-9.9658,-5.0116,-9.9658,-9.9658,-9.9658,-9.9658,-9.9658,-9.9658,-9.9658,-9.9658,-9.9658,-9.9658,-9.9658,-1.4305,-9.9658,-9.9658,-9.9658,-9.9658,-9.9658,-9.9658,-2.0529,-9.9658,-9.9658,-9.9658,-9.9658,-2.5479,-9.9658,-2.8262,-9.9658,-9.9658,-9.9658,-9.9658,-9.9658,-9.9658,-1.9942,-3.6259,-9.9658,-3.816,-9.9658,-9.9658,-9.9658,-9.9658,-9.9658,-9.9658,-9.9658,-9.9658,-9.9658,-9.9658,-9.9658,-9.9658,-9.9658,-9.9658,-9.9658,-9.9658,-9.9658,-9.9658,-9.9658,-9.9658,-9.9658,-9.9658,-3.1714,-9.9658,-9.9658,-9.9658,-9.9658,-9.9658,-9.9658,-1.9379,-9.9658,-9.9658,-9.9658,-9.9658,-9.9658,-9.9658,-9.9658,-9.9658,-9.9658,-9.9658,-9.9658,-9.9658,-4.6082,-9.9658,-9.9658,-9.9658,-9.9658,-9.9658,-9.9658,-5.5735,-9.9658,-9.9658,-9.9658,-9.9658,-9.9658,-9.9658,-9.9658,-9.9658,-9.9658,-9.9658,-9.9658,-9.9658,-9.9658,-9.9658,-9.9658,-9.9658,-9.9658,-2.0529,-9.9658,-9.9658,-9.9658,-9.9658,-9.9658,-9.9658,-9.9658,-9.9658,-9.9658,-9.9658,-9.9658,-9.9658,-9.9658,-9.9658,-9.9658,-9.9658,-9.9658,-9.9658,-1.8314,-9.9658,-9.9658,-9.9658,-9.9658,-9.9658,-9.9658,-3.6259,-2.9324,-9.9658,-9.9658,-9.9658,-9.9658,-9.9658,-4.035,-9.9658,-9.9658,-9.9658,-9.9658,-1.3921,-9.9658
ENST00000556263,-9.9658,-9.9658,-9.9658,-9.9658,-9.9658,-9.9658,-1.1488,-1.8836,-0.9686,-9.9658,-9.9658,-2.2447,-2.1779,-1.7809,-2.2447,-2.2447,-9.9658,-9.9658,-1.1488,-9.9658,-9.9658,-9.9658,-9.9658,-9.9658,-9.9658,0.4016,-2.7274,1.2147,-0.7108,-1.4305,-2.3147,-0.8339,-1.6394,-9.9658,-9.9658,-9.9658,-9.9658,2.1313,-9.9658,-2.2447,-9.9658,-2.8262,-1.9942,-9.9658,-0.394,-2.2447,-9.9658,-9.9658,-9.9658,-9.9658,-9.9658,-1.3921,-9.9658,-1.6394,-9.9658,-9.9658,-9.9658,-9.9658,-9.9658,-9.9658,-9.9658,-9.9658,-1.5522,-2.0529,-1.5522,-9.9658,-2.3884,-9.9658,-9.9658,-9.9658,-9.9658,-1.3921,-9.9658,-9.9658,-9.9658,-1.3183,-1.3548,-9.9658,-2.0529,-1.9942,-9.9658,-9.9658,-2.6349,-9.9658,-9.9658,-9.9658,-9.9658,-9.9658,-9.9658,-9.9658,-9.9658,-9.9658,-2.1779,-2.2447,-9.9658,-2.9324,-1.1811,-9.9658,-0.7108,-9.9658,-9.9658,-1.8314,-1.9379,-9.9658,-9.9658,-9.9658,-1.6394,-9.9658,-2.0529,-2.3884,-9.9658,-9.9658,-9.9658,-9.9658,-9.9658,-9.9658,-2.0529,-9.9658,-9.9658,-9.9658,-9.9658,-9.9658,-9.9658,-2.5479,-9.9658,-2.1779,-9.9658,-2.2447,-9.9658,-2.6349,-9.9658,-2.7274,-9.9658,-9.9658,-9.9658,-9.9658,-9.9658,-9.9658,-9.9658,-0.7108,-9.9658,-0.8863,-1.9379,-9.9658,-9.9658,-9.9658,-9.9658,-0.0877,-9.9658,-1.5105,-9.9658,-9.9658,-2.2447,-1.9379,-2.0529,-9.9658,-0.9132,-9.9658,-2.2447,-1.8836,-0.1031,-2.3147,-9.9658,-9.9658,-9.9658,-1.9379,-0.3752,-2.5479,-9.9658,-9.9658,-9.9658,-9.9658,-9.9658
ENST00000254301,3.8198,5.2906,1.4859,6.5364,2.676,3.8531,4.1285,3.8411,4.7919,0.9038,2.6441,1.7273,4.4283,3.3336,5.4383,4.764,4.2212,3.9691,6.4827,-1.0262,2.4035,3.5621,3.4517,2.6579,6.8138,6.0029,1.9415,7.2271,7.3491,4.3039,6.5839,3.1588,3.1377,4.3632,-0.2845,4.2624,2.2693,6.6827,2.8701,0.4233,6.4856,4.2095,4.1078,4.7127,2.4279,5.4393,5.4192,0.5271,6.1655,2.3308,2.2513,3.4648,1.9377,3.5669,1.8801,1.8444,0.434,1.8918,4.7762,0.9935,6.283,3.927,0.537,3.3177,0.9568,3.8601,5.8968,1.0779,1.2209,1.7617,4.2381,3.2251,4.1692,2.6693,3.3675,5.5245,1.3791,0.2522,0.8568,5.9905,5.7814,4.8355,2.4831,0.03,1.2815,5.6136,4.3335,3.8541,3.6148,-9.9658,1.9968,-0.3022,6.4074,3.5899,4.4142,3.6486,7.6682,4.0001,7.1706,4.1044,-9.9658,3.222,1.5266,3.1344,3.1604,0.5069,4.0901,5.5277,4.6514,5.4944,1.0007,4.2714,-0.9686,4.14,2.5238,-1.4699,2.7379,2.9544,4.2578,3.8857,3.5287,3.0944,5.4118,5.9194,0.2277,6.1973,6.8669,-0.1993,3.1393,6.4165,-0.6643,5.1359,4.9996,4.4509,0.5069,-0.0877,3.3842,2.3193,6.4091,7.3643,0.2154,6.8257,3.3278,5.6528,7.7401,1.2271,5.5735,6.1891,5.658,5.0527,3.5669,4.892,3.6939,6.7274,3.417,0.8408,4.3392,3.3993,5.5157,5.5832,7.0912,3.7204,1.2023,5.7557,-9.9658,2.2391,1.2934,-1.0559,6.1185,3.5411,2.0111,3.5815,3.9847
ENST00000600196,2.167,2.0325,0.8883,0.044,1.1833,2.1013,1.6785,2.1798,1.4011,1.0363,1.9749,0.537,0.4657,2.2901,2.0218,1.3679,0.8883,1.2696,2.8034,3.1637,2.8199,2.036,2.9281,0.6517,-9.9658,2.3564,1.9188,1.2271,1.9859,3.7614,1.5165,0.6145,0.8805,0.7832,1.8604,0.4233,0.2029,-9.9658,2.0912,1.4808,1.6558,0.2762,1.7617,2.3843,1.3511,1.0293,-0.7108,0.7916,1.2875,1.3901,0.4657,3.1892,-0.8863,1.6649,0.2881,2.4198,2.7972,1.8444,1.6093,0.6145,1.5465,0.1388,-9.9658,1.4281,1.8524,-0.6416,1.1577,2.081,0.2881,1.5366,1.3225,2.1013,2.9032,-0.3383,1.7403,1.9415,2.1862,0.9419,0.537,2.3308,2.4252,0.434,1.9527,0.3907,1.4962,1.6281,-0.2328,-0.4719,1.2576,2.5238,0.7579,-2.6349,1.5709,2.3953,2.0569,1.9073,2.5683,1.1577,1.1706,0.8327,0.8883,1.0573,1.0007,2.5263,-1.4305,1.412,2.3423,2.3164,1.3901,1.5998,1.2455,1.4962,1.3567,1.0915,0.9568,1.0079,0.6608,-0.1031,0.9716,1.6466,1.2209,0.6145,2.5137,-0.4131,0.9115,0.7916,2.4857,0.7493,0.2154,0.6425,1.8996,1.2333,2.2175,0.2881,-9.9658,1.0503,1.6327,2.108,0.2998,2.7868,0.4657,0.03,0.434,0.6699,1.2576,2.5163,1.5709,1.6234,0.1776,1.9786,1.4547,2.6114,0.7579,1.1117,3.0688,2.2872,1.674,1.1447,1.4911,1.884,1.9675,1.6327,0.2642,0.8164,3.1145,1.46,1.8604,1.3901,2.4332,2.5828,0.8082,1.2696,1.196
ENST00000368087,2.3164,-9.9658,-9.9658,-1.2142,-2.0529,1.8722,3.7625,-1.5951,-1.8836,-9.9658,-1.0862,-0.2498,3.9374,-0.1504,-0.7588,1.5758,-1.5951,2.6783,-0.2671,-0.2498,0.5666,-0.1993,0.9935,3.5262,-9.9658,-0.013,1.3956,0.03,1.7403,-0.3566,-0.1504,-1.1488,0.7233,0.8488,-2.114,0.2029,-9.9658,-9.9658,0.2277,2.5112,0.3346,-0.7588,-9.9658,-0.3022,1.4652,-0.8599,2.7249,0.3796,-9.9658,0.6425,-0.1504,5.2464,0.6608,-0.3022,2.4779,-1.6394,-0.9132,-0.4719,-0.0574,1.9895,0.4761,-0.8599,1.0711,0.6699,-9.9658,1.1897,3.3619,-9.9658,-0.1187,-0.4921,5.5611,4.8192,1.9601,-9.9658,-0.9686,-0.4131,0.1648,-0.9971,1.105,0.058,0.8246,-0.5973,-0.5332,-0.1504,-1.1811,-1.9379,-0.2328,1.1577,3.0092,-1.2481,-0.0277,-9.9658,-1.5951,2.5634,0.0158,0.8647,0.1648,2.236,-0.4521,2.5536,-0.7108,-0.6643,0.2522,2.4171,-9.9658,-9.9658,-9.9658,-2.3884,0.03,-0.1993,-0.7834,3.091,-0.6643,-1.9942,2.7336,-9.9658,-1.8836,-9.9658,-0.8339,0.4761,2.6067,-9.9658,-9.9658,-1.6394,-0.7588,-0.9406,-9.9658,-9.9658,-0.7346,0.3231,0.434,-1.5105,4.0436,1.177,0.3231,-0.7108,0.0854,-0.6193,-9.9658,-0.4325,-0.8599,-1.3548,-1.2828,-9.9658,-1.2481,0.1903,3.7688,-1.2828,-9.9658,-1.2481,0.7664,0.7832,1.3846,1.5758,0.5069,-0.7588,1.4911,2.77,2.3649,-0.4131,-0.5756,2.2543,-1.5105,-1.9942,-9.9658,-0.6643,0.9115,-9.9658,-9.9658,1.9859,-9.9658,3.1604,4.1804
ENST00000407242,-9.9658,-9.9658,-9.9658,-9.9658,-9.9658,-2.2447,-1.8314,-9.9658,-2.5479,-9.9658,-1.9379,-9.9658,-9.9658,-1.0262,-9.9658,-9.9658,-9.9658,-1.3183,-9.9658,-9.9658,-9.9658,-9.9658,-9.9658,-9.9658,-9.9658,-1.8836,-9.9658,-9.9658,-9.9658,-9.9658,-9.9658,-9.9658,-1.5522,-1.9379,-9.9658,-9.9658,-9.9658,-9.9658,-3.0469,-9.9658,-9.9658,-9.9658,-3.458,-1.7809,-2.1779,-9.9658,-9.9658,-9.9658,-9.9658,-9.9658,-9.9658,-1.6394,-9.9658,-9.9658,-9.9658,-9.9658,-9.9658,-9.9658,-9.9658,-9.9658,-9.9658,-9.9658,-9.9658,-9.9658,-9.9658,-9.9658,-9.9658,-9.9658,-9.9658,-9.9658,-9.9658,-9.9658,-9.9658,-9.9658,-9.9658,-9.9658,-9.9658,-9.9658,-9.9658,-9.9658,-9.9658,-9.9658,-9.9658,-9.9658,-9.9658,-9.9658,-9.9658,0.7832,0.058,-9.9658,-9.9658,-9.9658,-9.9658,0.5955,-9.9658,-9.9658,-9.9658,-9.9658,-9.9658,-9.9658,-9.9658,-9.9658,-9.9658,-9.9658,-9.9658,-9.9658,-9.9658,-9.9658,-3.6259,-9.9658,-9.9658,-9.9658,-9.9658,-9.9658,-9.9658,-1.5105,-9.9658,-9.9658,-9.9658,-9.9658,-9.9658,-9.9658,-9.9658,-9.9658,-9.9658,-9.9658,-9.9658,-9.9658,-9.9658,-9.9658,-9.9658,-9.9658,-9.9658,-9.9658,-9.9658,-9.9658,-9.9658,-9.9658,-9.9658,-9.9658,-9.9658,-9.9658,-9.9658,-9.9658,-9.9658,-9.9658,-2.0529,-9.9658,-9.9658,-9.9658,-9.9658,-1.9942,-9.9658,-9.9658,-9.9658,-9.9658,-9.9658,-9.9658,-9.9658,-9.9658,-1.3548,-9.9658,-5.0116,-9.9658,-9.9658,-9.9658,-9.9658,-9.9658,-9.9658,-9.9658,-2.8262,-9.9658,-2.3147
ENST00000521480,-9.9658,-9.9658,-9.9658,-9.9658,-9.9658,-9.9658,-9.9658,-9.9658,-9.9658,-9.9658,-9.9658,-9.9658,-9.9658,-9.9658,-9.9658,-9.9658,-9.9658,-9.9658,-9.9658,-9.9658,-9.9658,-3.1714,-9.9658,-9.9658,-9.9658,-9.9658,-9.9658,-9.9658,-9.9658,-9.9658,-9.9658,-9.9658,-9.9658,-9.9658,-9.9658,-9.9658,-9.9658,-9.9658,-9.9658,-9.9658,-9.9658,-9.9658,-9.9658,-9.9658,-9.9658,-9.9658,-9.9658,-9.9658,-9.9658,-9.9658,-9.9658,-9.9658,-9.9658,-9.9658,-9.9658,-9.9658,-9.9658,-9.9658,-9.9658,-9.9658,-9.9658,-9.9658,-3.0469,-9.9658,-9.9658,-9.9658,-9.9658,-9.9658,-9.9658,-9.9658,-3.816,-9.9658,-9.9658,-9.9658,-9.9658,-9.9658,-9.9658,-9.9658,-9.9658,-9.9658,-9.9658,-9.9658,-9.9658,-9.9658,-9.9658,-9.9658,-9.9658,-9.9658,-9.9658,-9.9658,-9.9658,-9.9658,-9.9658,-9.9658,-9.9658,-9.9658,-9.9658,-9.9658,-9.9658,-9.9658,-9.9658,-9.9658,-9.9658,-9.9658,-9.9658,-9.9658,-9.9658,-9.9658,-9.9658,-9.9658,-9.9658,-9.9658,-9.9658,-9.9658,-9.9658,-9.9658,-9.9658,-9.9658,-9.9658,-9.9658,-9.9658,-9.9658,-9.9658,-9.9658,-9.9658,-9.9658,-9.9658,-9.9658,-3.3076,-9.9658,-9.9658,-9.9658,-9.9658,-9.9658,-9.9658,-9.9658,-9.9658,-9.9658,-9.9658,-9.9658,-9.9658,-9.9658,-9.9658,-9.9658,-9.9658,-9.9658,-9.9658,-9.9658,-9.9658,-9.9658,-9.9658,-9.9658,-9.9658,-9.9658,-9.9658,-9.9658,-9.9658,-9.9658,-9.9658,-9.9658,-9.9658,-9.9658,-9.9658,-9.9658,-9.9658,-9.9658,-9.9658,-9.9658,-9.9658,-9.9658,-9.9658,-9.9658,-9.9658
ENST00000602118,-9.9658,-9.9658,-9.9658,-9.9658,-9.9658,-9.9658,-9.9658,-9.9658,-9.9658,-2.7274,-9.9658,-9.9658,-9.9658,-9.9658,-9.9658,-1.8314,-9.9658,-9.9658,-1.685,-9.9658,-9.9658,-9.9658,-9.9658,-9.9658,-1.0862,-3.0469,-9.9658,-9.9658,-9.9658,-9.9658,-9.9658,-9.9658,-4.035,-9.9658,-1.8314,-2.2447,-9.9658,-9.9658,-3.0469,-9.9658,-9.9658,-9.9658,-9.9658,-9.9658,-2.9324,-2.9324,-9.9658,-9.9658,-9.9658,-9.9658,-9.9658,-9.9658,-9.9658,-9.9658,-9.9658,-9.9658,-9.9658,-9.9658,-9.9658,-9.9658,-9.9658,-9.9658,-9.9658,-9.9658,-9.9658,-2.6349,-3.3076,-9.9658,-9.9658,-9.9658,-9.9658,-9.9658,-9.9658,-9.9658,-9.9658,-2.114,-9.9658,-9.9658,-9.9658,-2.4659,-9.9658,-9.9658,-9.9658,-9.9658,-9.9658,-9.9658,-3.3076,-9.9658,-9.9658,-9.9658,-9.9658,-9.9658,-2.4659,-9.9658,-3.1714,-6.5064,-9.9658,-9.9658,-9.9658,-9.9658,-9.9658,-9.9658,-9.9658,-9.9658,-9.9658,-9.9658,-9.9658,-9.9658,-2.9324,-9.9658,-9.9658,-2.9324,-9.9658,-9.9658,-2.6349,-9.9658,-9.9658,-9.9658,-2.2447,-9.9658,-9.9658,-9.9658,-2.114,-9.9658,-9.9658,-9.9658,-9.9658,-9.9658,-9.9658,-2.8262,-9.9658,-9.9658,-9.9658,-9.9658,-9.9658,-9.9658,-9.9658,-9.9658,-9.9658,-9.9658,-9.9658,-9.9658,-3.0469,-9.9658,-3.458,-9.9658,-2.7274,-3.3076,-9.9658,-9.9658,-9.9658,-9.9658,-9.9658,-9.9658,-9.9658,-9.9658,-9.9658,-9.9658,-9.9658,-9.9658,-2.6349,-9.9658,-9.9658,-9.9658,-9.9658,-9.9658,-9.9658,-9.9658,-9.9658,-9.9658,-9.9658,-9.9658,-9.9658
ENST00000519154,-9.9658,-9.9658,-9.9658,-9.9658,-9.9658,-9.9658,-9.9658,-9.9658,-9.9658,-9.9658,-9.9658,-9.9658,-9.9658,-9.9658,-9.9658,-9.9658,-9.9658,-9.9658,-9.9658,-9.9658,-9.9658,-2.6349,-9.9658,-9.9658,-9.9658,-9.9658,-9.9658,-9.9658,-9.9658,-9.9658,-9.9658,-9.9658,-9.9658,-9.9658,-9.9658,-9.9658,-9.9658,-9.9658,-9.9658,-9.9658,-9.9658,-9.9658,-9.9658,-9.9658,-9.9658,-9.9658,-9.9658,-9.9658,-9.9658,-9.9658,-9.9658,-9.9658,-9.9658,-9.9658,-9.9658,-9.9658,-9.9658,-9.9658,-9.9658,-9.9658,-9.9658,-9.9658,-9.9658,-9.9658,-9.9658,-9.9658,-9.9658,-9.9658,-9.9658,-9.9658,-9.9658,-9.9658,-9.9658,-9.9658,-9.9658,-9.9658,-9.9658,-9.9658,-9.9658,-9.9658,-2.1779,-9.9658,-9.9658,-9.9658,-9.9658,-9.9658,-9.9658,-9.9658,-9.9658,-9.9658,-9.9658,-9.9658,-9.9658,-2.8262,-9.9658,-9.9658,-9.9658,-9.9658,-9.9658,-9.9658,-9.9658,-9.9658,-9.9658,-9.9658,-9.9658,-9.9658,-9.9658,-9.9658,-9.9658,-9.9658,-9.9658,-9.9658,-9.9658,-9.9658,-9.9658,-9.9658,-9.9658,-9.9658,-9.9658,-9.9658,-9.9658,-9.9658,-9.9658,-9.9658,-9.9658,-9.9658,-9.9658,-9.9658,-9.9658,-9.9658,-9.9658,-9.9658,-9.9658,-9.9658,-9.9658,-9.9658,-9.9658,-9.9658,-9.9658,-9.9658,-9.9658,-9.9658,-9.9658,-9.9658,-9.9658,-9.9658,-9.9658,-9.9658,-9.9658,-9.9658,-9.9658,-9.9658,-9.9658,-9.9658,-9.9658,-9.9658,-9.9658,-9.9658,-9.9658,-9.9658,-9.9658,-9.9658,-9.9658,-9.9658,-9.9658,-9.9658,-9.9658,-9.9658,-9.9658,-9.9658,-9.9658,-3.0469,-9.9658
ENST00000557120,-0.1665,0.5568,-2.3884,-9.9658,-0.0877,0.3907,-0.3201,-0.1504,-0.1665,-1.2481,-0.8084,-0.9971,0.8726,2.6208,-1.0262,-1.4305,-0.5973,-0.8599,-1.7809,2.118,1.2516,0.3346,1.8484,-0.1031,-9.9658,-2.0529,-0.6193,1.196,-0.5543,-1.0262,0.688,-1.685,-1.3183,-1.1172,-1.0262,-1.3183,-1.5522,-9.9658,-0.7108,-1.5951,-4.2934,-1.9379,-1.0262,-1.9942,-2.9324,-9.9658,-0.6643,0.0158,-3.6259,-0.9971,-0.7588,0.5763,-9.9658,-0.3201,0.1776,-0.8339,2.4412,-1.0559,-0.1187,-0.7346,-1.3183,-1.3183,-0.7834,-1.2142,-0.8863,-1.5105,-1.2481,-9.9658,0.1903,-9.9658,-1.3921,-1.5105,-0.0574,-1.7322,-1.3183,0.4233,1.1706,-0.9132,0.9493,-0.0725,0.679,-1.3921,-0.5125,-1.3548,-0.3022,-1.4699,-0.1504,-0.8339,0.8082,0.8488,-3.1714,-2.4659,-0.8339,0.099,0.4657,-1.1172,-3.0469,-0.6193,-0.8599,-0.9971,0.5955,-9.9658,-0.2159,-0.6643,-1.9942,-4.035,1.8484,-1.0559,-1.3548,-0.0425,-0.6193,-0.394,1.2455,-9.9658,-1.3921,0.5666,0.1648,-9.9658,-1.7809,-1.0262,1.5998,-1.3183,0.2762,-0.7346,-2.4659,0.517,-1.4699,-0.6643,-1.3183,-0.0574,0.1903,-0.9971,-1.1172,-0.3566,-1.685,-0.1828,-1.3921,0.6239,-1.3921,-1.685,-0.2845,-1.3921,-1.5522,-2.7274,-1.2142,-0.8339,0.044,-1.5951,-2.2447,-0.1187,-1.3548,0.7748,-9.9658,-0.1187,0.7146,-1.1811,0.9935,-2.1779,-9.9658,-0.0277,-1.1172,0.434,-0.3566,-0.3752,0.3573,-0.2845,1.0079,0.346,-3.6259,-0.5756,-1.9379,1.2934,0.2029
ENST00000471071,-0.9406,0.3231,-9.9658,0.1257,-9.9658,-2.3147,-9.9658,-9.9658,-9.9658,-9.9658,-9.9658,-3.458,1.9786,-9.9658,-3.6259,-9.9658,-9.9658,-9.9658,-1.685,-9.9658,-9.9658,-1.6394,0.03,-1.9942,-9.9658,-0.6643,-2.7274,-9.9658,3.2466,-9.9658,-9.9658,-9.9658,-2.2447,-9.9658,-9.9658,-2.6349,-9.9658,-9.9658,-9.9658,-3.6259,-0.9132,-9.9658,-9.9658,-1.6394,-9.9658,-9.9658,-9.9658,-2.3884,-0.4325,-9.9658,-9.9658,-9.9658,-9.9658,-9.9658,-2.9324,1.7489,-9.9658,-1.5951,-2.3147,-9.9658,1.2455,0.1648,-9.9658,-9.9658,-9.9658,-2.0529,-2.6349,-9.9658,-9.9658,-9.9658,-9.9658,-9.9658,-1.685,-9.9658,-1.8836,-9.9658,-0.7346,-9.9658,-9.9658,-1.2481,-0.3022,0.1648,-3.816,-0.5543,-1.8314,0.7832,-9.9658,-2.2447,0.4761,-9.9658,-9.9658,-9.9658,-9.9658,0.4552,-2.5479,-2.6349,2.1894,0.0158,0.517,-9.9658,-9.9658,-9.9658,-2.114,-9.9658,-9.9658,-9.9658,-3.3076,-9.9658,-9.9658,-9.9658,-9.9658,-2.2447,-2.3884,-9.9658,-9.9658,-9.9658,-9.9658,-9.9658,0.058,-9.9658,-2.2447,-9.9658,-1.2828,-9.9658,-9.9658,-1.0862,-0.4131,-9.9658,-9.9658,-9.9658,-9.9658,-9.9658,-9.9658,-0.4521,-1.1172,-0.3752,-1.8314,-9.9658,-9.9658,0.0014,-9.9658,0.8082,-3.1714,-9.9658,1.3567,-9.9658,1.125,-9.9658,-9.9658,-9.9658,-0.1828,0.2762,-0.4719,-1.685,-6.5064,-9.9658,2.5707,-9.9658,-1.9942,0.3573,0.6699,-9.9658,-9.9658,-1.9942,-9.9658,-9.9658,-9.9658,-9.9658,-9.9658,-2.114,-9.9658,-9.9658,-9.9658
ENST00000356962,-9.9658,0.7407,0.0854,2.7051,-3.458,-9.9658,0.8883,0.0014,-9.9658,-4.035,-0.5756,-2.9324,2.6043,-0.7834,-9.9658,0.9419,-9.9658,-9.9658,-9.9658,-9.9658,-9.9658,-9.9658,-9.9658,0.5271,-0.6416,-9.9658,-0.1504,-2.3147,0.679,-0.8339,-9.9658,-0.6193,-0.8863,-4.2934,-1.6394,-9.9658,-2.7274,-1.0559,-9.9658,-9.9658,-0.9971,-3.3076,0.1519,-9.9658,0.2154,-9.9658,-9.9658,-2.7274,0.1519,-9.9658,-1.4699,2.753,-9.9658,-9.9658,-9.9658,-9.9658,-1.0559,-9.9658,-9.9658,0.3231,-1.4699,-9.9658,-9.9658,1.105,-1.1172,-9.9658,1.3283,-0.8599,-9.9658,-9.9658,4.1178,1.0007,-9.9658,-2.9324,-0.4921,-0.8084,-9.9658,-9.9658,-9.9658,-9.9658,-9.9658,-9.9658,-0.3566,-4.2934,0.3796,-2.3147,-9.9658,0.6425,0.03,-9.9658,-9.9658,-0.7108,-2.2447,0.4552,-3.1714,-5.5735,-9.9658,0.346,0.2881,-9.9658,-9.9658,-9.9658,-9.9658,1.8036,0.1519,0.9343,0.434,-9.9658,0.044,-9.9658,-0.9132,0.9268,-9.9658,-0.6873,3.1212,1.1382,-1.1488,-0.2159,-9.9658,0.3685,1.0433,0.547,1.3051,-9.9658,-9.9658,-9.9658,-1.2142,-0.4921,-9.9658,0.7664,-9.9658,0.1257,1.934,-9.9658,-9.9658,-9.9658,-9.9658,-9.9658,-5.5735,-9.9658,-9.9658,-0.0425,-0.7588,-1.5951,-1.7322,-9.9658,2.128,-0.9132,-0.1187,-9.9658,-0.0574,-0.7588,-9.9658,-9.9658,-9.9658,-9.9658,0.6969,0.3796,2.0673,-9.9658,-9.9658,-9.9658,-9.9658,-9.9658,0.2029,-9.9658,-0.7108,-0.8339,-2.3147,-3.6259,-0.9971,-0.5125,-9.9658
ENST00000469293,-0.4719,-0.1504,-0.6416,-1.9942,-9.9658,-2.8262,1.6964,-1.3921,-1.9379,-1.8836,-9.9658,-9.9658,2.4831,-9.9658,-9.9658,-9.9658,-9.9658,-1.5951,-0.2671,-0.2671,-9.9658,-9.9658,-0.1665,-2.9324,-2.0529,-9.9658,-1.5522,-9.9658,-9.9658,-9.9658,-2.3147,-2.3147,-1.2828,-2.6349,-9.9658,-0.5332,-9.9658,-9.9658,-1.2828,0.1388,-2.0529,-9.9658,-9.9658,-9.9658,0.4657,-9.9658,-2.0529,-9.9658,-9.9658,-2.7274,-9.9658,2.4063,-9.9658,-9.9658,-1.5522,-9.9658,-5.5735,-1.6394,-9.9658,-9.9658,-1.9379,-9.9658,-5.5735,-9.9658,-9.9658,-9.9658,-0.1993,-9.9658,-9.9658,-9.9658,1.0433,0.7493,-9.9658,-9.9658,-1.0262,-9.9658,-0.2328,-2.0529,-9.9658,-9.9658,-4.2934,-9.9658,-9.9658,-9.9658,-9.9658,-1.4699,-9.9658,-0.394,1.5661,-9.9658,-6.5064,-2.3147,-1.7809,0.1257,-9.9658,-0.8084,-9.9658,1.0222,-9.9658,-9.9658,-0.6193,-9.9658,-9.9658,-9.9658,-9.9658,-9.9658,-9.9658,-9.9658,-0.9686,-9.9658,-9.9658,-0.5543,-9.9658,-9.9658,0.4233,-2.9324,-9.9658,0.2998,0.3907,-9.9658,1.787,-9.9658,-1.1488,-0.3201,-9.9658,-0.3383,-9.9658,-9.9658,-2.0529,-9.9658,-1.5951,-9.9658,2.4675,-9.9658,-9.9658,-9.9658,0.4233,-9.9658,-9.9658,-9.9658,-1.8836,-9.9658,-9.9658,-9.9658,-9.9658,-0.6193,-9.9658,-0.1504,-0.8599,-9.9658,-1.4699,-9.9658,-1.0262,1.1117,-9.9658,-9.9658,-9.9658,0.2277,-0.4921,-9.9658,-9.9658,-9.9658,-3.6259,-9.9658,-9.9658,-9.9658,-9.9658,-9.9658,-9.9658,-9.9658,-9.9658,-1.2142,0.3573
ENST00000522840,-9.9658,-9.9658,-9.9658,-9.9658,-9.9658,-9.9658,-9.9658,-9.9658,-9.9658,-9.9658,-9.9658,-9.9658,-9.9658,-9.9658,-9.9658,-9.9658,-9.9658,-9.9658,-9.9658,-9.9658,-9.9658,-9.9658,-9.9658,-9.9658,-9.9658,-9.9658,-9.9658,-9.9658,-9.9658,-9.9658,-9.9658,-9.9658,-9.9658,-9.9658,-9.9658,-9.9658,-9.9658,-9.9658,-9.9658,-9.9658,-9.9658,-9.9658,-9.9658,-9.9658,-9.9658,-9.9658,-9.9658,-9.9658,-9.9658,-9.9658,-9.9658,-9.9658,-9.9658,-9.9658,-9.9658,-9.9658,-9.9658,-9.9658,-9.9658,-9.9658,-9.9658,-9.9658,-9.9658,-9.9658,-9.9658,-9.9658,-9.9658,-9.9658,-9.9658,-9.9658,-9.9658,-9.9658,-9.9658,-9.9658,-9.9658,-9.9658,-9.9658,-9.9658,-9.9658,-9.9658,-9.9658,-9.9658,-9.9658,-3.0469,-9.9658,-9.9658,-9.9658,-9.9658,-9.9658,-9.9658,-9.9658,-9.9658,-9.9658,-9.9658,-9.9658,-9.9658,-9.9658,-9.9658,-9.9658,-9.9658,-9.9658,-9.9658,-9.9658,-9.9658,-9.9658,-9.9658,-9.9658,-9.9658,-9.9658,-9.9658,-9.9658,-9.9658,-9.9658,-9.9658,-9.9658,-9.9658,-9.9658,-9.9658,-9.9658,-9.9658,-2.3884,-9.9658,-9.9658,-9.9658,-9.9658,-9.9658,-9.9658,-9.9658,-9.9658,-9.9658,-9.9658,-9.9658,-9.9658,-9.9658,-9.9658,-9.9658,-9.9658,-9.9658,-9.9658,-9.9658,-9.9658,-9.9658,-9.9658,-9.9658,-1.8314,-9.9658,-9.9658,-9.9658,-9.9658,-9.9658,-9.9658,-9.9658,-9.9658,-9.9658,-9.9658,-9.9658,-9.9658,-9.9658,-9.9658,-9.9658,-9.9658,-9.9658,-9.9658,-9.9658,-9.9658,-9.9658,-9.9658,-9.9658,-9.9658,-9.9658,-9.9658,-9.9658,-9.9658
ENST00000593178,0.2881,-1.0262,0.8082,0.3685,1.6785,0.3907,0.9716,0.0854,-1.0262,1.6964,1.9786,-1.1172,1.816,1.2636,2.0638,2.1798,0.5568,0.9493,2.4753,-1.5105,2.0604,-0.1504,1.8957,-0.1345,1.5316,-0.0725,-0.2671,1.614,1.6964,-0.8084,-0.3022,-0.3566,-0.8084,1.6327,1.9786,1.2696,-2.3884,0.7493,1.125,3.5374,1.0503,1.9822,0.4552,0.517,0.24,0.9642,0.2277,0.1257,1.2271,1.4547,0.7916,0.1388,-1.0559,0.8488,-0.6416,0.1903,0.4447,0.8164,2.561,-2.114,0.5069,2.0979,-0.0277,-0.0725,1.1577,0.1648,1.614,1.1382,0.2642,0.7233,1.2756,-0.7108,0.2029,1.3511,2.0004,1.816,1.8444,0.0014,0.6145,1.3051,1.4011,0.6425,0.5763,-2.4659,2.9071,0.605,-0.1993,-0.7108,-2.9324,0.058,-0.2498,-2.114,0.6239,1.0433,-0.1828,1.4228,-0.2671,0.3573,1.4494,-0.1504,1.6785,1.0007,1.0433,-1.5522,0.1903,1.334,0.03,1.2023,2.2144,1.8323,1.9034,0.7748,-0.1031,1.6045,1.1897,1.2636,1.0915,-0.1031,0.5666,0.517,-1.1811,0.1903,1.3051,0.9115,-0.2671,0.9268,1.3454,0.2881,-2.6349,-0.7588,2.1957,1.9859,1.7446,1.1577,-0.8084,-1.0262,1.3846,0.434,0.3796,-0.7346,2.2144,0.8246,2.409,0.8164,0.8568,0.517,0.3796,0.9716,1.9264,2.0183,-0.4521,-1.7322,-0.3022,0.3231,-1.9942,0.0718,-0.7588,-1.6394,0.3115,0.4761,1.6604,0.2642,1.6093,0.7146,1.1117,-0.2328,0.6425,-0.9406,1.8683,0.6608,-0.7108,-0.5332,0.3115
ENST00000506072,-9.9658,-9.9658,-3.6259,-9.9658,-9.9658,-9.9658,-9.9658,-9.9658,-9.9658,-9.9658,-2.3884,-9.9658,-9.9658,-9.9658,-9.9658,-9.9658,-9.9658,-9.9658,-5.0116,-9.9658,-9.9658,-9.9658,-9.9658,-9.9658,-9.9658,-9.9658,-9.9658,-9.9658,-9.9658,-9.9658,-9.9658,-9.9658,-4.2934,-9.9658,-9.9658,-9.9658,-9.9658,-9.9658,-9.9658,-2.4659,-9.9658,-9.9658,-9.9658,-9.9658,-9.9658,-9.9658,-9.9658,-9.9658,-9.9658,-9.9658,-9.9658,-9.9658,-9.9658,-1.1172,-9.9658,-9.9658,-9.9658,-9.9658,-9.9658,-9.9658,-9.9658,-9.9658,-9.9658,-9.9658,-9.9658,-9.9658,-9.9658,-9.9658,-9.9658,-9.9658,-9.9658,-9.9658,-9.9658,-9.9658,-9.9658,-9.9658,-9.9658,-9.9658,-9.9658,-9.9658,-9.9658,-9.9658,-9.9658,-9.9658,-9.9658,-9.9658,-2.3147,-9.9658,-9.9658,-9.9658,-9.9658,-9.9658,-9.9658,-1.6394,-9.9658,-1.5105,-9.9658,-2.3884,-9.9658,-9.9658,-2.6349,-9.9658,-9.9658,-9.9658,-9.9658,-9.9658,-9.9658,-9.9658,-9.9658,-9.9658,-9.9658,-9.9658,-9.9658,-9.9658,-9.9658,-9.9658,-9.9658,-9.9658,-9.9658,-9.9658,-9.9658,-9.9658,-9.9658,-9.9658,-9.9658,-9.9658,-9.9658,-9.9658,-9.9658,-9.9658,-9.9658,-9.9658,-9.9658,-9.9658,-9.9658,-9.9658,-9.9658,-9.9658,-9.9658,-9.9658,-9.9658,-9.9658,-9.9658,-9.9658,-9.9658,-9.9658,-9.9658,-9.9658,-9.9658,-9.9658,-9.9658,-9.9658,-9.9658,-9.9658,-9.9658,-9.9658,-9.9658,-9.9658,-9.9658,-9.9658,-9.9658,-9.9658,-9.9658,-9.9658,-9.9658,-9.9658,-9.9658,-9.9658,-9.9658,-9.9658,-9.9658,-9.9658,-9.9658
ENST00000518237,-9.9658,-9.9658,-9.9658,-9.9658,-9.9658,-9.9658,-9.9658,-9.9658,-9.9658,-9.9658,-9.9658,-9.9658,-9.9658,-9.9658,-9.9658,-9.9658,-9.9658,-9.9658,-9.9658,-9.9658,-9.9658,-9.9658,-9.9658,-9.9658,-9.9658,-9.9658,-9.9658,-9.9658,-9.9658,-9.9658,-9.9658,-9.9658,-9.9658,-9.9658,-9.9658,-9.9658,-9.9658,-9.9658,-9.9658,-9.9658,-9.9658,-9.9658,-9.9658,-9.9658,-9.9658,-9.9658,-9.9658,-9.9658,-9.9658,-9.9658,-9.9658,-9.9658,-9.9658,-9.9658,-9.9658,-9.9658,-9.9658,-9.9658,-9.9658,-9.9658,-9.9658,-9.9658,-9.9658,-9.9658,-9.9658,-9.9658,-9.9658,-9.9658,-9.9658,-9.9658,-9.9658,-9.9658,-9.9658,-9.9658,-9.9658,-9.9658,-9.9658,-9.9658,-9.9658,-9.9658,-9.9658,-9.9658,-2.6349,-9.9658,-9.9658,-9.9658,-9.9658,-9.9658,-9.9658,-9.9658,-9.9658,-9.9658,-9.9658,-9.9658,-9.9658,-9.9658,-9.9658,-9.9658,-9.9658,-9.9658,-9.9658,-9.9658,-9.9658,-9.9658,-9.9658,-9.9658,-9.9658,-9.9658,-9.9658,-9.9658,-9.9658,-9.9658,-9.9658,-9.9658,-3.3076,-9.9658,-9.9658,-9.9658,-9.9658,-9.9658,-4.6082,-9.9658,-9.9658,-9.9658,-9.9658,-9.9658,-9.9658,-9.9658,-9.9658,-9.9658,-9.9658,-9.9658,-9.9658,-9.9658,-9.9658,-9.9658,-9.9658,-9.9658,-9.9658,-9.9658,-9.9658,-9.9658,-9.9658,-9.9658,-9.9658,-9.9658,-9.9658,-9.9658,-9.9658,-9.9658,-9.9658,-9.9658,-9.9658,-9.9658,-9.9658,-9.9658,-9.9658,-9.9658,-2.9324,-9.9658,-9.9658,-9.9658,-9.9658,-9.9658,-9.9658,-9.9658,-9.9658,-9.9658,-9.9658,-9.9658,-9.9658,-9.9658,-9.9658
ENST00000503634,-9.9658,-9.9658,-9.9658,-9.9658,-9.9658,-9.9658,-9.9658,-9.9658,-9.9658,-9.9658,-9.9658,-9.9658,-9.9658,-9.9658,-9.9658,-3.1714,-9.9658,-9.9658,-9.9658,-9.9658,-9.9658,-9.9658,-9.9658,-9.9658,-9.9658,-9.9658,-9.9658,-9.9658,-9.9658,-9.9658,-9.9658,-9.9658,-9.9658,-9.9658,-9.9658,-9.9658,-9.9658,-9.9658,-9.9658,-9.9658,-9.9658,-9.9658,-9.9658,-9.9658,-9.9658,-9.9658,-9.9658,-9.9658,-9.9658,-9.9658,-9.9658,-9.9658,-9.9658,-9.9658,-9.9658,-9.9658,-9.9658,-9.9658,-9.9658,-9.9658,-9.9658,-9.9658,-9.9658,-9.9658,-9.9658,-9.9658,-9.9658,-9.9658,-9.9658,-9.9658,-9.9658,-9.9658,-9.9658,-9.9658,-9.9658,-9.9658,-9.9658,-9.9658,-9.9658,-2.8262,-9.9658,-9.9658,-9.9658,-9.9658,-9.9658,-9.9658,-2.3147,-9.9658,-9.9658,-9.9658,-9.9658,-9.9658,-9.9658,-9.9658,-9.9658,-1.8836,-9.9658,-9.9658,-9.9658,-9.9658,-9.9658,-9.9658,-9.9658,-9.9658,-9.9658,-9.9658,-9.9658,-9.9658,-9.9658,-9.9658,-9.9658,-9.9658,-9.9658,-9.9658,-9.9658,-9.9658,-3.0469,-9.9658,-9.9658,-9.9658,-9.9658,-9.9658,-9.9658,-9.9658,-9.9658,-9.9658,-9.9658,-9.9658,-9.9658,-9.9658,-9.9658,-3.458,-9.9658,-9.9658,-9.9658,-9.9658,-9.9658,-9.9658,-9.9658,-9.9658,-9.9658,-9.9658,-9.9658,-9.9658,-9.9658,-9.9658,-9.9658,-9.9658,-9.9658,-9.9658,-9.9658,-2.9324,-9.9658,-9.9658,-9.9658,-9.9658,-9.9658,-9.9658,-9.9658,-9.9658,-9.9658,-9.9658,-9.9658,-9.9658,-9.9658,-9.9658,-9.9658,-9.9658,-9.9658,-9.9658,-9.9658,-9.9658,-9.9658
ENST00000484820,-3.1714,-9.9658,-9.9658,-9.9658,-0.394,-9.9658,-9.9658,-2.9324,-9.9658,-9.9658,-9.9658,-9.9658,-9.9658,-9.9658,-9.9658,-9.9658,-9.9658,-9.9658,-9.9658,-0.5543,0.3231,-9.9658,-9.9658,-9.9658,-9.9658,-9.9658,-0.3201,-0.2328,-9.9658,-0.6416,-9.9658,-9.9658,-3.816,-9.9658,-3.1714,-9.9658,-9.9658,1.674,-9.9658,-9.9658,-9.9658,-9.9658,-9.9658,-9.9658,-9.9658,-0.5756,-9.9658,-1.7809,-9.9658,-0.5125,-9.9658,-9.9658,-9.9658,-9.9658,-9.9658,-9.9658,-9.9658,-9.9658,-9.9658,-9.9658,-1.1172,-5.5735,-9.9658,-9.9658,-9.9658,0.2277,-9.9658,-9.9658,-9.9658,-9.9658,-9.9658,-9.9658,-0.0277,-1.8314,-9.9658,-9.9658,-0.3022,-9.9658,-9.9658,-9.9658,-9.9658,-9.9658,-0.8339,-9.9658,-2.4659,-1.5951,0.5666,-9.9658,-9.9658,-9.9658,-9.9658,-9.9658,-6.5064,-9.9658,-9.9658,-9.9658,-9.9658,-9.9658,-9.9658,-9.9658,-9.9658,-9.9658,-0.9132,-5.5735,-2.5479,-9.9658,-0.4921,-9.9658,-1.2828,-1.0262,-1.4305,-9.9658,-0.3566,0.2277,0.6239,0.434,-2.7274,-9.9658,-9.9658,-9.9658,-9.9658,-9.9658,-9.9658,-9.9658,-9.9658,-9.9658,-9.9658,-9.9658,-9.9658,-9.9658,-9.9658,-9.9658,-9.9658,-9.9658,-2.7274,-0.6873,-9.9658,-9.9658,-9.9658,-9.9658,-9.9658,-9.9658,-3.1714,-9.9658,-9.9658,-9.9658,-9.9658,-5.0116,-9.9658,-3.458,-9.9658,-9.9658,-9.9658,-9.9658,0.1124,-9.9658,-0.9406,-9.9658,-9.9658,-9.9658,-0.6416,-3.816,-9.9658,-9.9658,-9.9658,-9.9658,0.3796,-9.9658,-9.9658,-9.9658,0.3685,-9.9658,-9.9658
ENST00000219235,-1.3548,-5.5735,-5.0116,-2.114,-3.1714,-9.9658,-4.6082,-9.9658,0.0158,-4.2934,-3.816,-9.9658,-9.9658,-9.9658,-2.7274,-4.035,-9.9658,-0.9971,-1.9942,-4.2934,-9.9658,-3.6259,-5.5735,-9.9658,0.7832,-2.0529,-9.9658,-9.9658,-1.1172,-5.5735,0.6145,-2.0529,-9.9658,-3.816,-9.9658,-9.9658,-9.9658,-1.9379,-4.6082,-9.9658,-0.5543,-1.685,-9.9658,-1.5951,-6.5064,-0.7834,-9.9658,-5.5735,-4.035,-5.5735,-5.5735,-4.2934,-9.9658,-5.5735,-9.9658,-3.3076,-5.5735,-5.5735,-5.0116,-9.9658,-5.0116,-4.2934,-4.2934,-1.8836,-9.9658,-9.9658,-5.0116,-9.9658,-4.6082,-9.9658,-3.6259,-3.3076,-2.7274,-5.0116,-4.6082,-9.9658,-5.5735,-9.9658,-5.5735,-3.1714,-2.7274,-0.8599,-0.2845,-9.9658,-5.5735,-9.9658,-1.9942,-4.6082,-4.6082,-5.5735,-5.5735,-9.9658,1.3511,-1.5951,-2.9324,-3.816,-4.6082,-6.5064,-2.7274,-9.9658,-5.5735,-3.816,-3.0469,-9.9658,-9.9658,-5.0116,-4.6082,-6.5064,-5.0116,-9.9658,-9.9658,-9.9658,-4.6082,-9.9658,-9.9658,-4.6082,-9.9658,-9.9658,-3.0469,-1.5522,-3.816,-9.9658,-4.035,-1.3921,-9.9658,-9.9658,-1.5105,-9.9658,-0.2159,-4.2934,-9.9658,-5.5735,-2.5479,-3.6259,-5.5735,-5.5735,-9.9658,-5.5735,-1.3183,-3.6259,-4.6082,-2.5479,-9.9658,-9.9658,-5.0116,-9.9658,-9.9658,-9.9658,-9.9658,-0.7346,-6.5064,-1.3921,-3.1714,-9.9658,-9.9658,-9.9658,-2.4659,-4.2934,-3.1714,-1.5522,-0.6193,-6.5064,-9.9658,-5.5735,-9.9658,-5.5735,-5.5735,-5.5735,-5.0116,-3.458,-9.9658,-9.9658,-4.2934
ENST00000587418,-9.9658,-9.9658,-3.458,-9.9658,-9.9658,-9.9658,-9.9658,-2.0529,-9.9658,-9.9658,-0.8339,-9.9658,-9.9658,-2.5479,-1.5105,-2.8262,-9.9658,-2.9324,-9.9658,-9.9658,-2.4659,-3.458,-2.7274,-3.6259,-1.0559,-2.114,-3.816,-0.9686,-2.0529,-9.9658,-9.9658,-9.9658,-9.9658,-2.1779,-1.4699,-9.9658,-9.9658,-2.9324,-9.9658,-1.9942,-3.816,-9.9658,-2.9324,-9.9658,-1.3921,-9.9658,-1.5105,-9.9658,-1.7322,-9.9658,-1.4305,-9.9658,-9.9658,-9.9658,-9.9658,-9.9658,-9.9658,-9.9658,-9.9658,-9.9658,-9.9658,-2.8262,-9.9658,-9.9658,-2.7274,-9.9658,-2.7274,-2.114,-9.9658,-9.9658,-9.9658,-9.9658,-2.8262,-9.9658,-9.9658,-9.9658,-9.9658,-2.3147,-9.9658,-9.9658,-9.9658,-2.8262,-9.9658,-3.3076,-9.9658,-2.1779,-9.9658,-9.9658,-9.9658,-9.9658,-1.9942,-9.9658,-2.114,-9.9658,-3.458,-3.816,-9.9658,-9.9658,-9.9658,-2.114,-2.3884,-9.9658,-9.9658,-9.9658,-9.9658,-9.9658,-3.0469,-9.9658,-3.1714,-9.9658,-3.1714,-3.1714,-9.9658,-9.9658,-9.9658,-9.9658,-9.9658,-9.9658,-9.9658,-9.9658,-9.9658,-9.9658,-9.9658,-2.3884,-9.9658,-9.9658,-9.9658,-9.9658,-9.9658,-9.9658,-2.4659,-9.9658,-3.0469,-9.9658,-2.5479,-9.9658,-9.9658,-9.9658,-9.9658,-2.3884,-0.6643,-9.9658,-2.8262,-9.9658,-9.9658,-9.9658,-2.0529,-2.4659,-2.7274,-9.9658,-3.458,-9.9658,-9.9658,-2.9324,-9.9658,-9.9658,-9.9658,-3.6259,-9.9658,-9.9658,-2.6349,-1.5522,-9.9658,-9.9658,-2.5479,-9.9658,-2.5479,-9.9658,-9.9658,-2.8262,-9.9658,-1.5105,-9.9658
ENST00000498260,1.105,0.605,0.0854,1.0363,-2.6349,0.6239,1.5661,0.7916,-0.1665,0.8805,-0.0877,0.8961,2.8838,0.4233,-1.6394,1.6558,1.4494,2.2452,-0.3022,-0.9971,-1.2481,0.9343,0.3796,1.8363,-9.9658,0.3346,-0.1345,0.6699,1.8282,-0.4719,0.03,0.3685,-0.5756,1.3109,0.346,-0.0574,-0.3201,-9.9658,-0.1345,0.5955,-1.5522,-0.5756,0.5271,0.1124,0.1388,-1.3548,-0.2328,-0.0877,-0.1993,-0.2845,0.8082,3.8581,-0.9132,0.434,1.6327,-1.0262,0.2881,0.8246,0.7832,0.1257,-0.2498,-0.4719,-0.9406,1.1641,0.4233,-0.1187,2.3536,-0.8599,0.5763,-1.3183,4.1788,3.2158,1.7954,0.4447,1.1641,0.8568,0.3907,-1.5105,1.1512,1.6512,0.9115,0.044,-0.8599,0.5069,1.3051,-2.8262,-0.5756,0.4967,2.1411,-0.1345,0.044,-0.9132,-1.3548,1.3735,0.3685,0.1388,0.2762,0.547,0.5069,1.4174,-1.9942,-0.6873,-0.013,0.6517,0.24,0.5568,-0.013,-1.1488,1.2085,0.3907,0.9115,1.766,-1.5105,0.9419,2.118,0.7493,-0.3022,-2.3147,0.058,0.6239,0.8488,-2.1779,1.3679,-0.8339,1.0007,-0.2845,1.1512,-0.3383,-1.3548,0.1124,0.2277,-0.6873,2.7487,0.0718,1.7009,-1.0559,1.0779,0.5859,-0.0277,0.0854,0.2642,0.5859,-0.8084,-0.6873,-0.5973,0.3231,3.1458,-2.114,-1.1172,-1.1488,-0.5543,0.1257,0.2642,1.0573,0.547,1.0363,-2.9324,1.8879,2.4035,0.4761,-0.0877,1.0293,-1.7809,1.0079,2.043,-0.394,-0.5125,-0.013,-1.685,1.6327,-0.4719,2.826,2.7679
ENST00000522495,-2.8262,-9.9658,-9.9658,-9.9658,-1.6394,-9.9658,1.5216,-4.2934,-9.9658,-9.9658,-2.9324,-9.9658,-9.9658,-3.816,-9.9658,-9.9658,-9.9658,-9.9658,-9.9658,-1.8314,-9.9658,-0.8599,1.3167,-5.0116,-9.9658,-9.9658,-9.9658,-9.9658,-9.9658,-9.9658,-9.9658,-0.3383,-9.9658,-9.9658,-9.9658,-9.9658,-9.9658,-9.9658,-9.9658,-9.9658,-9.9658,-9.9658,-9.9658,-9.9658,-3.6259,-9.9658,-9.9658,-9.9658,-9.9658,0.5859,-4.2934,-9.9658,-9.9658,-9.9658,-9.9658,-9.9658,-9.9658,-4.6082,-9.9658,-9.9658,-9.9658,-9.9658,-9.9658,-9.9658,-9.9658,-9.9658,-9.9658,-9.9658,-9.9658,-9.9658,-9.9658,-9.9658,-9.9658,-9.9658,-9.9658,-9.9658,-9.9658,-9.9658,-9.9658,-9.9658,-0.4719,1.105,0.03,-9.9658,-9.9658,-9.9658,-9.9658,-9.9658,-9.9658,-9.9658,-9.9658,-9.9658,-9.9658,1.3397,-9.9658,-9.9658,-9.9658,-5.0116,-9.9658,-9.9658,-9.9658,-2.9324,-9.9658,-9.9658,-4.2934,-9.9658,-9.9658,-9.9658,-9.9658,-9.9658,-9.9658,-9.9658,-9.9658,-9.9658,-1.3921,-9.9658,-9.9658,-9.9658,-2.5479,-9.9658,-9.9658,-9.9658,-9.9658,-9.9658,-9.9658,-9.9658,-1.685,-9.9658,-9.9658,-9.9658,-9.9658,-9.9658,-9.9658,-9.9658,-0.0277,-9.9658,-9.9658,-3.458,-9.9658,-9.9658,-9.9658,-9.9658,-9.9658,-9.9658,1.105,-9.9658,-2.8262,-9.9658,-9.9658,-9.9658,-9.9658,0.6608,-3.1714,-9.9658,-9.9658,-9.9658,-9.9658,-2.4659,-1.5951,-9.9658,-9.9658,-9.9658,-9.9658,-9.9658,-9.9658,-9.9658,-9.9658,-9.9658,-9.9658,-1.685,-9.9658,-9.9658,-9.9658
ENST00000536354,-9.9658,-2.1779,-3.458,-9.9658,-9.9658,-1.4305,-2.1779,-9.9658,-9.9658,-9.9658,-1.5951,-9.9658,-9.9658,-9.9658,-6.5064,-2.2447,-9.9658,-9.9658,-4.2934,-9.9658,-9.9658,-5.0116,-9.9658,-9.9658,-2.3884,-9.9658,-9.9658,-9.9658,-4.6082,-3.816,-9.9658,-3.0469,-2.5479,-2.1779,-9.9658,-3.6259,-9.9658,-9.9658,-9.9658,-1.9942,-9.9658,-1.8836,-9.9658,-0.4719,-2.5479,-9.9658,-0.5973,-2.6349,-4.2934,-9.9658,-9.9658,-3.6259,-2.5479,-0.7346,-5.0116,-9.9658,-9.9658,-2.0529,-9.9658,-3.1714,-9.9658,-9.9658,-2.3884,-4.035,-9.9658,-2.1779,-3.0469,-9.9658,-9.9658,-5.0116,-9.9658,-9.9658,-9.9658,-3.1714,-9.9658,-9.9658,-1.685,-3.0469,-9.9658,-9.9658,-9.9658,-9.9658,-3.3076,-5.0116,-3.6259,-9.9658,-4.6082,0.1776,-1.2142,-9.9658,-9.9658,-9.9658,-9.9658,1.0779,-1.1172,-5.0116,-1.2481,-3.816,-9.9658,-9.9658,-3.3076,-9.9658,-9.9658,-9.9658,-0.7588,-3.458,-2.0529,-1.9942,-3.6259,-9.9658,-9.9658,-2.3884,-9.9658,-9.9658,-9.9658,-3.0469,-1.7809,-3.816,-9.9658,-2.3884,-4.6082,-9.9658,-9.9658,-5.0116,-9.9658,-9.9658,-9.9658,-5.0116,-9.9658,-3.816,-9.9658,-1.5951,-3.458,-2.0529,-9.9658,-9.9658,-9.9658,-2.4659,-4.6082,-9.9658,-1.1172,-9.9658,-4.035,-3.458,-5.0116,-9.9658,-3.458,-9.9658,-9.9658,-5.0116,-1.7809,1.4065,-3.6259,-9.9658,-9.9658,-9.9658,-4.6082,-1.0862,-9.9658,-4.6082,-9.9658,-5.0116,-9.9658,-9.9658,-4.2934,-9.9658,-5.0116,-4.035,-9.9658,-9.9658,-9.9658,-3.816,2.1766
ENST00000518804,-9.9658,-9.9658,-9.9658,-9.9658,-9.9658,-9.9658,-9.9658,-9.9658,-9.9658,-9.9658,-3.458,-9.9658,-9.9658,-9.9658,-9.9658,-9.9658,-9.9658,-9.9658,-9.9658,-9.9658,-9.9658,-9.9658,-9.9658,-9.9658,-9.9658,-9.9658,-9.9658,-9.9658,-9.9658,-9.9658,-9.9658,-9.9658,-9.9658,-9.9658,-9.9658,-9.9658,-9.9658,-9.9658,-9.9658,-9.9658,-9.9658,-9.9658,-9.9658,-9.9658,-9.9658,-9.9658,-9.9658,-9.9658,-9.9658,-9.9658,-9.9658,-9.9658,-9.9658,-9.9658,-9.9658,-3.0469,-9.9658,-9.9658,-9.9658,-9.9658,-9.9658,-9.9658,-9.9658,-2.9324,-9.9658,-9.9658,-9.9658,-9.9658,-9.9658,-9.9658,-9.9658,-9.9658,-9.9658,-9.9658,-9.9658,-9.9658,-9.9658,-9.9658,-9.9658,-9.9658,-9.9658,-9.9658,-9.9658,-9.9658,-9.9658,-9.9658,-9.9658,-9.9658,-9.9658,-9.9658,-9.9658,-9.9658,-9.9658,-9.9658,-9.9658,-3.6259,-9.9658,-9.9658,-9.9658,-9.9658,-9.9658,-9.9658,-9.9658,-9.9658,-9.9658,-9.9658,-9.9658,-9.9658,-9.9658,-9.9658,-9.9658,-9.9658,-9.9658,-9.9658,-9.9658,-9.9658,-9.9658,-9.9658,-9.9658,-9.9658,-9.9658,-9.9658,-9.9658,-9.9658,-9.9658,-9.9658,-9.9658,-9.9658,-9.9658,-9.9658,-9.9658,-9.9658,-9.9658,-9.9658,-9.9658,-9.9658,-9.9658,-9.9658,-9.9658,-9.9658,-9.9658,-9.9658,-9.9658,-9.9658,-9.9658,-9.9658,-9.9658,-9.9658,-9.9658,-9.9658,-9.9658,-9.9658,-9.9658,-9.9658,-9.9658,-9.9658,-9.9658,-9.9658,-9.9658,-9.9658,-9.9658,-9.9658,-9.9658,-9.9658,-9.9658,-9.9658,-9.9658,-9.9658,-9.9658,-9.9658,-9.9658,-9.9658,-9.9658
ENST00000404995,-3.1714,-9.9658,-4.035,-5.5735,-1.9942,-3.458,-9.9658,-9.9658,-2.2447,-5.0116,-0.4131,-9.9658,-5.0116,-0.8084,-9.9658,-9.9658,-9.9658,-2.3147,-5.0116,-9.9658,-9.9658,-9.9658,-0.9406,-9.9658,-9.9658,-3.6259,-9.9658,-5.0116,-9.9658,-5.5735,-3.6259,-9.9658,-4.035,-9.9658,-9.9658,-5.0116,-5.5735,-9.9658,-2.8262,-9.9658,-9.9658,-3.0469,-9.9658,-9.9658,-9.9658,-9.9658,-9.9658,-9.9658,-9.9658,-2.9324,-5.5735,-9.9658,-9.9658,-9.9658,-6.5064,-9.9658,-5.5735,-9.9658,-9.9658,-4.035,-1.9942,-9.9658,-2.5479,-9.9658,-9.9658,-9.9658,-3.6259,-6.5064,-9.9658,-9.9658,-6.5064,-9.9658,-2.2447,-9.9658,-9.9658,-9.9658,-3.0469,-1.8314,-9.9658,-6.5064,0.3346,-9.9658,-9.9658,-9.9658,-9.9658,-0.1993,-9.9658,-1.5951,-9.9658,-3.6259,-9.9658,-9.9658,-9.9658,-0.7834,-9.9658,-9.9658,-9.9658,-3.458,-9.9658,-9.9658,-5.5735,-9.9658,-9.9658,-9.9658,-9.9658,-9.9658,-9.9658,-2.7274,-3.458,-9.9658,-5.0116,-4.035,-5.0116,-9.9658,-5.5735,-3.816,-9.9658,-2.5479,-9.9658,-9.9658,-4.2934,-9.9658,-4.035,-2.8262,-9.9658,-9.9658,-9.9658,-5.5735,-9.9658,-9.9658,-5.0116,-4.2934,-9.9658,-0.6193,-5.0116,-9.9658,-9.9658,-9.9658,-9.9658,-4.6082,-2.9324,-3.458,-9.9658,-9.9658,-9.9658,-9.9658,-9.9658,-6.5064,-9.9658,-9.9658,-9.9658,0.8164,-3.0469,-9.9658,-2.3147,-9.9658,-1.7809,-1.8314,-9.9658,-3.458,-2.2447,-9.9658,-4.6082,-9.9658,-9.9658,-4.2934,-2.3147,-4.6082,-5.5735,-9.9658,-2.3884,-9.9658,-9.9658
ENST00000225831,-0.2328,0.4447,-0.5756,2.0707,-1.5522,-1.0862,-3.458,-1.0559,-1.7322,-9.9658,-1.9379,-0.5973,-9.9658,-9.9658,-1.685,-9.9658,-0.7346,-9.9658,-0.7588,-1.4305,-9.9658,-2.114,0.3346,-9.9658,3.162,-0.2498,-9.9658,-9.9658,-1.4305,-9.9658,-0.1665,0.537,-0.8863,-0.7588,-9.9658,-2.9324,-9.9658,-9.9658,-2.3147,-3.3076,3.7982,-2.9324,-1.0862,0.0014,-1.9379,-4.035,2.0183,-1.4305,-1.8314,-9.9658,-3.6259,0.688,0.517,-9.9658,-3.6259,-2.3884,-9.9658,-2.0529,-1.3548,-1.2481,1.0363,-2.6349,-1.3183,-9.9658,-2.1779,-9.9658,-2.9324,-3.458,-9.9658,-9.9658,-0.5973,-2.3884,-1.2481,-9.9658,-2.3884,-3.1714,0.8488,-0.6643,-2.114,-1.685,1.7185,1.5661,-0.8863,-9.9658,-9.9658,-0.6193,-9.9658,0.5069,0.8488,1.4652,-9.9658,-4.035,-2.114,3.4224,-0.4325,-9.9658,4.4337,0.7233,-1.7322,-0.5125,-2.6349,-3.458,-9.9658,-9.9658,0.3907,-0.1993,-1.2481,-2.8262,-9.9658,-2.0529,-1.4305,-2.6349,-9.9658,0.6332,-3.3076,-1.3921,-2.2447,-1.4305,-9.9658,-0.2328,-2.5479,-0.394,-9.9658,-1.1811,-3.816,-9.9658,-9.9658,-9.9658,-1.5522,1.3109,-1.7322,-3.1714,-3.458,-9.9658,-9.9658,1.5998,-9.9658,2.1345,-9.9658,-9.9658,-3.458,-9.9658,-0.0574,-0.5332,-3.6259,0.058,3.0944,-9.9658,-3.0469,1.2085,0.3231,2.7889,1.4228,-9.9658,-0.7346,-9.9658,-1.5522,-0.0425,-0.6416,-9.9658,-9.9658,-9.9658,-9.9658,-9.9658,-1.9379,-9.9658,-2.4659,-3.6259,-9.9658,-1.9379,-1.3921,0.8961,2.5338
ENST00000523779,-9.9658,-9.9658,-9.9658,-9.9658,-9.9658,-9.9658,-9.9658,-9.9658,-2.9324,-9.9658,-2.8262,-9.9658,-9.9658,-9.9658,-9.9658,-9.9658,-9.9658,-9.9658,-9.9658,-9.9658,-9.9658,-3.1714,-9.9658,-9.9658,-9.9658,-9.9658,-9.9658,-9.9658,-9.9658,-9.9658,-9.9658,-9.9658,-9.9658,-9.9658,-9.9658,-9.9658,-9.9658,-9.9658,-9.9658,-9.9658,-9.9658,-9.9658,-9.9658,-9.9658,-2.4659,-9.9658,-9.9658,-9.9658,-9.9658,-9.9658,-9.9658,-9.9658,-9.9658,-9.9658,-9.9658,-9.9658,-9.9658,-3.458,-9.9658,-9.9658,-9.9658,-9.9658,-9.9658,-9.9658,-9.9658,-9.9658,-9.9658,-9.9658,-9.9658,-9.9658,-9.9658,-9.9658,-9.9658,-9.9658,-9.9658,-9.9658,-2.8262,-9.9658,-9.9658,-3.816,-2.6349,-9.9658,-0.3566,-9.9658,-9.9658,-2.7274,-9.9658,-9.9658,-9.9658,-9.9658,-9.9658,-9.9658,-9.9658,-0.5973,-3.6259,-9.9658,-1.4305,-9.9658,-2.5479,-9.9658,-9.9658,-1.6394,-2.7274,-9.9658,-9.9658,-1.5522,-9.9658,-9.9658,-9.9658,-9.9658,-9.9658,-9.9658,-9.9658,-9.9658,-1.9379,-9.9658,-9.9658,-9.9658,-2.6349,-9.9658,-3.458,-9.9658,-9.9658,-9.9658,-9.9658,-9.9658,-9.9658,-9.9658,-9.9658,-2.3884,-2.8262,-9.9658,-2.7274,-9.9658,0.2154,-9.9658,-9.9658,-9.9658,-9.9658,-3.458,-9.9658,-9.9658,-9.9658,-9.9658,-9.9658,-9.9658,-9.9658,-9.9658,-9.9658,-9.9658,-2.4659,-9.9658,-5.0116,-9.9658,-9.9658,-9.9658,-3.458,-2.5479,-2.7274,-9.9658,-9.9658,-9.9658,-9.9658,-9.9658,-9.9658,-9.9658,-1.7809,-9.9658,-9.9658,-2.7274,-9.9658,-9.9658,-9.9658
ENST00000509738,-9.9658,-9.9658,-9.9658,-9.9658,-9.9658,-4.035,-9.9658,-9.9658,-9.9658,-9.9658,-9.9658,-9.9658,-9.9658,-9.9658,-9.9658,-9.9658,-9.9658,-9.9658,-4.2934,-9.9658,-9.9658,-9.9658,-9.9658,-9.9658,-9.9658,-9.9658,-9.9658,-9.9658,-9.9658,-9.9658,-9.9658,-9.9658,-3.458,-9.9658,-9.9658,-9.9658,-9.9658,-9.9658,-4.2934,-3.6259,-9.9658,-9.9658,-9.9658,-3.3076,-9.9658,-9.9658,-2.8262,-9.9658,-2.8262,-4.035,-9.9658,-9.9658,-9.9658,-2.8262,-9.9658,-9.9658,-9.9658,-9.9658,-9.9658,-9.9658,-9.9658,-9.9658,-9.9658,-9.9658,-9.9658,-9.9658,-9.9658,-9.9658,-9.9658,-9.9658,-9.9658,-9.9658,-9.9658,-9.9658,-9.9658,-9.9658,-9.9658,-0.9132,-3.458,-9.9658,-9.9658,-9.9658,-4.2934,-9.9658,-9.9658,-9.9658,-9.9658,-3.816,-2.5479,-9.9658,-9.9658,-9.9658,-9.9658,-3.816,-9.9658,-9.9658,-9.9658,-4.2934,-9.9658,-9.9658,-9.9658,-9.9658,-9.9658,-9.9658,-4.035,-9.9658,-9.9658,-9.9658,-9.9658,-9.9658,-9.9658,-4.035,-9.9658,-9.9658,-9.9658,-9.9658,-4.2934,-9.9658,-9.9658,-9.9658,-9.9658,-9.9658,-9.9658,-9.9658,-9.9658,-9.9658,-3.6259,-9.9658,-9.9658,-9.9658,-9.9658,-9.9658,-9.9658,-9.9658,-9.9658,-3.1714,-9.9658,-9.9658,-9.9658,-9.9658,-9.9658,-9.9658,-9.9658,-9.9658,-9.9658,-9.9658,-9.9658,-9.9658,-9.9658,-9.9658,-9.9658,-1.8314,-9.9658,-9.9658,-2.9324,-9.9658,-9.9658,-9.9658,-9.9658,-9.9658,-9.9658,-9.9658,-9.9658,-9.9658,-9.9658,-9.9658,-3.816,-9.9658,-9.9658,-9.9658,-9.9658,-2.9324,-9.9658
ENST00000557319,0.2998,0.9789,-0.8863,-0.6643,-0.8339,0.7999,0.1903,0.0718,-0.0725,0.4967,0.1519,0.2762,0.6425,2.561,0.2881,-0.2328,-0.394,0.1257,-0.6193,2.362,1.3109,0.4865,1.8444,1.2394,-0.013,-2.4659,0.1388,0.7832,0.1519,-1.4699,0.7407,-0.1665,-0.2159,-0.4131,0.5763,-9.9658,-1.5951,-9.9658,0.4552,-2.8262,-0.5332,-0.4325,-0.1031,0.3907,-2.9324,-1.0559,0.0854,-0.1665,-1.0559,0.7832,-0.4719,0.6608,0.5763,0.8726,-1.5105,-0.1993,2.1988,-0.6873,0.4447,-0.4325,0.2762,-0.7346,-9.9658,-1.4699,-1.1172,-0.4921,0.2154,-0.1031,-2.3884,-3.6259,-2.114,0.2154,0.6425,-1.4305,-1.0862,-0.0425,0.8082,-1.3548,1.5563,0.3573,0.0158,-9.9658,-0.5756,0.3685,0.0718,0.1648,0.7146,-0.3566,1.2085,0.099,-1.3183,-3.458,-0.1345,0.4657,0.4761,-0.6873,-1.5105,0.1903,-0.6643,0.8726,0.9493,-0.8599,0.6969,-0.8339,-0.5973,-2.3884,1.9968,-1.4305,0.03,0.8164,0.6699,0.2881,0.1648,0.24,-0.0574,0.7407,-0.7346,-3.0469,-0.2328,0.537,2.0569,-1.8836,0.8568,-0.2671,-0.6193,0.679,0.3115,0.044,-1.0262,0.0158,0.2762,-0.394,0.2762,-9.9658,-0.1345,0.044,-0.9132,1.934,-1.2142,0.7579,-0.6643,-0.6193,0.1776,1.0363,-0.2671,0.7832,-0.7588,-9.9658,-0.8863,-1.685,-0.5332,1.0079,-0.9132,0.9568,0.044,-0.394,0.2522,-0.1665,-0.8084,0.1648,0.3907,-0.9971,-0.4131,0.1257,1.2934,-0.9406,1.7744,0.537,-2.3884,-0.5973,-0.8084,2.0776,1.2333
ENST00000510293,-9.9658,-9.9658,-4.6082,-9.9658,-9.9658,-4.2934,-9.9658,-9.9658,-9.9658,-9.9658,-9.9658,-2.1779,-9.9658,-9.9658,-9.9658,-2.5479,-9.9658,-9.9658,-9.9658,-9.9658,-9.9658,-9.9658,-9.9658,-9.9658,-9.9658,-9.9658,-9.9658,-9.9658,-9.9658,-3.1714,-9.9658,-9.9658,-9.9658,-9.9658,-9.9658,-9.9658,-9.9658,-9.9658,-9.9658,-9.9658,-9.9658,-9.9658,-9.9658,-9.9658,-9.9658,-9.9658,-1.9379,-6.5064,-9.9658,-9.9658,-9.9658,-9.9658,-0.9686,-2.8262,-9.9658,-0.3752,-9.9658,-9.9658,-9.9658,-9.9658,-9.9658,-9.9658,-9.9658,-2.1779,-9.9658,-3.6259,-9.9658,-9.9658,-9.9658,-9.9658,-9.9658,-9.9658,-9.9658,-0.5125,-9.9658,-9.9658,-9.9658,-9.9658,-9.9658,-9.9658,-9.9658,-9.9658,-9.9658,-9.9658,-9.9658,-9.9658,-9.9658,-3.6259,-2.7274,-9.9658,-9.9658,-9.9658,-9.9658,-9.9658,-9.9658,-9.9658,-9.9658,-9.9658,-9.9658,-9.9658,-1.9379,-9.9658,-9.9658,-9.9658,-9.9658,-9.9658,-9.9658,-9.9658,-9.9658,-9.9658,-9.9658,-9.9658,-9.9658,-9.9658,-9.9658,-9.9658,-9.9658,-9.9658,-9.9658,-1.9942,-1.3548,-9.9658,-9.9658,-9.9658,-9.9658,-9.9658,-9.9658,-9.9658,-9.9658,-9.9658,-2.114,-9.9658,-9.9658,-9.9658,-9.9658,-9.9658,-9.9658,-9.9658,-9.9658,-9.9658,-9.9658,-9.9658,-2.5479,-9.9658,-9.9658,-9.9658,-9.9658,-9.9658,-9.9658,-9.9658,-9.9658,-9.9658,-9.9658,-9.9658,-9.9658,-9.9658,-9.9658,-9.9658,-9.9658,-9.9658,-9.9658,-9.9658,-9.9658,-9.9658,-9.9658,-1.9942,-2.6349,-9.9658,-9.9658,-9.9658,-9.9658,-9.9658,-9.9658
ENST00000217169,-9.9658,-2.7274,-9.9658,-9.9658,-9.9658,-9.9658,-9.9658,-9.9658,-2.8262,-9.9658,-9.9658,-9.9658,-9.9658,-9.9658,-9.9658,-9.9658,-9.9658,-9.9658,-9.9658,-9.9658,-9.9658,-9.9658,-0.9686,-9.9658,-9.9658,-9.9658,-9.9658,-3.1714,-9.9658,-9.9658,-1.9942,-9.9658,-9.9658,-9.9658,-9.9658,-9.9658,-9.9658,-9.9658,-9.9658,-3.0469,-9.9658,-9.9658,-9.9658,-9.9658,-9.9658,-9.9658,-9.9658,-1.0262,-9.9658,-9.9658,-9.9658,-9.9658,-5.0116,-9.9658,-9.9658,5.5799,-9.9658,-9.9658,-9.9658,-9.9658,-9.9658,-9.9658,-9.9658,-9.9658,-9.9658,-9.9658,-9.9658,-9.9658,-9.9658,-9.9658,-9.9658,-9.9658,-9.9658,-9.9658,-9.9658,-9.9658,-9.9658,-9.9658,-9.9658,-9.9658,-9.9658,-9.9658,-9.9658,-9.9658,-9.9658,-9.9658,-9.9658,-9.9658,-4.6082,-9.9658,-9.9658,-9.9658,-9.9658,-9.9658,-9.9658,-9.9658,-9.9658,-9.9658,-9.9658,2.2175,-9.9658,-4.6082,-9.9658,-9.9658,-9.9658,-9.9658,-9.9658,-9.9658,-9.9658,-9.9658,-9.9658,-9.9658,-9.9658,-9.9658,-9.9658,-9.9658,-9.9658,-9.9658,-9.9658,-9.9658,-2.6349,-9.9658,-9.9658,-9.9658,-9.9658,-9.9658,-9.9658,-1.4305,-9.9658,-9.9658,-9.9658,-9.9658,-9.9658,-9.9658,-9.9658,-9.9658,-9.9658,-9.9658,-9.9658,-9.9658,-9.9658,-9.9658,-9.9658,-9.9658,-1.6394,-9.9658,-9.9658,-9.9658,-9.9658,-9.9658,-9.9658,-9.9658,-2.3884,-9.9658,-9.9658,-9.9658,-9.9658,-9.9658,-9.9658,-9.9658,-9.9658,-9.9658,-9.9658,-9.9658,-9.9658,-9.9658,-9.9658,-9.9658,-9.9658,-9.9658,-9.9658,-9.9658,-9.9658
ENST00000261783,0.24,0.9419,-2.3884,-1.685,-2.7274,0.8568,-2.6349,-1.9942,-1.3548,-2.0529,-1.1488,-2.5479,1.4911,3.1062,-2.4659,-1.7322,-9.9658,-2.4659,-1.9942,1.177,2.8602,1.3283,1.2875,2.328,-2.114,-1.1811,-3.6259,-0.0425,-0.8339,-1.0262,-0.1345,-1.5951,-1.2142,-1.6394,-4.035,-9.9658,-1.7809,-9.9658,-2.2447,-2.1779,-9.9658,-3.0469,-1.2142,-0.7588,-9.9658,-0.5973,-2.6349,-1.1172,-9.9658,-4.035,-2.1779,-0.6643,-0.5756,0.044,1.6327,-1.1811,3.5621,-4.6082,-1.4305,-1.5105,-3.3076,-2.1779,-1.7809,-1.8314,-0.1031,-1.1172,-1.2142,0.058,-1.8836,-5.0116,-2.6349,-2.4659,-1.1811,-2.4659,-4.035,-2.3147,-2.114,-0.8599,-0.6643,-2.5479,1.1382,-0.8339,-3.1714,-1.9379,-2.0529,-0.3022,-1.2481,1.9895,0.7233,-0.013,-1.0862,-4.2934,-0.7108,-0.7346,-0.7834,-0.4921,-1.5522,-2.6349,-2.0529,-2.7274,-2.114,-2.5479,-3.816,-1.2481,-1.9379,-2.7274,1.8957,-2.3147,-1.9942,-3.6259,-3.3076,-0.6643,-0.2671,-2.0529,-4.2934,-1.5951,-1.3548,-0.8084,-2.9324,-2.7274,0.9419,0.6332,-1.5951,-1.6394,-2.1779,-0.7588,-2.1779,-2.6349,-2.9324,-0.0277,-2.0529,-0.9686,-0.8084,-0.013,-9.9658,-0.8599,-2.114,0.4016,-3.3076,-3.3076,-2.1779,-1.8836,-2.114,-2.0529,-3.1714,0.1124,-0.394,-2.6349,-9.9658,-1.9942,-3.816,2.8482,0.2881,-0.9406,0.4016,-1.5105,1.7489,-1.7322,-1.2481,-1.7322,-1.3548,0.03,1.2455,-3.3076,-1.3548,-0.6193,0.7233,-1.3183,-4.035,-0.7108,-3.1714,2.0673,1.0079
ENST00000342412,-4.035,-9.9658,-4.6082,-9.9658,-9.9658,-3.0469,-9.9658,-9.9658,-9.9658,-9.9658,-9.9658,-9.9658,-9.9658,-9.9658,-4.6082,-9.9658,-4.6082,-9.9658,-9.9658,-9.9658,-4.2934,-9.9658,-9.9658,-4.6082,-9.9658,-9.9658,-9.9658,-9.9658,-3.3076,-5.5735,-9.9658,-9.9658,-9.9658,-9.9658,-9.9658,-9.9658,-9.9658,-9.9658,-9.9658,-9.9658,-9.9658,-9.9658,-9.9658,-9.9658,-9.9658,-9.9658,-2.2447,-9.9658,-9.9658,-9.9658,-4.6082,-1.8836,-9.9658,-2.8262,-9.9658,4.0541,-4.6082,-9.9658,-9.9658,-9.9658,-4.6082,-9.9658,-9.9658,-9.9658,-9.9658,-9.9658,-9.9658,-9.9658,-9.9658,-9.9658,-9.9658,-9.9658,-9.9658,-9.9658,-3.458,-9.9658,-4.6082,-9.9658,-9.9658,-9.9658,0.0014,-9.9658,-9.9658,-9.9658,-9.9658,-9.9658,-9.9658,-9.9658,-9.9658,-9.9658,-9.9658,-9.9658,-9.9658,-2.3884,-4.6082,-9.9658,-9.9658,-9.9658,-4.2934,0.4125,-9.9658,-9.9658,-9.9658,-9.9658,-9.9658,-9.9658,-9.9658,-9.9658,-4.6082,-9.9658,-9.9658,-9.9658,-9.9658,-9.9658,-9.9658,-9.9658,-4.6082,-9.9658,-9.9658,-9.9658,-9.9658,-9.9658,-9.9658,-9.9658,-9.9658,-9.9658,-9.9658,-9.9658,-5.0116,-9.9658,-9.9658,-5.0116,-9.9658,-4.2934,-9.9658,-9.9658,-9.9658,-9.9658,-9.9658,-9.9658,-9.9658,-4.2934,-9.9658,-9.9658,-9.9658,-4.035,-3.6259,-5.0116,-9.9658,-9.9658,-9.9658,-9.9658,-9.9658,-9.9658,-4.6082,-9.9658,-5.0116,-9.9658,-9.9658,-3.458,-4.6082,-5.0116,-1.8314,-4.2934,-9.9658,-9.9658,-9.9658,-4.6082,-9.9658,-4.6082,-9.9658,-4.2934,-4.6082
ENST00000553755,-0.1187,0.0014,-9.9658,0.0718,-9.9658,-9.9658,-9.9658,-9.9658,0.4865,-9.9658,-9.9658,-9.9658,-9.9658,-9.9658,-0.8599,-9.9658,-0.4131,-9.9658,3.5035,-2.7274,-9.9658,-9.9658,-0.3022,-9.9658,-1.9379,-1.0559,-9.9658,1.8444,1.9111,2.3451,2.4544,-9.9658,0.2277,-0.0574,-9.9658,-1.685,-9.9658,-1.3548,0.9935,-9.9658,0.605,-2.114,0.346,-9.9658,0.9268,0.1124,-1.5522,-9.9658,0.6517,-9.9658,-9.9658,-9.9658,-9.9658,-1.2481,-9.9658,0.5763,-9.9658,-1.685,-0.8084,-9.9658,1.5316,-9.9658,-9.9658,-9.9658,-9.9658,-9.9658,1.5854,-9.9658,-9.9658,-5.5735,-0.5973,-1.8314,1.0642,-9.9658,0.5859,-0.2159,-2.5479,-0.4521,-1.9379,0.3685,0.0158,1.1897,-9.9658,-9.9658,-0.2845,-9.9658,-1.1811,-1.8314,-9.9658,-9.9658,-9.9658,-9.9658,2.6043,-1.0559,-0.8084,-2.6349,1.766,0.0854,1.6045,-9.9658,-9.9658,-9.9658,-9.9658,-9.9658,-1.685,-9.9658,-9.9658,-1.1811,-0.9971,-9.9658,-0.5125,-1.3921,-0.3752,-9.9658,-9.9658,-9.9658,-4.2934,-9.9658,-0.0877,-0.7834,0.9862,-9.9658,-0.3752,-1.6394,-9.9658,0.2642,1.949,-9.9658,-9.9658,1.1382,-9.9658,-9.9658,-1.4305,-9.9658,-9.9658,-0.8084,-0.7834,-9.9658,1.1641,2.9911,-9.9658,-0.8339,0.6145,0.24,1.2516,-1.3921,0.346,4.7645,-9.9658,-9.9658,-9.9658,2.0395,-0.8599,0.605,-9.9658,-9.9658,4.2586,-0.3201,-1.8314,-0.2671,2.4332,-9.9658,-9.9658,1.1382,-9.9658,-9.9658,-9.9658,-9.9658,-1.685,-9.9658,-9.9658,-0.4719,-0.2845
ENST00000556438,1.6466,2.1047,1.3846,3.0217,-0.5973,2.1213,2.7847,0.6699,2.6895,-0.5543,-0.1504,0.9419,1.1184,0.5763,2.9052,1.8242,1.6327,1.9601,2.5163,-1.0262,-0.4131,1.0293,1.3846,0.7579,3.3938,3.1393,1.0363,4.5098,3.8002,1.4065,3.186,1.0079,1.0983,1.5612,-2.5479,1.9675,-0.4325,2.6805,-0.5125,0.5955,3.2572,1.3167,1.8078,2.7007,0.3685,1.9452,2.8381,-1.0262,2.9525,0.2154,0.4552,1.9226,-1.2481,-0.3201,0.9493,0.099,-3.816,1.3623,1.0433,-0.6193,3.2959,0.8408,-2.4659,0.7748,-0.5125,2.0742,3.5682,-1.3921,-0.7588,-9.9658,2.0111,0.24,0.8408,-0.4921,1.5758,2.3019,0.7233,0.4967,1.7828,3.3017,1.4228,2.036,0.4865,-4.035,0.8246,2.3926,1.7532,2.1147,0.8164,-1.3183,-0.4131,-9.9658,2.7508,1.2516,1.3567,1.2209,4.1186,0.1903,4.2929,2.8117,-0.1504,0.1519,-0.1031,-0.6416,1.3846,-0.3201,1.5902,1.7786,1.1184,2.1574,1.3454,2.6067,-1.3183,1.334,1.595,0.1388,0.1257,1.7702,1.595,2.3308,2.1247,1.3051,2.328,2.7336,0.434,3.728,3.5535,0.4552,0.2029,2.7205,-0.3383,1.5465,2.9432,0.5568,-2.3884,-1.0559,0.679,0.8883,2.3423,4.0313,0.1648,3.4451,0.7916,2.4908,3.8187,0.0718,2.561,3.4183,2.6138,2.036,1.0711,2.5511,1.766,3.6578,2.0218,-0.013,1.934,1.0433,2.0979,2.2144,3.3661,1.0779,-1.3548,2.7183,1.0915,0.8082,1.5366,-0.0425,2.1541,0.9493,1.5316,2.0111,2.2113
ENST00000546268,-9.9658,-3.0469,-2.5479,-3.3076,0.1388,-1.9379,-1.9942,-1.3183,-1.5522,-0.3201,-0.8339,-2.1779,0.1776,-0.2328,-1.1172,0.3115,-0.4325,-1.5105,0.7579,-9.9658,0.03,-3.3076,-1.0262,-9.9658,-1.8314,-1.8314,-2.9324,-0.9686,-0.7108,-2.5479,-9.9658,-9.9658,-3.816,-0.4131,-0.1993,-5.5735,-9.9658,-0.9132,-0.7588,1.8119,-1.0862,-1.685,-1.2828,-0.6643,-0.3022,-0.3022,-4.6082,-1.1172,-1.5105,-0.1345,-1.8836,-9.9658,-9.9658,-1.0559,-3.6259,-9.9658,-1.3183,-9.9658,0.5859,-9.9658,-2.6349,-0.6193,-2.3884,-1.7809,-1.685,-2.8262,-0.1665,-4.035,-3.816,-3.1714,-9.9658,-2.3147,-1.4305,-1.685,-1.5951,0.1388,-0.4719,-4.035,-9.9658,-2.5479,0.5568,-2.0529,-1.1488,-4.035,0.0854,-9.9658,-3.3076,-4.6082,-9.9658,-2.7274,-1.9942,-9.9658,-0.6416,-0.2845,-1.8836,-1.8314,-9.9658,-0.8084,0.0718,-9.9658,-2.9324,-9.9658,-9.9658,-9.9658,-9.9658,-1.5951,-2.3147,-1.3183,0.2881,-1.2481,-1.0862,-1.3183,-0.2845,-2.2447,-1.2142,-1.8836,-2.2447,-3.458,-0.7346,-9.9658,-2.4659,-3.0469,-0.1187,-2.6349,-9.9658,-1.2828,-1.5951,-1.0862,-9.9658,-1.9942,-0.9406,-0.3566,-2.0529,-1.9942,-9.9658,-3.0469,-1.1811,-0.7588,-0.7108,-3.458,0.8164,-0.9686,-0.2328,-1.5522,-0.4921,-1.1811,-0.6193,-9.9658,-1.3921,0.9115,-2.8262,-9.9658,-2.3147,-2.6349,-4.035,-9.9658,-2.7274,-9.9658,-1.8836,-2.6349,-1.0862,-9.9658,-0.1993,-1.7809,-3.458,-1.7809,-2.9324,-9.9658,-1.3183,-1.3183,-5.0116,-9.9658,-0.8339
ENST00000474218,-1.4699,-0.8339,-1.2481,-9.9658,-2.0529,-2.3884,-3.458,-9.9658,-9.9658,-9.9658,-9.9658,-2.5479,-9.9658,-9.9658,-0.8339,-3.0469,-9.9658,-9.9658,-1.3548,-9.9658,-9.9658,-9.9658,-9.9658,1.6512,-9.9658,-2.6349,-9.9658,-9.9658,-9.9658,-9.9658,-3.6259,-0.2498,-9.9658,-9.9658,-9.9658,-9.9658,-9.9658,0.0158,-1.2828,-9.9658,-9.9658,-9.9658,-9.9658,-0.6643,-2.6349,-3.6259,-9.9658,-9.9658,-9.9658,-9.9658,-6.5064,-9.9658,-9.9658,-9.9658,-9.9658,-0.3566,-1.5105,-6.5064,-1.7809,-9.9658,-2.0529,-9.9658,-9.9658,-9.9658,-9.9658,-9.9658,-2.2447,-1.9942,-9.9658,-9.9658,-1.9379,-9.9658,-9.9658,-2.114,-2.2447,-0.9686,-1.0862,-9.9658,-9.9658,-9.9658,-0.9971,-2.2447,-2.8262,-9.9658,-9.9658,-9.9658,-9.9658,-9.9658,-9.9658,-2.7274,-1.9942,-9.9658,-9.9658,-1.0262,-2.3147,-2.5479,-9.9658,-9.9658,-1.1811,-1.1488,-9.9658,-9.9658,-9.9658,-2.2447,-2.114,-9.9658,-5.0116,-9.9658,-9.9658,-9.9658,-9.9658,-1.5951,-9.9658,-1.5951,-9.9658,-9.9658,-9.9658,-9.9658,-9.9658,-2.5479,-9.9658,-1.6394,-9.9658,-9.9658,-9.9658,-9.9658,-1.6394,-9.9658,-9.9658,0.1648,-9.9658,-9.9658,-6.5064,-9.9658,-9.9658,1.0847,-9.9658,-1.3548,-9.9658,-4.6082,-9.9658,-9.9658,-2.6349,-9.9658,-0.0877,-9.9658,-9.9658,-3.3076,-9.9658,-1.4699,-9.9658,-9.9658,-9.9658,0.3573,-9.9658,-9.9658,-4.6082,-2.6349,-3.1714,-9.9658,-9.9658,-9.9658,-9.9658,-9.9658,-4.2934,-9.9658,-9.9658,-9.9658,-9.9658,-1.6394,-9.9658,-1.8836,-0.5756
ENST00000395306,-9.9658,-9.9658,-9.9658,-9.9658,-9.9658,-9.9658,-9.9658,-9.9658,-9.9658,-9.9658,-9.9658,-9.9658,-9.9658,-3.0469,-9.9658,-9.9658,-9.9658,-9.9658,-9.9658,-9.9658,-9.9658,-9.9658,-9.9658,-9.9658,-9.9658,-9.9658,-9.9658,-9.9658,-9.9658,-9.9658,-9.9658,-9.9658,-9.9658,-9.9658,-9.9658,-9.9658,-9.9658,-9.9658,-9.9658,-9.9658,-9.9658,-9.9658,-9.9658,-9.9658,-9.9658,-9.9658,-9.9658,-9.9658,-9.9658,-9.9658,-9.9658,-5.5735,-9.9658,-9.9658,-9.9658,0.7916,-9.9658,-9.9658,-3.1714,-9.9658,-9.9658,-9.9658,-9.9658,-9.9658,-9.9658,-9.9658,-9.9658,-9.9658,-9.9658,-9.9658,-9.9658,-9.9658,-9.9658,-9.9658,-9.9658,-9.9658,-9.9658,-9.9658,-9.9658,-9.9658,-9.9658,-9.9658,-9.9658,-9.9658,-9.9658,-9.9658,-9.9658,-9.9658,-9.9658,-9.9658,-9.9658,-9.9658,-9.9658,-9.9658,-9.9658,-9.9658,-9.9658,-9.9658,-9.9658,-0.4131,-9.9658,-9.9658,-9.9658,-9.9658,-9.9658,-9.9658,-9.9658,-9.9658,-9.9658,-9.9658,-9.9658,-9.9658,-9.9658,-9.9658,-9.9658,-9.9658,-9.9658,-9.9658,-9.9658,-9.9658,-9.9658,-9.9658,-9.9658,-9.9658,-9.9658,-9.9658,-9.9658,-3.3076,-9.9658,-9.9658,-9.9658,-9.9658,-9.9658,-9.9658,-9.9658,-9.9658,-9.9658,-9.9658,-9.9658,-9.9658,-9.9658,-9.9658,-9.9658,-9.9658,-9.9658,-9.9658,-9.9658,-9.9658,-9.9658,-9.9658,-9.9658,-9.9658,-9.9658,-9.9658,-9.9658,-9.9658,-9.9658,-9.9658,-9.9658,-9.9658,-9.9658,-9.9658,-9.9658,-9.9658,-9.9658,-9.9658,-9.9658,-9.9658,-9.9658,-9.9658,-9.9658,-9.9658,-9.9658
ENST00000381573,-6.5064,-9.9658,-4.035,-3.458,-9.9658,-9.9658,-3.1714,-9.9658,-9.9658,-1.8836,-9.9658,-9.9658,-0.6416,-9.9658,-9.9658,-9.9658,-9.9658,-9.9658,-9.9658,-9.9658,-9.9658,-9.9658,-9.9658,-9.9658,-9.9658,-9.9658,-9.9658,-9.9658,-1.6394,-9.9658,-9.9658,-9.9658,-3.0469,-9.9658,-9.9658,-9.9658,-2.7274,-0.8863,-9.9658,-9.9658,-5.0116,-9.9658,-3.458,-9.9658,-9.9658,-9.9658,-3.6259,-2.4659,-0.5756,-9.9658,-9.9658,-1.5951,-3.458,-9.9658,-9.9658,-9.9658,-9.9658,-5.5735,-9.9658,-1.4305,-9.9658,-9.9658,-9.9658,-9.9658,-6.5064,-9.9658,-9.9658,-2.1779,-2.6349,-2.4659,-2.0529,-9.9658,-9.9658,-3.458,-9.9658,-9.9658,-9.9658,-9.9658,-9.9658,-9.9658,-9.9658,-9.9658,-9.9658,-1.4305,-3.816,-2.114,-2.4659,-2.114,-9.9658,-9.9658,-9.9658,-4.6082,-9.9658,-9.9658,-1.2142,-9.9658,-9.9658,-2.7274,-9.9658,-9.9658,-9.9658,-9.9658,-3.0469,-9.9658,-3.3076,-1.3183,-5.5735,-3.0469,-9.9658,-9.9658,-9.9658,-1.3183,-3.458,-2.0529,-9.9658,-3.1714,-1.5522,-9.9658,-3.6259,-9.9658,-9.9658,-9.9658,-9.9658,-2.2447,-2.1779,-3.458,-9.9658,-9.9658,-9.9658,-6.5064,-9.9658,-2.3147,-9.9658,-9.9658,-9.9658,-2.9324,-1.5105,-2.5479,-5.5735,-2.2447,-9.9658,-9.9658,-9.9658,-2.7274,-1.1488,-9.9658,-2.3147,-4.035,-5.5735,-9.9658,-9.9658,-9.9658,-9.9658,-0.5125,-2.1779,-2.6349,-4.035,-9.9658,-9.9658,-9.9658,-9.9658,-9.9658,-9.9658,-2.3147,-9.9658,-9.9658,-6.5064,-9.9658,-9.9658,-9.9658,-4.035,-2.5479,-9.9658
ENST00000556322,-9.9658,-9.9658,-9.9658,-9.9658,-9.9658,-9.9658,-9.9658,-9.9658,-9.9658,-9.9658,-9.9658,-9.9658,-9.9658,-9.9658,-9.9658,-9.9658,-9.9658,-9.9658,-9.9658,-9.9658,-9.9658,-9.9658,-9.9658,-9.9658,-9.9658,-9.9658,-9.9658,-9.9658,-1.5951,-9.9658,-9.9658,-9.9658,-9.9658,-9.9658,-9.9658,-9.9658,-9.9658,-9.9658,-9.9658,-9.9658,-9.9658,-9.9658,-9.9658,-9.9658,-1.2828,-2.0529,-9.9658,-9.9658,-9.9658,-9.9658,-9.9658,-9.9658,-9.9658,-9.9658,-2.1779,-9.9658,-9.9658,-9.9658,-9.9658,-9.9658,-9.9658,-9.9658,-9.9658,-9.9658,-9.9658,-9.9658,-2.2447,-9.9658,-9.9658,-9.9658,-9.9658,-9.9658,-9.9658,-9.9658,-9.9658,-9.9658,-9.9658,-9.9658,-9.9658,-9.9658,-9.9658,-9.9658,-9.9658,-9.9658,-9.9658,-9.9658,-9.9658,-9.9658,-9.9658,-9.9658,-9.9658,-9.9658,-9.9658,-9.9658,-9.9658,-9.9658,-9.9658,-9.9658,-9.9658,-9.9658,-9.9658,-9.9658,-9.9658,-9.9658,-9.9658,-9.9658,-9.9658,-9.9658,-9.9658,-9.9658,-9.9658,-9.9658,-9.9658,-9.9658,-9.9658,-9.9658,-9.9658,-9.9658,-9.9658,-9.9658,-1.5522,-9.9658,-9.9658,-9.9658,-9.9658,-9.9658,-1.4699,-9.9658,-9.9658,-9.9658,-9.9658,-9.9658,-9.9658,-9.9658,-9.9658,-9.9658,-9.9658,-9.9658,-9.9658,-0.3752,-9.9658,-9.9658,-9.9658,-9.9658,-9.9658,-9.9658,-1.1488,-1.3921,-9.9658,-9.9658,-9.9658,-9.9658,-9.9658,-9.9658,-9.9658,-9.9658,0.8805,-9.9658,-9.9658,-9.9658,-9.9658,-9.9658,-9.9658,-9.9658,-9.9658,-9.9658,-9.9658,-9.9658,-1.3548,-9.9658,-9.9658,-9.9658,-9.9658
ENST00000464145,-9.9658,-9.9658,-4.035,-9.9658,-0.9686,-9.9658,-2.8262,-9.9658,-9.9658,-0.2671,-9.9658,-6.5064,-9.9658,-9.9658,-9.9658,-9.9658,-9.9658,-9.9658,-3.816,-2.9324,-6.5064,-4.2934,-1.1172,-4.035,-2.3147,-9.9658,-5.5735,-2.9324,-1.5522,-2.2447,-2.114,-9.9658,-9.9658,-4.2934,-9.9658,-2.9324,-9.9658,-9.9658,-9.9658,-3.458,-9.9658,-9.9658,-5.0116,-9.9658,-9.9658,-9.9658,-9.9658,-9.9658,-2.1779,-9.9658,-9.9658,-9.9658,-3.6259,-9.9658,-5.5735,-9.9658,-9.9658,-9.9658,-9.9658,-4.035,-1.3921,-9.9658,-9.9658,-2.6349,-9.9658,-9.9658,-3.816,-4.2934,-4.6082,-0.1665,-9.9658,-0.2159,-5.0116,-9.9658,-9.9658,-9.9658,-9.9658,-3.816,-5.5735,-2.8262,-9.9658,-9.9658,-9.9658,-3.458,-9.9658,-9.9658,-9.9658,1.2394,-9.9658,-9.9658,-9.9658,-9.9658,-3.816,-9.9658,-9.9658,-9.9658,-9.9658,-3.0469,-9.9658,-9.9658,-3.6259,-9.9658,-9.9658,-9.9658,-9.9658,-9.9658,-9.9658,-9.9658,-2.4659,-9.9658,-1.7322,-9.9658,-9.9658,-9.9658,-6.5064,-9.9658,-4.2934,-2.114,-9.9658,-9.9658,-3.0469,-0.2671,-9.9658,-9.9658,-9.9658,-9.9658,-3.3076,-9.9658,-5.0116,-9.9658,-9.9658,-5.0116,-9.9658,-2.0529,-2.7274,-9.9658,-9.9658,-9.9658,-9.9658,-9.9658,-6.5064,-9.9658,-2.3884,-9.9658,-2.0529,-3.458,-3.3076,-9.9658,-0.3022,-9.9658,-3.1714,-0.6643,-9.9658,-9.9658,-9.9658,-2.6349,-9.9658,-9.9658,-9.9658,-1.6394,-9.9658,-3.6259,-9.9658,-9.9658,-9.9658,-9.9658,-3.816,-9.9658,-9.9658,-1.9942,-5.0116,-0.7346,-0.3752
ENST00000397747,0.1776,-0.8863,-5.5735,-2.4659,-2.1779,-0.6643,-3.458,-1.3548,-2.9324,-3.458,-1.1172,-2.8262,-0.9406,-3.816,-1.5105,-2.8262,-2.3147,-3.0469,-0.7588,-2.114,-9.9658,-1.4305,-2.7274,-3.6259,-1.2481,-2.9324,-3.6259,-2.4659,-0.5543,-3.3076,-5.0116,-0.9971,-3.1714,-0.1504,-2.4659,-1.9942,-2.7274,-0.1504,-1.3548,-2.0529,-1.3921,-0.9686,-5.5735,-0.3383,-9.9658,-2.8262,-1.5105,-2.9324,0.6145,-2.9324,-5.5735,-2.5479,-2.7274,-2.5479,-2.6349,-0.9971,-3.1714,-2.5479,-2.3884,-3.3076,-2.1779,-3.0469,-3.6259,-0.1828,-3.1714,-5.5735,-2.3884,-1.7322,-9.9658,-2.6349,-2.3884,-2.1779,-0.5543,-2.5479,-2.1779,-1.8314,-0.4521,-3.3076,-0.013,-0.8339,1.0079,-2.0529,-2.8262,-2.4659,-3.6259,0.1124,-1.3921,-2.1779,-2.2447,-0.1345,-3.816,-4.2934,0.1648,-0.4521,-0.4521,-5.5735,1.5563,-1.685,-0.4325,-1.6394,-1.685,-3.458,-0.8863,-9.9658,-2.9324,-3.6259,-1.5522,-2.8262,-2.3884,-3.6259,-2.2447,-1.0262,-3.3076,-2.9324,-1.3921,-1.7322,-4.6082,-3.458,-1.9379,-0.7108,-2.9324,-1.5105,-1.6394,-0.8339,-2.3147,-1.3921,-0.6643,-3.816,-1.7809,-4.035,-1.9942,-0.3566,-2.114,-1.5522,-0.3383,-1.5951,-2.2447,-3.0469,-1.5951,-1.0559,-1.2828,-0.3201,-3.0469,-4.035,2.6395,-4.035,-0.0277,-5.0116,-9.9658,-1.9379,-6.5064,0.8647,-0.0425,-1.1811,-1.7322,-9.9658,-3.458,0.099,-1.8836,-1.7322,-0.6416,-0.9971,-3.6259,-4.2934,-5.0116,-2.3884,-2.2447,-4.035,-5.0116,-2.0529,-4.035,-0.8863,-0.5125
ENST00000624362,-9.9658,-9.9658,-9.9658,-9.9658,-9.9658,-9.9658,-9.9658,-9.9658,-9.9658,-9.9658,-9.9658,-4.2934,-9.9658,-9.9658,-4.2934,-9.9658,-9.9658,-9.9658,-9.9658,-9.9658,-9.9658,-9.9658,-9.9658,-9.9658,-9.9658,-9.9658,-9.9658,-9.9658,-9.9658,-9.9658,-4.6082,-2.3884,-9.9658,-9.9658,-9.9658,-9.9658,-4.035,-9.9658,-9.9658,-3.1714,-4.6082,-9.9658,-4.035,-3.6259,-3.816,-9.9658,-2.7274,-9.9658,-9.9658,-9.9658,-9.9658,-3.6259,-9.9658,-9.9658,-9.9658,-9.9658,-9.9658,-9.9658,-9.9658,-4.2934,-9.9658,-9.9658,-9.9658,-9.9658,-9.9658,-9.9658,-9.9658,-9.9658,-9.9658,-9.9658,-3.1714,-9.9658,-9.9658,-9.9658,-9.9658,-9.9658,-2.4659,-9.9658,-9.9658,-9.9658,-9.9658,-4.035,-3.458,-9.9658,-9.9658,-9.9658,-4.2934,-9.9658,-2.9324,-3.6259,-9.9658,-9.9658,-9.9658,-1.0559,-9.9658,-9.9658,-4.035,-9.9658,-9.9658,-9.9658,-9.9658,-9.9658,-4.035,-9.9658,-3.3076,-9.9658,-9.9658,-9.9658,-9.9658,-9.9658,-9.9658,-9.9658,-9.9658,-9.9658,-4.2934,-9.9658,-9.9658,-9.9658,-9.9658,-9.9658,-9.9658,-9.9658,-9.9658,-9.9658,-9.9658,-9.9658,-9.9658,-9.9658,-9.9658,-4.2934,-9.9658,-9.9658,-9.9658,-9.9658,-9.9658,-1.9379,-9.9658,-1.5522,-4.035,-9.9658,-9.9658,-9.9658,-9.9658,-9.9658,-9.9658,-9.9658,-1.0559,-9.9658,-3.6259,-9.9658,-9.9658,-2.6349,-3.1714,-9.9658,-9.9658,-9.9658,-9.9658,-9.9658,-9.9658,-9.9658,-9.9658,-9.9658,-9.9658,-9.9658,-3.458,-9.9658,-9.9658,-9.9658,-9.9658,-9.9658,-9.9658,-9.9658,-4.035
ENST00000367099,-9.9658,-2.2447,-9.9658,-9.9658,-9.9658,-9.9658,-9.9658,-9.9658,-9.9658,-9.9658,-9.9658,-9.9658,1.0007,2.2753,-0.8863,-9.9658,-1.9942,-9.9658,-9.9658,-9.9658,-9.9658,-1.8314,-9.9658,-9.9658,-9.9658,-2.3884,-9.9658,-9.9658,1.8918,-9.9658,-9.9658,-9.9658,-9.9658,-9.9658,-9.9658,-9.9658,-9.9658,-9.9658,-9.9658,-9.9658,-9.9658,-9.9658,-9.9658,-9.9658,-9.9658,-9.9658,-9.9658,-9.9658,-9.9658,-9.9658,-9.9658,-9.9658,-9.9658,-9.9658,-1.8836,2.6161,-9.9658,-9.9658,-9.9658,-9.9658,2.9243,-1.8836,-9.9658,-2.8262,-9.9658,-9.9658,-9.9658,-9.9658,-9.9658,-9.9658,-9.9658,-9.9658,-9.9658,-9.9658,-9.9658,-1.5522,-9.9658,-9.9658,-9.9658,-9.9658,-9.9658,-9.9658,-9.9658,-9.9658,-9.9658,-2.3884,-9.9658,-9.9658,-9.9658,-9.9658,-9.9658,-9.9658,-9.9658,-2.3147,-2.3147,-9.9658,0.6517,-2.6349,-0.2159,-2.7274,-9.9658,-9.9658,-9.9658,-9.9658,-9.9658,-9.9658,-2.6349,-9.9658,-9.9658,-9.9658,-3.0469,-9.9658,-2.3884,-9.9658,-9.9658,-9.9658,-3.3076,-9.9658,-9.9658,-9.9658,-9.9658,-9.9658,-9.9658,-1.1172,-9.9658,-9.9658,-9.9658,-9.9658,-9.9658,-0.394,-9.9658,-9.9658,-9.9658,0.4761,-9.9658,-9.9658,-9.9658,-9.9658,-9.9658,-9.9658,-9.9658,-0.5756,-9.9658,-9.9658,-9.9658,-9.9658,-1.9942,-9.9658,-9.9658,-2.8262,-2.4659,-9.9658,-9.9658,-9.9658,-1.7809,-9.9658,-0.2845,-9.9658,-9.9658,-0.2328,-9.9658,-3.3076,-9.9658,-9.9658,-9.9658,-9.9658,-9.9658,-9.9658,-2.3884,-9.9658,-9.9658,-9.9658,-9.9658
