Name	sample	TCGA-AB-2803-03	TCGA-AB-2805-03	TCGA-AB-2806-03	TCGA-AB-2808-03	TCGA-AB-2810-03	TCGA-AB-2811-03	TCGA-AB-2812-03	TCGA-AB-2813-03	TCGA-AB-2814-03	TCGA-AB-2815-03	TCGA-AB-2816-03	TCGA-AB-2817-03	TCGA-AB-2818-03	TCGA-AB-2819-03	TCGA-AB-2820-03	TCGA-AB-2821-03	TCGA-AB-2822-03	TCGA-AB-2823-03	TCGA-AB-2824-03	TCGA-AB-2825-03	TCGA-AB-2826-03	TCGA-AB-2828-03	TCGA-AB-2830-03	TCGA-AB-2832-03	TCGA-AB-2833-03	TCGA-AB-2834-03	TCGA-AB-2835-03	TCGA-AB-2836-03	TCGA-AB-2837-03	TCGA-AB-2838-03	TCGA-AB-2839-03	TCGA-AB-2840-03	TCGA-AB-2841-03	TCGA-AB-2842-03	TCGA-AB-2843-03	TCGA-AB-2844-03	TCGA-AB-2845-03	TCGA-AB-2846-03	TCGA-AB-2847-03	TCGA-AB-2848-03	TCGA-AB-2849-03	TCGA-AB-2851-03	TCGA-AB-2853-03	TCGA-AB-2854-03	TCGA-AB-2855-03	TCGA-AB-2856-03	TCGA-AB-2857-03	TCGA-AB-2858-03	TCGA-AB-2859-03	TCGA-AB-2860-03	TCGA-AB-2861-03	TCGA-AB-2862-03	TCGA-AB-2863-03	TCGA-AB-2865-03	TCGA-AB-2866-03	TCGA-AB-2867-03	TCGA-AB-2868-03	TCGA-AB-2869-03	TCGA-AB-2870-03	TCGA-AB-2871-03	TCGA-AB-2872-03	TCGA-AB-2873-03	TCGA-AB-2874-03	TCGA-AB-2875-03	TCGA-AB-2876-03	TCGA-AB-2877-03	TCGA-AB-2878-03	TCGA-AB-2879-03	TCGA-AB-2880-03	TCGA-AB-2881-03	TCGA-AB-2882-03	TCGA-AB-2883-03	TCGA-AB-2884-03	TCGA-AB-2885-03	TCGA-AB-2886-03	TCGA-AB-2887-03	TCGA-AB-2889-03	TCGA-AB-2890-03	TCGA-AB-2891-03	TCGA-AB-2892-03	TCGA-AB-2893-03	TCGA-AB-2894-03	TCGA-AB-2895-03	TCGA-AB-2896-03	TCGA-AB-2897-03	TCGA-AB-2898-03	TCGA-AB-2899-03	TCGA-AB-2900-03	TCGA-AB-2901-03	TCGA-AB-2903-03	TCGA-AB-2904-03	TCGA-AB-2908-03	TCGA-AB-2910-03	TCGA-AB-2911-03	TCGA-AB-2912-03	TCGA-AB-2913-03	TCGA-AB-2914-03	TCGA-AB-2915-03	TCGA-AB-2916-03	TCGA-AB-2917-03	TCGA-AB-2918-03	TCGA-AB-2919-03	TCGA-AB-2920-03	TCGA-AB-2921-03	TCGA-AB-2924-03	TCGA-AB-2925-03	TCGA-AB-2927-03	TCGA-AB-2928-03	TCGA-AB-2929-03	TCGA-AB-2930-03	TCGA-AB-2931-03	TCGA-AB-2932-03	TCGA-AB-2933-03	TCGA-AB-2934-03	TCGA-AB-2935-03	TCGA-AB-2936-03	TCGA-AB-2937-03	TCGA-AB-2938-03	TCGA-AB-2939-03	TCGA-AB-2940-03	TCGA-AB-2941-03	TCGA-AB-2942-03	TCGA-AB-2943-03	TCGA-AB-2944-03	TCGA-AB-2946-03	TCGA-AB-2948-03	TCGA-AB-2949-03	TCGA-AB-2950-03	TCGA-AB-2952-03	TCGA-AB-2954-03	TCGA-AB-2955-03	TCGA-AB-2956-03	TCGA-AB-2959-03	TCGA-AB-2963-03	TCGA-AB-2964-03	TCGA-AB-2965-03	TCGA-AB-2966-03	TCGA-AB-2967-03	TCGA-AB-2969-03	TCGA-AB-2970-03	TCGA-AB-2971-03	TCGA-AB-2972-03	TCGA-AB-2973-03	TCGA-AB-2975-03	TCGA-AB-2976-03	TCGA-AB-2977-03	TCGA-AB-2978-03	TCGA-AB-2979-03	TCGA-AB-2980-03	TCGA-AB-2981-03	TCGA-AB-2983-03	TCGA-AB-2984-03	TCGA-AB-2985-03	TCGA-AB-2986-03	TCGA-AB-2987-03	TCGA-AB-2988-03	TCGA-AB-2990-03	TCGA-AB-2991-03	TCGA-AB-2993-03	TCGA-AB-2994-03	TCGA-AB-2995-03	TCGA-AB-2996-03	TCGA-AB-2998-03	TCGA-AB-2999-03	TCGA-AB-3000-03	TCGA-AB-3002-03	TCGA-AB-3005-03	TCGA-AB-3006-03	TCGA-AB-3007-03	TCGA-AB-3008-03	TCGA-AB-3009-03	TCGA-AB-3011-03	TCGA-AB-3012-03
ARG1-201	ENST00000275196.5	0.0	0.0	0.0	0.0	1.7782	0.0	0.0	0.0	0.0	0.0	0.0	0.0	0.0	1.5993	0.0	0.0	0.0	0.0	0.0	0.0	0.0	0.0	0.0	0.0	0.0	2.6041	0.0	0.0	0.0	2.7004	0.0	0.0	0.0	0.0	0.0	0.0	0.0	0.0	0.0	0.0	0.0	0.0	0.0	0.0	0.0	0.0	3.2032	0.0	0.0	0.0	0.0	0.0	0.0	0.0	0.0	0.0	2.9946	0.0	0.0	0.0	0.0	0.0	0.0	0.0	0.0	0.0	0.0	0.0	0.0	0.0	0.0	0.0	0.0	0.0	0.0	0.0	0.0	0.0	0.0	0.0	0.0	0.0	0.0	0.0	0.0	0.0	0.0	0.0	0.0	0.0	0.0	0.0	0.0	0.0	0.0	0.0	0.0	2.488	0.0	0.0	0.0	0.0	0.0	0.0	0.0	0.0	0.0	0.0	0.0	0.0	0.0	0.0	0.0	0.0	0.0	0.0	0.0	0.0	0.0	0.0	0.0	0.0	0.0	0.0	0.0	0.0	0.0	0.0	4.4222	0.0	0.0	0.0	0.0	2.7004	0.0	0.0	0.0	2.266	0.0	0.0	0.0	0.0	0.0	0.0	0.0	0.0	0.0	1.3103	0.0	0.0	0.0	0.0	0.0	0.0	0.0	0.0	0.0	0.0	0.0	0.0	0.0	0.0	0.0	0.0	0.0	0.0	0.0	0.0	1.9891	1.7181	0.0	0.0	0.0
ARG1-202	ENST00000356962.2	5.1699	0.0	0.0	8.9169	6.3951	5.1404	0.0	3.5135	5.2765	0.0	3.7004	4.8817	6.6075	0.0	0.0	4.7377	0.0	0.0	0.0	3.3462	7.5575	3.3219	4.8792	2.3219	6.0323	5.6076	0.0	4.6206	4.8161	6.9024	0.0	4.5236	4.6058	2.2016	0.0	0.0	4.7682	4.8997	0.0	5.3611	4.0303	0.0	2.3219	0.0	0.0	0.0	0.0	2.4931	4.2472	0.0	0.0	0.0	0.0	0.0	0.0	5.6404	5.7637	0.0	0.0	0.0	4.0188	5.2832	4.848	0.0	5.8826	0.0	5.8985	3.06	0.0	0.0	5.3937	3.9672	0.0	0.0	4.319	4.0365	0.0	0.0	0.0	4.319	4.2832	0.0	1.157	1.7782	4.9016	7.1293	0.0	5.7148	0.0	3.4594	0.0	5.3327	0.0	0.0	4.1102	0.0	0.0	7.5065	0.0	0.0	0.0	4.0644	0.0	5.4992	5.898	0.0	2.0738	3.7527	0.0	8.2192	3.9231	0.0	6.7621	2.8379	5.6511	5.8099	0.0	4.2342	0.0	1.6462	5.489	0.0	4.359	3.9946	5.3892	6.4593	0.0	2.275	6.0	3.6893	0.0	2.8278	0.0	0.757	0.0	0.0	1.189	0.0	1.0286	5.2044	0.0	0.0	4.8074	3.9069	5.0794	3.2342	5.9773	5.689	5.1855	3.3533	0.0	4.6439	4.3554	0.0	0.0	0.0	5.1148	4.2071	5.7241	2.342	0.0	1.2265	0.0	0.0	0.0	0.0	0.0	0.0	3.4436	5.3561	0.0	4.3695	4.2008
ARG1-203	ENST00000368087.7	0.0	3.9317	4.3547	10.4279	7.0722	5.6539	4.9722	5.441	6.9919	4.2479	0.0	0.0	8.775	5.8831	4.1018	7.741	4.3448	4.7549	5.7639	0.0	3.796	0.0	3.4529	0.0	5.6596	8.524	5.0635	3.4607	4.1843	8.6057	5.2702	0.0	4.3212	4.4854	6.6623	4.4976	4.6548	4.9477	4.839	0.0	7.6895	4.2713	0.0	7.8139	3.3219	2.9241	9.0521	5.4386	3.843	6.3413	3.257	4.1293	7.4455	5.3709	4.3512	9.5038	7.9728	4.0875	3.585	4.4449	4.2071	6.3918	3.4568	4.855	0.0	3.8074	6.4778	2.7355	3.839	4.8934	7.5442	0.0	4.4162	4.6064	0.0	5.6602	4.1699	6.4848	3.1699	3.1763	5.6392	4.858	0.0	2.9709	0.0	9.6836	4.1699	5.3554	5.1799	0.0	4.0	6.2067	5.0777	4.1699	3.6679	4.275	4.6769	8.9048	5.9939	7.1107	5.3813	0.0	4.6064	3.9791	6.5874	4.4816	4.9837	3.943	5.6331	7.9005	3.2972	4.9435	7.1268	3.2063	0.0	7.4271	3.8885	5.7824	7.3637	6.8293	8.5337	3.3219	5.9993	4.6525	7.3208	8.5508	7.3845	4.7257	6.8494	4.1177	4.7159	3.4463	5.5081	6.1291	5.9903	3.4046	4.6954	7.3563	0.0	5.3844	4.6439	6.8748	0.0	0.0	0.0	0.0	0.0	6.9897	0.0	3.839	5.0233	0.0	0.0	4.7087	4.9542	4.9579	6.7092	3.8288	0.0	4.4828	6.8181	5.7024	2.8074	5.3903	5.4757	5.2854	4.4336	4.0	4.7425	7.794	3.8074	0.0	3.7887
ARG1-204	ENST00000469293.1	2.5059	2.516	0.0	3.842	0.0	0.0	0.0	1.5059	0.0	0.0	0.0	0.0	5.0875	0.0	2.2079	4.189	0.0	0.0	0.0	0.0	1.406	0.0	1.8639	0.0	0.0	4.2765	0.0	0.0	0.0	0.0	1.6276	2.9727	3.4568	0.0	2.0356	1.6369	0.0	2.1506	0.0	1.3785	1.7049	0.0	0.0	1.5656	0.0	0.0	3.1538	0.0	0.0	2.0772	1.516	0.0	1.7613	0.3334	0.0	3.4005	2.4725	0.0	0.0	0.0	0.0	0.0	0.0	0.0841	0.0	0.0	2.9411	0.0	3.0652	0.0	3.1457	0.0	0.0	2.0286	0.0	0.0	0.0	0.0	0.0	0.0	1.6736	0.0	1.111	0.0	0.0	4.8146	0.0	0.0	0.0	0.0	1.4222	2.2265	1.4489	0.0	1.1309	2.4568	2.9579	5.3349	3.4276	0.0	2.0976	0.0	0.0	0.0	0.0	0.0	0.0	0.2141	2.6112	3.6404	0.0	3.0286	2.3448	1.8992	2.8972	4.5723	0.7655	0.0	3.0652	0.0	0.9855	0.0	2.1827	0.0	4.0764	3.0531	0.0	0.0	0.0	0.0	0.0	1.6323	0.0	2.5435	0.1506	2.7159	0.0	1.5059	0.0	0.0	0.0	0.0	0.0	0.0	2.4515	0.0	0.0	3.9891	0.0	0.0	2.7549	1.5361	1.3391	0.0	0.0	0.0	2.0531	1.86	0.8237	0.0	0.9782	1.0072	0.0	2.7677	0.9336	0.0	1.541	1.4114	0.0	3.2311	0.0	0.0	0.0
ARG1-205	ENST00000484820.1	0.0	0.0	0.0	0.0	0.1375	3.1731	0.0	1.856	0.0	0.0	3.9069	1.8836	0.0	0.0	1.7225	0.0	2.1603	1.8914	0.0	0.0	0.0	0.0	0.774	0.0	0.0	0.0	0.0	0.0	0.0	0.0	0.0	0.0	0.3785	0.0	0.4542	0.0	2.189	1.6415	0.0	0.0	0.0	2.0461	1.3618	0.0	0.0	0.0	0.0	1.3951	0.0	0.0	0.0	0.0	0.0	0.0	0.0	0.0	0.0	0.0	0.4542	0.0	1.5945	0.0	0.757	0.0	0.0	0.0	0.0	0.5656	0.0	0.0	0.0	3.0339	0.0	0.0	0.0	2.8875	0.111	2.319	0.0	2.7761	0.0	3.2987	0.0	2.2987	0.0	0.0	0.0	0.0	2.7203	0.0	0.0	0.0	0.0	0.0	0.0	0.0	0.0	0.0	0.0	0.0	0.0	0.0	2.6485	0.0	0.0	2.4725	0.0	0.0	0.0	3.5261	0.9336	0.0	0.0	1.5753	0.0	0.0	0.0	0.0	0.0	0.0	0.0	0.0	0.5558	0.0	0.0	0.0	0.5059	0.0	2.342	0.0	0.5753	0.0566	0.0	0.0	0.0	0.0	0.0	0.0	0.0	0.0	0.0	3.5211	0.0	0.0	0.0	0.0	0.0	0.0	0.9635	0.0	2.4168	0.0	0.0	0.0	0.0	1.8032	2.7677	0.0	2.84	2.0215	0.0	0.0	0.0	0.0	2.1144	2.5993	0.0	0.0	0.0	0.0	0.0	0.0	0.6781
ARG1-206	ENST00000498260.1	3.0566	3.3248	4.7835	7.7462	4.0661	4.3484	4.3653	3.546	3.903	2.3219	0.0	3.2972	6.2007	3.1619	2.2987	5.5895	2.85	4.1119	3.4141	4.3806	4.7049	3.0	4.4764	3.3219	4.2472	5.029	4.1342	4.0347	3.8728	6.6768	3.84	1.6554	2.4276	3.4594	4.1898	4.479	3.1699	4.8445	4.6656	4.1938	6.0866	3.5298	4.2802	3.7038	3.1699	2.8895	6.3228	3.7409	3.5435	3.9727	3.6531	2.9069	5.3327	4.1985	3.6542	6.6084	5.3899	3.1699	2.4931	3.9279	4.6029	5.213	4.5564	3.7004	4.3219	4.2479	4.557	3.757	3.5008	4.4777	5.1064	3.3462	4.0575	3.5311	3.3277	3.1094	3.3103	5.0639	2.585	4.6525	2.7004	3.3448	3.9653	1.4854	4.0968	7.0394	3.3219	4.5564	2.3674	3.7004	2.4114	3.717	4.0453	3.585	3.8904	2.0496	4.3681	6.5682	4.2102	4.7436	3.8115	3.7301	2.6713	3.585	5.3999	2.8298	4.101	3.905	3.8339	6.0457	3.5957	3.7082	5.8487	1.541	4.3434	4.4601	2.4594	3.9212	4.2426	5.1759	5.6005	5.0	3.5236	3.9919	4.4168	6.2797	4.9303	4.5674	1.669	4.0644	4.7671	2.5509	4.2847	4.1691	2.8738	2.9709	4.0721	5.6294	4.6415	4.2743	4.9542	4.3327	3.3219	2.8074	3.8797	2.7203	2.3219	4.4561	4.0592	3.2434	4.0356	3.3363	0.0	2.7761	3.8074	3.5148	3.9791	4.5668	4.1867	3.858	4.3356	4.8866	4.3923	3.9307	3.359	4.0824	2.696	3.842	4.4182	5.627	3.7004	4.9695	3.0339
ARG2-201	ENST00000261783.3	0.0	4.554	3.4634	2.8875	3.9681	5.4373	3.7137	2.384	4.0152	3.0841	0.0	6.8373	4.4383	5.121	5.9224	5.9348	4.6444	2.101	5.0721	2.9561	3.7929	3.433	3.5122	3.6611	5.7589	2.8032	4.3785	3.3813	3.1293	4.9406	3.3674	4.4692	3.4867	2.7803	5.0824	1.4436	2.6369	3.4803	6.7968	3.1375	7.0605	3.957	3.2555	3.0925	4.9284	3.4182	6.3635	4.4383	4.2227	5.7222	4.2024	2.8258	7.0651	6.133	2.2048	2.8875	4.7274	4.5807	3.342	5.2254	2.3016	4.319	3.0704	4.2668	2.9184	3.5348	7.7668	1.585	2.3785	4.0099	4.7393	2.4725	3.6053	4.9704	2.8217	5.9227	3.3688	3.8934	3.9873	3.5273	0.0	4.3183	2.9165	2.757	4.1127	4.3038	4.1731	3.4303	7.8909	4.9189	4.565	2.3978	5.5336	4.3992	3.7115	3.3992	3.067	6.9293	4.0233	2.516	3.4673	4.0909	5.432	4.9326	3.8298	5.1799	4.6611	8.794	6.3742	1.7268	4.2024	3.742	4.0426	5.1759	6.3698	6.233	7.0119	8.2827	3.281	4.6433	7.7955	0.0	4.5686	8.3142	3.0496	4.4816	5.6355	3.025	7.5558	2.8379	0.0	4.7093	4.2396	5.2502	3.6702	3.8217	3.4168	2.8895	3.2418	2.8074	2.6439	5.0635	0.0	5.3049	3.2494	2.1795	6.5803	0.0	3.6792	2.511	3.2884	2.025	3.4647	1.4005	3.7761	1.7866	2.3448	1.5993	3.6029	4.8654	6.2724	3.7729	2.0807	0.0	1.6781	5.6384	2.7949	3.2464	3.272	3.8699	5.2403	3.4303	3.4463
ARG2-202	ENST00000556491.1	0.0	0.0	0.0	0.0	0.0	2.211	0.0	0.0	0.0	0.6871	0.0	0.0	0.0	0.0	0.0	0.0	2.0036	0.0	0.0	0.0	2.278	0.0	0.0	0.0	0.0	0.0	0.0	0.0	0.0	0.0	0.0	0.0	0.0	0.0	0.0	1.0	0.0	0.0	0.0	0.0	1.8797	0.0	0.0	0.0	0.0	0.0	1.3448	0.0	0.0	0.0	0.0	0.0	0.0	0.0	0.0	0.0	0.0	0.0	0.0	0.0	0.0	0.0	0.0	0.0	1.0	0.0	0.0	0.0	0.0	0.0	1.4906	0.0	1.5993	1.6915	0.0	0.0	0.0	0.0	0.0	0.0	0.0	0.0	0.0	0.0	0.0	0.0	0.0	0.0	0.0	0.0	0.0	0.0	0.0	0.0	0.0	0.0	0.0	0.0	0.0	0.0	0.0	0.0	0.0	1.4647	0.0	1.6415	0.0	0.0	0.0	0.0	0.0	0.0	1.6369	0.0	1.2928	0.0	0.0	0.0	0.0	0.0	0.0	0.0	0.0	1.7527	0.0	0.0	1.6826	0.9486	3.3219	0.0	0.0	0.0	0.0	0.0	0.0	0.0	0.0	0.0	0.0	0.0	0.0	0.0	0.0	0.0	0.0	0.0	0.0	0.0	0.0	0.0	0.0	0.0	1.5261	0.0	0.0	1.0	0.0	0.0	0.0	0.0	0.0	0.0	0.0	0.0	0.0	0.0	0.0	0.0	0.0	0.0	0.0	0.0	0.0
ARG2-203	ENST00000557120.5	2.3219	4.3226	1.9709	2.6826	3.101	4.0661	4.2532	2.8074	3.3477	3.0514	0.0	5.3096	2.8074	0.0	5.3823	4.5497	3.8699	3.9373	3.2854	2.2839	0.0	1.585	3.8379	2.4803	4.3241	3.4983	2.257	2.5211	2.8836	3.9288	4.0531	0.0	3.1227	2.5084	3.2645	2.9855	3.7049	2.7247	4.3441	3.433	4.8425	2.846	2.5534	3.5298	4.3198	3.2126	4.0993	4.0781	3.1342	0.0	3.8914	0.0	4.1859	4.228	2.3219	2.4087	3.585	3.4919	3.6427	3.4764	3.4074	3.2203	3.3031	1.373	1.0	2.511	3.5497	2.7592	2.1375	3.8639	4.1309	2.3219	3.8176	2.7377	3.2645	4.7692	2.8032	3.557	2.9709	0.0	1.0	3.9616	2.3219	3.8125	2.9241	4.0875	1.8156	2.6485	4.8625	2.7782	3.1619	3.2265	4.915	2.5336	2.3074	4.5515	2.3978	4.853	3.3646	2.757	3.516	4.2957	5.4643	3.5373	2.7506	0.0	4.435	6.2273	5.479	2.9616	4.2623	2.6159	0.0	2.7485	4.5509	5.4296	3.9773	4.7793	2.488	3.3505	3.9736	3.3219	3.0704	6.3674	3.5619	3.0841	4.6023	3.0514	5.3743	3.9117	2.0	3.2203	4.3498	3.26	3.2234	3.3045	2.6323	2.9505	3.585	3.0144	3.5668	3.2839	1.0	0.0	2.0108	1.4542	3.2898	2.0	2.3132	2.9241	5.0197	2.251	0.0	0.0	1.3334	3.557	3.7634	2.5558	4.2532	4.6041	4.3653	2.8679	3.3547	3.0	2.9635	4.4841	2.9561	3.5753	3.2063	2.144	3.9919	3.6182	2.6299
ARG2-204	ENST00000557319.1	3.0	3.9467	2.9964	1.6871	2.4854	3.1763	1.585	3.7835	3.1359	3.7538	0.0	4.9208	3.557	4.2675	5.093	4.4039	3.5801	4.2479	0.0	3.3219	2.8699	4.2979	3.5348	2.0108	3.9126	3.4515	1.5311	2.696	2.5898	2.6982	3.6334	1.0	0.0	3.3219	3.1811	2.8197	3.1603	3.466	3.9653	3.437	5.0811	3.7115	2.3448	3.7474	3.1293	2.4033	4.5336	3.4074	3.497	2.6599	3.4738	2.5211	2.2141	3.1127	4.025	3.4423	3.7071	2.4489	1.8639	4.0798	4.1085	3.359	3.1408	2.263	1.5898	2.6781	3.4957	3.7115	3.0	3.8953	3.9681	2.8074	3.5135	3.6938	3.4249	5.0	2.8379	3.7015	3.0583	3.7004	3.3391	4.2758	3.3391	2.669	3.2585	3.6747	3.306	2.0	4.4135	2.1243	2.3132	3.4777	4.4705	0.0	3.1391	4.3771	2.3219	4.1119	3.8339	3.9662	4.116	3.9873	3.9126	3.6029	3.3377	2.85	3.9326	5.478	4.9616	3.6971	2.9579	3.1763	2.585	3.7323	4.4416	5.3607	3.4182	4.4957	1.2449	2.8278	4.7549	3.0179	3.5814	5.7856	3.8207	3.9402	2.7929	3.7159	4.1627	2.9819	2.8074	3.3868	4.3971	3.1457	0.0566	3.2357	3.6792	3.342	3.266	3.9307	3.4686	3.7082	2.3219	3.2079	2.7485	1.9107	2.342	1.585	3.0356	3.2869	4.1771	1.189	3.4594	1.0	2.0286	3.9146	3.9882	2.2928	3.9165	3.6971	4.2327	3.0197	3.3103	0.0	4.0798	3.3576	2.7442	2.757	2.9782	3.4019	4.691	3.9873	3.6679
BIRC7-201	ENST00000217169.7	0.0	0.0	0.0	0.0	0.0	0.0	0.0	0.0	0.0	0.0	0.0	0.0	0.0	1.0	0.0	1.0	0.0	0.0	0.0	0.0	0.0	0.0	0.0	0.0	0.0	0.0	0.0	0.0	0.0	0.0	0.0	0.0	0.0	0.0	0.0	0.0	0.0	0.0	0.0	0.0	0.0	0.0	0.0	0.0	0.0	0.0	0.0	3.9069	0.0	2.585	2.3219	1.0	0.0	0.0	0.0	0.0	0.0	0.0	0.0	0.0	0.0	0.0	0.0	0.0	0.0	0.0	0.0	0.0	0.0	0.0	0.0	0.0	0.0	0.0	3.3334	0.0	0.0	0.0	10.0281	0.0	0.0	0.0	0.0	0.0	0.0	0.0	0.0	0.0	0.0	0.0	0.0	0.0	3.1699	0.0	0.0	0.0	0.0	0.0	0.0	6.5945	0.0	0.0	0.0	0.0	0.0	0.0	0.0	0.0	3.585	0.0	0.0	0.0	0.0	0.0	2.3219	2.3219	0.0	0.0	2.0	0.0	0.0	0.0	0.0	0.0	0.0	0.0	0.0	0.0	0.0	0.0	0.0	0.0	0.0	0.0	0.0	0.0	0.0	0.0	0.0	0.0	0.0	0.0	0.0	0.0	0.0	0.0	0.0	0.0	0.0	3.3219	0.0	0.0	0.0	0.0	0.0	0.0	0.0	0.0	0.0	1.585	0.0	0.0	0.0	0.0	0.0	0.0	0.0	0.0	0.0	0.0	0.0	0.0	0.0
BIRC7-202	ENST00000342412.10	0.0	0.0	0.0	0.0	0.0	1.0	0.0	1.0	0.0	1.0	0.0	0.0	0.0	0.0	0.0	0.0	0.0	0.0	1.0	0.0	0.0	0.0	0.0	0.0	0.0	0.0	0.0	1.0	1.0	1.585	0.0	0.0	1.0	0.0	1.0	0.0	0.0	1.0	0.0	0.0	1.0	1.0	0.0	2.8074	0.0	0.0	1.0	0.0	0.0	0.0	0.0	0.0	0.0	4.3219	0.0	0.0	0.0	0.0	0.0	2.0	0.0	1.585	0.0	0.0	0.0	0.0	0.0	0.0	0.0	0.0	2.585	0.0	1.585	1.0	0.0	0.0	0.0	0.0	8.4237	0.0	0.0	0.0	0.0	0.0	0.0	2.546	0.0	0.0	1.0	0.0	0.0	0.0	0.0	0.0	0.0	0.0	0.0	0.0	0.0	4.7447	0.0	1.0	0.0	1.0	0.0	0.0	1.0	1.0	0.0	0.0	1.0	0.0	0.0	0.0	0.0	0.0	3.3219	0.0	0.0	1.0	1.0	1.0	0.0	0.0	0.0	0.0	1.0	0.0	1.0	0.0	0.0	0.0	0.0	0.0	0.0	0.0	0.0	0.0	0.0	0.0	0.0	0.0	0.0	0.0	1.0	0.0	0.0	0.0	0.0	0.0	1.0	0.0	0.0	0.0	0.0	0.0	0.0	1.585	0.0	0.0	2.0	0.0	1.0	0.0	0.0	1.0	1.0	0.0	1.0	0.0	0.0	0.0	0.0
BIRC7-203	ENST00000395306.1	0.0	0.0	0.0	0.0	0.0	0.0	0.0	0.0	0.0	0.0	0.0	0.0	0.0	0.0	0.0	0.0	0.0	0.0	0.0	0.0	0.0	0.0	0.0	0.0	0.0	0.0	0.0	0.0	0.0	0.0	0.0	0.0	0.0	0.0	0.0	0.0	0.0	0.0	0.0	0.0	0.0	0.0	0.0	0.0	0.0	0.0	0.0	0.0	0.0	0.0	0.0	0.0	0.0	0.0	0.0	0.0	0.0	0.0	0.0	0.0	0.0	0.0	0.0	0.0	0.0	0.0	0.0	0.0	0.0	1.0	0.0	0.0	0.0	0.0	0.9411	0.0	0.0	0.0	3.855	0.0	0.0	0.0	0.0	0.0	0.0	0.2141	0.0	0.0	0.0	0.0	0.0	0.0	0.0	0.0	0.0	0.0	0.0	0.0	0.0	2.7115	0.0	0.0	0.0	0.0	0.0	0.0	0.0	0.0	0.0	0.0	0.0	0.0	0.0	0.0	0.0	0.0	0.0	0.0	0.0	0.0	0.0	0.0	0.0	1.0	0.0	0.0	0.0	0.0	0.0	0.0	0.0	0.0	0.0	0.0	0.0	0.0	0.0	0.0	0.0	0.0	0.0	0.0	0.0	0.0	0.0	0.0	0.0	0.0	0.0	0.0	0.0	0.0	0.0	0.0	0.0	0.0	0.0	0.0	0.0	0.0	0.0	0.0	0.0	0.0	0.0	0.0	0.0	0.0	0.0	0.0	0.0	0.0	0.0
CCL2-201	ENST00000225831.4	1.585	0.0	1.0	3.1699	0.0	0.0	0.0	4.7929	2.7159	2.3219	0.0	2.2928	1.0	4.5236	2.0	4.3716	5.3681	2.0	0.0	0.0	5.7474	3.1699	2.8074	0.0	5.4443	1.0	3.6229	0.0	2.0	6.6652	2.189	2.3219	0.0	1.585	3.0	2.0	3.1699	0.0	2.0	0.0	4.2479	0.0	0.0	5.8985	4.6971	1.585	6.1307	2.585	2.0	5.1156	2.3219	1.0	1.0	5.0112	0.0	1.585	1.585	0.0	4.6837	0.0	2.4983	2.2898	0.0	0.0	3.6588	0.0	4.6035	0.0	0.0	2.585	7.1596	2.585	0.0	3.3219	0.0	1.585	1.585	2.3219	1.585	4.3923	7.8467	0.0	0.0	2.3219	2.6736	3.9873	3.2615	0.0	0.0	1.585	3.1699	4.5795	3.9069	5.0626	4.0875	1.585	0.0	0.0	0.0	3.0	2.0	1.0	0.0	1.585	0.0	1.0	3.3964	0.0	3.8197	1.3219	2.0	3.3219	3.0	3.2957	4.2273	1.585	0.0	6.5427	1.157	2.0	0.0	3.0	3.2615	0.0	4.6212	1.585	0.0	3.2079	2.8074	1.0	0.0	2.0	1.585	0.0	2.585	2.7203	0.0	0.0	0.0	3.5211	2.0	0.0	2.0	1.0	3.3219	0.0	3.9373	2.585	4.2479	1.0	4.5065	1.0	6.858	0.0	7.9003	0.0	0.0	1.5607	2.3219	0.0	2.8074	3.0	0.0	1.585	0.0	2.9373	2.585	1.0	1.0	3.8074	5.2133	1.585	3.7549
CCL2-202	ENST00000580907.5	1.585	0.0	0.0	0.0	0.0	0.0	0.0	2.4005	0.0	0.0	0.0	0.0	0.0	0.0	0.0	2.1043	1.8875	1.0	1.585	1.0	0.0	0.0	0.0	0.0	1.2203	0.0	2.7398	0.0	0.0	4.1969	1.7824	0.0	0.0	0.0	0.0	0.0	0.0	2.1922	0.0	0.0	0.0	0.0	0.0	0.0	0.0	0.0	0.0	0.0	0.0	0.0	0.0	0.0	0.0	2.0531	0.0	0.0	0.0	1.0	1.2016	0.0	1.7442	0.0	0.0	0.0	0.0	1.0	2.2296	0.0	0.0	0.0	4.4561	0.0	0.0	0.0	1.0	0.0	0.0	0.0	0.0	0.0	0.0	0.0	1.0	0.0	2.2079	1.0976	0.0	0.0	0.0	0.0	0.0	1.0635	0.0	0.0	0.0	0.0	1.0	0.0	0.0	1.0	0.0	0.0	0.0	0.0	1.0	0.0	2.6938	1.0	2.8699	1.3219	0.0	0.0	0.0	0.0	1.1827	0.0	1.0	3.5521	0.0	0.0	0.0	0.0	0.0	0.0	0.0	0.0	1.0	0.5059	0.0	0.0	0.0	0.0	0.0	0.0	0.0	1.257	0.0	1.585	0.0	2.1763	0.0	1.0	0.0	0.0	0.0	0.0	0.0	0.0	0.0	0.0	0.0	0.0	0.0	0.0	3.1859	1.0	1.0	0.0	0.0	0.0	0.0	1.0	0.0	0.0	0.0	1.2265	0.0	0.0	0.0	0.0	2.0179	0.0	1.8074
CCL2-203	ENST00000624362.1	1.585	0.0	0.0	1.585	0.0	0.0	0.0	0.0	1.0	1.0	0.0	0.0	0.0	0.0	0.0	1.585	2.585	0.0	0.0	0.0	0.0	0.0	0.0	1.0	1.0909	0.0	0.0	0.0	0.0	3.2079	0.0	0.0	0.0	0.0	0.0	0.0	1.585	0.0	0.0	0.0	0.0	0.0	0.0	2.0	1.0426	0.0	1.0144	0.0	0.0	1.6041	0.0	0.0	0.0	0.0	0.0	0.0	0.0	0.0	0.0	0.0	0.0	0.0	0.0	0.0	0.0	0.0	0.0	0.0	0.0	0.0	3.3334	0.0	0.0	0.0	0.0	0.0	0.0	0.0	0.0	0.0	1.0144	1.0	0.0	0.0	1.0	1.0	1.0	0.0	0.0	0.0	0.0	0.0	1.0	1.0	2.0	0.0	0.0	0.0	0.0	0.0	0.0	0.0	0.0	0.0	0.0	0.0	0.0	0.0	0.0	1.0	0.0	0.0	0.0	0.0	0.0	0.0	0.0	2.0144	1.585	0.0	0.0	0.0	0.0	0.0	0.0	0.0	0.0	1.0	0.0	0.0	0.0	0.0	0.0	0.0	0.0	0.0	0.0	0.0	1.585	0.0	0.0	0.0	0.0	0.0	0.0	0.0	0.0	1.585	1.585	0.0	2.0	0.0	0.0	0.0	1.0	1.0	0.0	0.0	0.0	0.0	0.0	0.0	0.0	0.0	0.0	0.0	0.0	0.0	0.0	0.0	2.342	1.0	0.0
CCL22-201	ENST00000219235.4	0.0	0.0	0.0	2.585	0.0	1.585	2.0	1.585	0.0	3.3219	3.9069	1.585	3.3219	0.0	1.585	1.585	1.0	0.0	2.3219	4.0875	3.9069	0.0	0.0	0.0	2.3219	1.585	4.0875	3.3219	3.0	0.0	0.0	0.0	0.0	4.585	4.0875	1.0	5.8826	1.585	2.585	1.585	0.0	5.2095	1.585	0.0	1.0	1.0	2.0	1.0	2.3219	3.0	6.0661	2.3219	0.0	3.0	2.3219	2.585	0.0	1.0	5.0444	1.0	0.0	4.585	1.0	1.0	1.585	0.0	2.0	0.0	2.8074	1.585	4.4594	0.0	4.3219	0.0	0.0	1.0	2.0	3.0	2.585	0.0	5.7549	4.1699	1.585	2.8074	0.0	1.585	3.9069	3.9069	0.0	0.0	0.0	1.0	6.8202	4.9069	3.8074	1.0	0.0	0.0	0.0	0.0	2.0	1.0	2.0	1.585	2.3219	5.5546	3.1699	1.0	1.0	0.0	0.0	4.2479	2.8074	0.0	1.0	2.3219	0.0	4.6439	0.0	2.585	0.0	0.0	0.0	0.0	1.0	1.585	1.0	0.0	4.0	0.0	1.0	7.2761	1.0	2.585	2.0	4.585	0.0	4.7549	5.6439	4.3923	2.585	0.0	2.0	0.0	1.585	2.0	0.0	1.0	0.0	1.585	1.0	0.0	6.8329	0.0	1.585	2.8074	0.0	1.585	1.585	0.0	0.0	2.3219	1.0	0.0	1.0	0.0	5.9307	1.585	1.0	2.0	1.0	0.0	0.0
CD274-201	ENST00000381573.8	1.585	2.8032	4.1699	4.1293	0.0	0.0	3.7004	0.0	4.8293	0.0	5.0853	0.856	0.0	3.079	0.0	0.0	3.3702	0.0	0.0	0.0	2.8074	3.4931	0.0	3.4594	1.0772	2.9635	0.0	0.0	0.0	3.8288	0.0	0.0	2.8074	0.0	0.3448	1.0566	0.0	0.0	0.0	0.0	3.3391	0.0	3.0036	2.8836	0.0	3.4594	0.0	3.856	0.0	0.0	0.0	0.0	0.0	0.0	3.756	0.0	4.8099	0.0	0.0	0.0	0.0	4.278	2.1538	0.0	4.934	3.1699	4.4816	0.0	2.4249	0.0	0.0	2.3219	0.0	0.0	0.0	0.5059	0.0	0.0	0.0	4.254	2.0	3.8924	3.7655	0.0	2.8074	4.1202	0.0	0.0	0.0	0.5361	0.0	0.0	0.0	0.0	0.0	0.0426	4.3219	5.5774	5.1493	0.0	0.0	0.0	3.067	4.354	0.0	0.0	4.9754	0.0	0.0	0.0	4.7474	0.0	0.0	4.189	0.0	0.0	0.0	0.0	0.0	0.0	0.0	0.0	3.5261	0.0	3.6288	0.0	0.0	0.0	2.6803	0.0	0.0	0.0	0.0	0.0	0.0	3.9505	4.6305	0.0	2.0	0.0	0.0	0.0	5.3576	3.905	2.3896	0.0	0.0	0.0	3.1619	5.0866	0.0	2.3219	0.0	4.0	0.0	3.0374	0.0	0.0	2.8875	0.0	0.0	0.0	3.6508	0.0	0.0	3.8787	0.0	0.0	0.0	0.0	3.1811	0.0	0.0
CD274-202	ENST00000381577.3	0.0	4.5862	0.0	0.0	0.0	4.3653	0.0	5.0179	6.348	5.921	0.0	5.1309	5.7944	3.6496	4.585	5.0352	4.342	3.585	2.5211	5.0968	0.0	0.0	5.4535	0.0	4.6023	0.0	1.757	5.3806	4.4976	7.0141	4.0347	5.4263	0.0	4.4822	5.1453	3.6427	5.7004	4.5236	6.0444	4.3096	5.4419	4.3923	3.6392	3.6576	4.0824	0.0	7.687	3.6462	7.1917	6.8027	3.5398	3.3219	5.4594	7.7313	2.8659	3.1699	6.1369	5.4263	6.4825	6.1214	3.1699	3.6554	3.6496	5.0955	0.0841	0.0	5.8743	3.0635	3.6588	5.1902	7.8757	0.0	6.5347	4.6328	4.5868	5.5674	5.1611	6.413	5.2634	0.0	0.0	4.594	4.5874	4.292	0.0	3.6565	5.2311	5.5106	7.8115	3.6496	5.7729	5.0444	2.4195	4.6696	3.116	4.5832	0.0	7.6375	5.7131	6.9007	4.6229	4.5236	3.6576	4.5577	3.5148	2.4906	4.5963	5.7719	6.2456	5.6619	3.7866	3.585	4.8802	7.104	6.8632	6.1012	2.1953	9.6282	4.0295	6.9003	9.6088	5.4973	6.1393	5.8074	6.302	5.4366	4.8773	3.585	5.8975	6.4416	5.4594	4.3125	5.9764	5.0303	4.7544	3.6485	0.0	5.1699	0.0	5.925	5.2265	5.5236	0.0	5.1587	5.3985	4.9069	5.3961	4.2698	4.2935	7.3907	5.0193	0.0	5.7004	0.0	5.7549	4.3561	5.2095	3.2141	3.6554	4.0	7.3315	6.0682	4.5922	3.9458	5.5236	1.0286	4.3219	6.2254	4.3903	6.1876	3.6415	3.437	3.8074
CD274-203	ENST00000474218.1	0.0	0.0	0.0	1.3219	1.0	0.0	0.0	1.3334	0.0	2.1408	2.5969	0.2016	0.0841	0.0	0.0	0.0	3.846	0.0	0.0	1.2327	0.0	0.0	0.0	0.0	3.406	0.5361	1.0	0.0	1.6276	0.0	0.0	0.0	1.0	0.0	1.2327	0.0841	1.0	0.0	0.0	0.0	1.1763	0.0	1.3334	0.0	0.7137	0.0	2.2079	0.0	0.0	0.0	0.0	0.0	0.0	1.7004	0.263	0.0	1.5558	0.0	1.4594	0.0	0.0	0.0	0.0	1.281	0.0	0.0	0.0	0.0	0.0	1.4647	2.0356	0.0	0.0	0.0	0.0	0.0	0.0	0.0	2.2987	1.546	0.0	0.0	0.0	1.269	0.0	0.0	1.7824	0.0	0.0	0.0	0.0	0.0	0.7225	1.0772	2.4303	0.0	0.0	0.0	2.5969	1.6781	1.9745	0.0	0.0	0.0	0.84	0.7137	1.1375	1.5945	0.0	0.0	0.0	2.0	0.6323	0.0	2.1827	0.0	0.0	0.0	0.0144	1.433	4.4627	0.0	0.0	0.0	0.0	1.3618	0.0	1.0	0.4222	1.6182	0.0	0.0	0.0	1.2141	0.0	0.0	0.0	0.0	0.0	1.0	0.0	0.0	0.0	1.2016	1.8359	0.0	1.9598	1.3391	1.2987	2.7845	1.926	0.0	0.0	0.0	0.0	0.0	0.0	1.0	0.0	0.0	1.1043	0.0	0.0	0.0	0.0	0.0	0.0	0.0	0.0426	1.0	1.2928	0.2265	1.0
CD274-204	ENST00000492923.1	0.0	0.0	0.0	1.0	0.0	0.4751	1.0	0.0	2.6088	0.0	0.0	0.0	2.6893	0.0	0.0	1.144	1.0	1.0	0.0	2.1506	0.0	2.2449	1.1243	1.0	0.0	0.0	0.0	1.7398	1.2141	2.7049	0.0	1.0	0.0	0.0	0.0	0.4436	0.0	0.0	0.0	1.0	1.0976	0.0	0.0	0.0	0.0	0.0	2.852	1.0	2.5385	1.2388	0.0	0.0	0.0	3.6159	0.0	0.0	2.7312	0.0	3.2957	1.7866	1.0	0.0	0.0	1.3448	0.0	0.0	0.0	1.4005	1.0	1.0	4.09	0.0	1.1953	0.0	1.7355	1.111	1.1506	1.9222	0.0	0.0	0.0	0.0	0.0	0.0	0.0	0.0	1.0	1.269	3.3147	0.0	3.0	1.0	0.0	0.0	1.0	0.0	0.0	2.359	0.0	1.2079	1.0909	0.0	0.0	1.0	1.2265	0.5361	1.1043	1.2265	2.3561	1.7049	1.1177	0.0	0.0	3.2016	3.0072	3.0618	0.0	4.1383	0.0	1.9449	4.6831	2.3219	2.5826	0.0	2.2418	1.0909	0.0	1.0	3.111	2.0036	0.0	0.0	2.842	0.0	0.0	1.585	2.6392	0.0	0.0	2.0841	0.0	0.0	1.585	1.0	0.0	0.0	0.0	0.0	0.0	1.2079	1.0841	0.0	0.0	0.0	0.0	0.0	0.0	1.0	0.0	0.0	3.5558	2.7866	1.7312	1.844	0.0	1.269	0.0	1.669	1.0	1.0772	0.0	0.0	1.0
CD274-205	ENST00000498261.1	0.0	0.0	0.0	0.0	0.0	0.0	0.0	1.6229	0.0	0.0	0.0	0.0	0.0	0.0	0.0	0.0	0.0	0.0	1.1763	0.0	0.0	0.0	0.0	0.0	0.0	1.4594	0.696	0.0	0.0	0.0	2.9279	0.0	0.0	0.7225	0.0	0.0	0.0	0.0	0.0	0.2265	0.0	0.0	0.0	0.0	1.275	0.0	1.0635	0.0	0.0	0.0	0.4542	0.0	0.0	0.0	0.0	0.0	0.0	0.0	0.0	1.9782	0.0	0.0	0.0	0.8797	2.1243	0.0	0.0	0.0	0.0	1.4489	0.0	0.0	0.0	1.1309	0.7225	0.0	0.0	0.0	1.4168	0.0	0.0	0.0	0.4436	0.0	0.0	0.0	0.0	0.0	2.8817	0.0	2.4114	0.0	0.0	0.5361	0.9561	0.0	0.0	0.0	0.0	0.0	1.7181	0.0	0.0	0.0	1.281	1.2016	0.0	0.0	0.0	1.0841	3.0303	0.0	0.0	0.0	0.0	0.0	0.5059	0.0	0.7312	0.0	3.6427	0.8718	0.0	0.0	0.0	0.0	0.6871	0.0	0.0	0.0	0.0	0.1763	2.2839	0.0	2.8094	0.0	0.0	0.0	0.0	0.0	0.6415	0.0	0.0	0.0	0.0	0.0	0.0	0.251	1.5753	0.0	2.2172	0.0	0.0	0.0	0.0	1.2079	0.0	0.7824	0.0	0.0	2.3306	0.0	0.0	0.0	0.0	2.546	0.0	0.0	0.0	0.0	0.0	0.0	0.0
IDO1-201	ENST00000253513.11	0.0	0.0	0.0	1.2987	0.0	0.0	0.0	1.0	0.0	0.0	0.0	0.0	0.0	0.0	0.0	0.0	0.0	0.0	0.0	0.0	0.0	0.0	0.0	0.0	0.0	0.0	0.0	0.0	0.0	0.0	0.0	0.0	0.0	0.0	0.0	0.0	3.7634	0.0	4.1723	0.0	0.0	0.0	0.0	0.0	0.0	0.0	0.0	0.0	0.0	0.0	0.0	0.0	0.0	0.0	1.2449	1.0	0.0	0.0	0.0	0.0	0.0	1.0	0.0	0.0	1.2327	0.0	0.0	0.0	0.0	0.0	0.0	0.0	0.0	0.0	0.0	0.0	0.0	1.0	0.0	0.0	0.0	0.0	0.0	0.0	0.0	0.0	0.0	0.0	0.0	0.0	0.0	0.0	0.0	0.0	3.7602	0.0	0.0	0.0	0.0	2.3219	1.0	0.0	0.0	0.0	0.0	0.0	1.2388	0.0	3.4699	0.0	0.0	0.0	0.0	1.8953	1.0	0.0	0.0	4.3861	0.0	0.0	0.0	0.0	0.0	0.0	0.0	0.0	3.2464	0.0	0.0	0.0	0.0	0.0	0.0	0.0	0.0	0.0	0.0	0.0	0.0	0.0	2.9279	0.0	0.0	0.0	0.0	0.0	0.0	0.0	0.0	3.2388	0.0	0.0	0.0	0.0	1.84	0.0	0.0	0.0	0.0	0.0	0.0	0.0	0.0	0.0	3.106	0.0	0.0	0.0	0.0	2.6206	0.0	0.0	0.0
IDO1-202	ENST00000518237.5	0.0	0.0	0.0	0.0	0.0	0.0	0.0	0.0	0.0	0.0	0.0	0.0	0.0	0.0	0.0	0.0	0.0	0.0	0.0	0.0	0.0	0.0	0.0	0.0	0.0	0.0	0.0	0.0	0.0	0.0	0.0	0.0	0.0	0.0	0.0	0.0	3.1922	0.0	0.0	0.0	0.0	0.0	0.0	0.0	0.0	0.0	0.0	0.0	0.0	0.0	0.0	0.0	0.0	0.0	0.0	0.0	0.0	0.0	0.0	0.0	0.0	0.0	0.0	0.0	0.0	0.0	0.0	0.0	0.0	0.0	0.0	0.0	0.0	0.0	0.0	0.0	0.0	0.0	0.0	0.0	0.0	0.0	0.0	0.0	0.0	0.0	0.0	0.0	0.0	0.0	0.0	0.0	0.0	0.0	0.0	0.0	0.0	0.0	0.0	0.0	0.0	0.0	0.0	0.0	0.0	0.0	0.0	0.0	0.0	2.5993	0.0	0.0	2.5632	0.0	0.0	1.433	0.0	0.0	0.0	0.0	0.0	0.0	0.0	0.0	0.0	0.0	0.0	0.0	0.0	0.0	0.0	0.0	0.0	0.0	0.0	0.0	0.0	0.0	0.0	0.0	0.0	0.0	0.0	0.0	0.0	0.0	0.0	0.0	0.0	0.0	0.0	0.0	0.0	0.0	0.0	0.0	0.0	0.0	0.0	0.0	0.0	0.0	0.0	0.0	0.0	0.0	0.0	0.0	0.0	0.0	0.0	0.0	0.0
IDO1-203	ENST00000518804.5	0.0	0.0	0.0	0.0	0.0	0.0	0.0	0.0	0.0	0.0	0.0	0.0	0.0	0.0	0.0	0.0	0.0	0.0	0.0	0.0	0.0	0.0	0.0	0.0	0.0	0.0	0.0	0.0	0.0	0.0	0.0	0.0	0.0	0.0	0.0	0.0	0.0	0.0	0.0	0.0	0.0286	0.0	0.0	0.0	0.0	0.0	0.0	0.0	0.856	0.0	0.0	0.0	0.0	0.0	0.0	0.0	0.0	0.0	0.0	0.0	0.0	0.0	0.0	0.0	0.0	0.0	0.0	0.0	0.0	0.0	0.0	0.0	0.0	0.0	0.0	0.0	0.0	0.0	1.0	0.0	0.0	0.0	0.0	0.0	0.0	0.0	0.0	1.0	0.0	0.0	0.0	0.0	0.0	0.0	0.0	0.0	0.0	0.0	0.0	0.0	0.0	0.0	0.0	0.0	0.0	0.0	0.0	0.0	0.0	0.0	0.0	0.0	0.0	0.0	0.0	0.0	0.0	0.0	0.0	0.0	0.0	0.0	0.0	0.0	0.0	0.0	0.0	0.0	0.0	0.0	0.0	0.0	0.0	1.0	0.0	0.0	0.0	0.0	0.0	0.0	0.0	0.0	0.0	0.0	0.0	0.0	0.0	0.0	0.0	0.0	0.0	0.0	0.0	0.0	0.0	0.0	0.0	0.0	0.0	0.0	0.0	0.0	0.0	0.0	0.0	0.0	0.0	0.0	0.0	0.0	0.0	0.0	0.0
IDO1-204	ENST00000519154.5	0.0	0.0	0.0	0.0	0.0	0.0	0.0	0.0	0.0	0.0	0.0	0.0	0.0	0.0	0.0	0.0	0.0	0.0	0.0	0.0	0.0	0.0	0.0	0.0	0.0	0.0	0.0	0.0	0.0	0.0	0.0	0.0	0.0	0.0	0.0	0.0	0.0	0.0	2.1699	0.0	1.5753	0.0	0.0	0.0	0.0	0.0	0.0	0.0	0.0	0.0	0.0	0.0	0.0	2.1859	0.0	0.0	0.0	0.0	0.0	0.0	0.0	0.0	0.0	0.0	0.0	0.0	0.0	0.0	0.0	0.0	2.06	0.0	0.0	0.0	0.0	0.0	0.0	0.0	0.0	0.0	0.0	0.0	0.0	0.0	0.0	0.0	0.0	0.0	0.0	0.0	0.0	0.0	0.0	0.0	0.0	0.0	0.0	0.0	0.0	0.0	0.0	0.0	0.0	0.0	0.0	0.0	0.0	0.0	0.0	0.0	0.0	0.0	0.0	0.0	0.0	0.0	0.0	0.0	0.0	0.0	0.0	0.0	0.0	0.0	0.0	0.0	0.0	0.0	0.0	0.0	0.0	0.0	0.0	0.0	0.0	0.0	0.0	0.0	0.0	0.0	0.0	0.0	0.0	0.0	0.0	0.0	0.0	0.0	0.0	0.0	0.0	0.0	0.0	0.0	0.0	0.0	0.0	0.0	0.0	0.0	0.0	0.0	0.0	0.0	0.0	0.0	0.0	0.0	0.0	0.0	0.0	0.0	0.0
IDO1-205	ENST00000521480.1	0.0	0.0	0.0	0.6229	0.0	0.0	0.0	0.0	0.0	0.0	0.0	0.0	0.0	0.0	0.0	0.0	0.0	0.0	0.0	0.0	0.0	0.0	0.0	0.0	0.0	0.0	0.0	0.0	0.0	0.0	0.0	0.0	0.0	0.0	0.0	0.0	0.0	0.0	1.0	0.0	0.0	0.0	0.0	0.0	0.0	0.0	0.0	0.0	0.0	0.0	0.0	0.0	0.0	0.0	0.0	0.0	0.0	0.0	0.0	0.0	0.0	0.0	0.0	0.0	0.0	0.0	0.0	0.0	0.0	0.0	0.0	0.0	0.0	0.0	0.0	0.0	0.0	0.0	0.0	0.0	0.0	0.0	0.0	0.0	0.0	0.0	0.0	0.0	0.0	0.0	0.0	0.0	0.0	0.0	0.0	0.0	0.0	0.0	0.0	0.0	0.0	0.0	0.0	0.0	0.0	0.0	0.0	0.0	0.0	0.0	0.0	0.0	0.0	0.0	0.0	0.0	0.0	0.0	0.0	0.0	0.0	0.0	0.0	0.0	0.0	0.0	0.0	0.0	0.0	0.0	0.0	0.0	0.0	0.0	1.0	0.0	0.0	0.0	0.0	0.0	0.0	0.0	0.0	0.0	0.0	0.0	0.0	0.0	0.0	0.0	0.0	0.0	0.0	0.0	0.0	0.0	0.0	0.0	0.0	0.0	0.0	0.0	0.0	0.0	0.0	0.0	1.0	0.0	0.0	0.0	0.0	0.0	0.0
IDO1-206	ENST00000521636.1	0.0	0.0	0.0	0.0	0.0	0.0	0.0	0.0	0.0	0.0	0.0	0.0	0.0	0.0	0.0	0.0	0.0	0.0	1.0	0.0	0.0	0.0	0.4957	0.0	1.585	0.0	0.0	1.585	0.0	0.4114	0.0	0.0	1.0	0.0	0.8718	0.0	0.0	0.0	0.0	0.0	0.0	0.0	0.0	0.0	0.0	0.0	0.0	0.0	0.0	0.0	0.0	0.0	0.0	0.0	0.0	0.0	0.0	1.0	0.0	0.0	0.0	0.0	0.0	0.0	0.0	0.0	0.0	0.0	0.3674	1.0	0.774	0.0	0.0	0.0	0.0	1.0	0.0	0.0	0.0	0.0	0.0	0.0	0.0	0.0	0.0	0.0	0.0	0.0	0.0	0.0	0.0	0.0	0.0	0.0	1.0566	0.0	0.0	0.0	0.0	1.585	0.0	0.0	0.0	0.0	0.0	1.0	0.0	0.0	0.0	1.6088	0.0	0.0	0.0	0.0	0.0	0.0	0.0	1.9709	0.0	0.0	0.0	0.0	0.0	0.0	1.5008	0.0	1.3277	0.0	1.0	0.0	0.0	0.0	0.0	0.0	0.0	0.0	0.0	0.0	0.0	1.585	0.0	0.0	0.0	1.0	0.0	0.0	2.8074	0.0	0.0	0.0	0.0	0.0	0.0	0.0	0.0	1.0	0.0	0.0	0.0	0.0	0.0	0.0	0.0	0.0	0.0	0.0	0.0	0.0	0.546	0.0	0.0	0.0	0.0
IDO1-207	ENST00000522495.5	0.0	0.0	0.0	0.0	0.0	0.0	0.0	0.0	0.0	0.0	0.0	0.0	0.0	0.0	2.8074	0.0	0.0	0.0	0.0	3.1699	0.0	0.0	1.373	0.0	0.0	6.4757	0.0	0.0	0.0	2.5033	0.0	0.0	0.0	0.0	2.06	1.2141	5.3677	0.0	4.3688	0.0	0.0	0.0	0.0	0.0	0.0	0.0	0.0	0.0	2.3785	2.26	0.0	2.3016	0.0	4.2906	0.0	0.0	0.0	0.0	0.0	0.0	0.0	0.0	0.0	0.0	0.0	0.0	0.0	0.0	2.5084	0.0	6.5062	0.0	0.0	0.0	0.0	0.0	0.0	0.0	0.0	0.0	0.0	0.0	0.0	3.4594	0.0	0.0	0.0	0.0	0.0	0.0	0.0	0.0	0.0	6.0	4.6076	0.0	0.0	0.0	0.0	0.0	0.0	0.0	0.0	0.0	0.0	0.0	0.0	0.0	6.1276	4.0418	0.0	0.0	3.4777	0.0	0.0	0.0	0.0	5.8372	0.0	3.4542	1.0	0.0	0.0	1.585	1.1177	0.0	0.0	0.0	0.0	0.0	4.5503	0.0	0.0	0.0	0.0	0.0	0.0	0.0	0.0	0.0	0.0	0.0	0.0	0.0	0.0	0.0	0.0	2.2898	1.585	6.2847	0.0	0.0	0.0	0.0	0.0	0.0	0.0	0.0	0.0	0.0	0.0	0.0	0.0	0.0	5.5966	0.0	0.0	0.0	1.3448	2.9011	1.585	0.0	0.0
IDO1-208	ENST00000522840.1	0.0	0.0	0.0	0.0	0.0	0.0	0.0	0.0	0.0	0.0	0.0	0.0	0.0	0.0	0.0	0.0	0.0	0.0	0.0	0.0	0.0	0.0	0.0	0.0	0.0	0.0	0.0	0.0	0.0	0.0	0.0	0.0	0.0	0.0	0.0	0.0	0.0	0.0	0.0	0.0	0.0	0.0	0.0	0.0	0.0	0.0	0.0	0.0	0.0	0.0	0.0	0.0	0.0	0.0	0.0	0.0	0.0	0.0	0.0	0.0	0.0	0.0	0.0	0.0	0.0	0.0	0.0	0.0	0.0	0.0	0.0	0.0	0.0	0.0	0.0	0.0	0.0	0.0	0.0	0.0	0.0	0.0	0.0	0.0	0.0	0.0	0.0	0.0	0.0	0.0	0.0	0.0	0.0	0.0	0.0	0.0	0.0	0.0	0.0	0.0	0.0	0.0	0.0	0.0	0.0	0.0	0.0	0.0	0.0	0.0	0.0	0.0	0.0	0.0	0.0	1.3951	0.0	0.0	0.0	0.0	0.0	0.0	0.0	0.0	0.0	0.0	0.0	0.0	0.0	0.0	0.0	0.0	0.0	0.0	0.0	0.0	1.0	0.0	0.0	0.0	0.0	0.0	0.0	0.0	0.0	0.0	0.0	0.0	0.0	1.848	0.0	0.0	0.0	0.0	0.0	0.0	0.0	0.0	0.0	0.0	0.0	0.0	0.0	0.0	0.0	0.0	0.0	0.0	0.0	0.0	0.0	0.0	0.0
IDO1-209	ENST00000523779.1	0.0	0.0	0.0	0.0	0.0	0.0	0.0	0.0	0.0	0.0	0.0	0.0	1.0	0.0	0.0	0.0	0.0	0.0	0.0	0.0	0.0	0.0	0.0	0.0	1.585	0.0	0.0	0.0	1.0	0.0	1.0	0.0	0.0	0.0	0.0	0.7485	2.9982	0.0	0.856	0.0	0.0	0.0	0.0	0.0	0.0	0.0	0.0	0.0	0.9928	0.275	1.0	1.6182	0.0	0.9107	0.7049	0.0	0.0	0.0	0.0	0.0	0.0	0.0	0.0	0.0	1.8679	0.0	0.0	0.0	1.0144	0.0	2.6369	0.0	0.0	0.0	0.0	1.585	0.0	0.0	0.0	0.0	0.0	0.0	0.0	0.0	0.0	0.0	0.0	0.0	0.0	0.0	0.0	1.585	0.0	0.0	0.0	0.0	0.0	0.0	0.0	0.0	0.0	0.0	0.0	0.0	0.0	0.0	0.7137	0.0	0.0	1.774	0.0	0.0	0.9635	1.189	0.0	0.7398	0.0	0.0	0.0	1.0286	0.0	0.0	0.0	0.0	0.0	0.0	0.0	0.0	1.0	0.0	2.7159	0.0	0.0	0.0	0.0	0.0	0.0	0.0	0.0	0.0	0.4751	0.0	0.0	0.0	0.0	0.0	0.0	1.6369	0.0	0.0	1.0	0.0	0.0	0.0	1.774	1.0	0.0	0.0	0.0	0.0	0.0	0.0	0.0	0.0	0.0	0.0	0.0	0.0	0.0	1.251	0.0	0.0	0.0
IL10-201	ENST00000367099.3	0.0	0.0	0.0	0.0	0.0	0.0	0.0	6.1108	0.0	2.511	0.0	1.0	0.0	0.0	0.0	0.0	0.0	0.0	3.2645	0.0	0.0	0.0	0.0	0.0	3.3219	0.0	1.4594	2.5236	2.7698	1.5558	0.0	0.0	0.0	0.0	0.0	0.0	0.0	0.0	1.7698	0.0	0.0	0.0	0.0	0.0	0.0	0.0	0.0	0.0	0.0	0.0	0.0	0.0	1.7485	0.0	0.0	0.0	0.0	0.0	1.0	0.0	1.0	4.7735	0.0	0.0	0.0	0.0	0.0	0.0	0.0	0.0	1.4699	0.0	2.943	0.0	0.0	0.0	1.7398	0.0	5.4783	0.0	0.0	0.0	0.0	0.0	0.0	0.0	0.0	1.0	0.0	0.0	0.0	1.7049	0.0	0.0	0.0	0.0	0.0	4.2273	0.0	1.0	0.0	0.0	1.585	0.0	0.0	0.0	1.4542	0.0	0.0	0.0	1.0	0.0	0.0	1.4594	1.5311	0.0	0.0	0.0	0.0	0.0	0.0	1.585	0.0	5.2806	1.3561	0.0	1.0	0.0	3.466	1.585	0.0	0.0	0.0	0.0	0.0	2.3219	0.0	0.0	0.0	0.0	0.0	0.0	0.0	0.0	0.0	1.7268	0.0	0.0	0.0	0.0	0.0	0.0	0.0	0.0	3.6554	0.0	0.0	0.0	0.0	0.0	0.0	0.0	0.0	0.0	0.0	1.6736	0.0	0.0	0.0	0.0	0.0	0.0	0.0
IL10-202	ENST00000423557.1	4.2479	4.2479	0.0	2.585	0.0	2.8074	2.3219	9.4353	2.0	5.1256	0.0	2.4983	3.4594	2.0	3.1699	5.649	2.3219	0.0	4.7004	3.857	5.4515	3.0	1.585	2.3219	5.7814	3.7004	5.5862	7.2022	6.7491	6.8512	0.0	0.0	2.0	2.585	3.0755	3.3868	2.2016	4.0	4.0	3.7004	4.0	5.4529	2.0	5.1293	2.3219	2.3219	5.9773	0.0	1.0	5.5441	2.0	1.0	4.3219	6.0228	3.2357	5.4594	1.0	2.0	2.8074	0.0	3.1699	8.9617	3.3219	1.585	2.8074	2.0	4.2979	1.0	3.9745	3.1699	5.6153	1.585	7.2706	4.5236	1.0	3.9069	4.2653	3.5644	9.3976	4.0	4.4236	1.585	0.0	0.0	3.0	2.0	3.1699	5.6147	0.0	1.585	2.585	7.0992	1.585	5.3262	1.585	2.0	1.585	7.6808	4.9069	1.585	2.8074	3.1699	4.8963	3.0	1.0	2.0	7.4628	0.0	3.8748	1.585	1.585	4.5236	2.8074	5.7729	7.2346	2.3219	2.0	5.3391	2.1953	3.9069	3.5336	1.0	4.2242	9.4941	4.9855	2.8074	2.3219	2.189	8.8136	4.3923	3.9653	3.4594	1.0	4.7004	0.0	3.8074	0.0	1.585	2.585	0.0	5.1843	3.0	5.3234	3.585	1.0	6.7237	3.0	1.585	1.585	6.2071	3.9069	2.0	5.6439	0.0	9.7542	0.0	2.0	3.0	0.0	2.0	1.585	3.9069	2.3219	1.0	2.0	5.0347	2.8074	2.585	0.0	3.4594	1.585	1.585	1.7866
IL10-203	ENST00000471071.1	0.0	1.585	0.0	0.0	0.0	0.0	0.0	3.7687	0.0	0.4751	0.0	0.433	0.0	0.0	0.0	2.7698	2.3219	0.0	1.7613	1.8115	2.6415	0.0	0.0	0.0	0.0	0.0	2.0772	2.9982	2.7247	3.406	0.0	0.0	0.0	0.0	1.3618	1.3448	0.4854	0.0	1.373	1.0	0.0	3.0356	0.0	0.0	0.0	0.0	0.0	1.0	0.0	2.1177	0.0	0.0	0.7137	1.9928	2.4803	0.0	1.0	0.0	0.0	0.0	0.0	5.3248	1.0	0.0	0.0	0.0	1.2203	0.0	2.4005	1.0	3.0374	0.0	2.7887	0.0	0.0	0.0	2.6848	1.1177	3.9001	0.0	2.1827	0.0	0.0	0.0	0.0	0.0	1.0	0.0	0.0	0.0	0.0	2.9317	0.0	2.5558	0.0	0.0	1.0	4.3978	1.0	0.0	0.0	0.0	1.1506	0.0	0.0	0.0	0.8797	0.0	2.4141	0.0	0.0	1.585	1.0	3.4019	2.9088	1.0	0.0	2.9107	0.5059	1.0	1.275	0.0	1.2079	0.0	2.757	1.0	0.0	0.5261	5.4915	0.0	1.251	0.0	0.0	1.0	0.0	0.0	2.0	0.0	0.0	0.0	1.4005	1.585	1.9855	0.0	0.0	0.0	0.0	0.0	0.0	3.8197	2.0	0.0	0.0	0.0	4.3089	1.0	1.0	1.0	0.0	0.0	1.0	0.0	1.0	1.0	0.0	0.0426	0.0	0.0	0.0	0.0	0.0	0.0	0.6323
LGALS3-201	ENST00000254301.13	10.487	10.4896	4.8344	8.6237	7.3001	9.8293	5.7965	10.7463	5.527	9.889	10.9011	8.0767	9.2489	6.6683	2.9449	7.8608	4.4861	9.9204	8.5198	10.8668	10.9679	10.0108	8.2719	6.6336	11.2603	8.3976	10.5488	11.0131	11.243	9.9208	3.7677	7.2153	11.2524	8.9206	7.6685	6.3237	7.1514	9.0507	8.0683	9.009	7.6323	11.385	7.2638	10.0306	0.0	10.1888	8.3668	5.111	6.9832	8.1454	9.3128	7.4587	6.3754	9.8091	11.604	7.4315	8.6716	6.4479	9.2727	7.7802	5.4663	11.5028	5.3226	6.3677	5.0644	4.8555	8.6797	3.9288	8.3679	9.2078	8.0901	6.4989	9.8771	5.1461	4.2126	5.5732	8.3938	8.2046	6.0177	8.6453	11.2904	8.9046	4.7803	7.0214	8.4048	7.4349	8.6128	7.4899	6.5159	5.0063	4.7436	8.5223	11.3003	9.0574	7.4012	0.0	7.4424	8.9141	10.6345	8.1807	7.5261	3.4803	3.861	10.0695	9.2852	10.2419	8.8665	4.7929	7.5988	7.2239	7.3083	11.1739	9.7774	10.1321	9.7679	7.8729	6.0319	9.392	4.8435	7.888	7.1976	8.5284	7.9156	7.6125	8.6024	10.6062	8.3711	6.1817	9.2195	9.4847	4.4236	10.8471	4.7918	8.4132	4.9941	10.3424	4.3923	8.1569	11.8421	8.281	10.0484	9.0552	10.355	5.3709	6.0385	11.0854	8.0958	7.473	7.7379	12.2454	5.7436	4.6439	11.3162	6.4391	11.9186	5.7401	6.7787	7.5643	2.8914	11.1357	8.3098	8.7098	9.8805	8.9449	6.6604	7.6837	7.7758	4.5741	6.6286	7.9379	6.1813	0.0	7.8046
LGALS3-202	ENST00000553493.5	0.0	0.0	0.0	0.0	0.0	0.0	0.0	0.0	0.0	0.0	0.0	0.0	0.0	0.0	0.0	0.0	0.0	0.0	0.0	0.0	0.0	0.0	0.0	0.0	0.0	0.0	0.0	0.0	0.0	0.0	0.0	0.0	0.0	0.0	0.0	0.0	0.0	0.0	0.0	0.0	0.0	0.0	0.0	0.0	0.0	0.0	0.0	0.0	0.0	0.0	0.0	0.0	0.0	0.0	0.0	0.0	0.0	0.0	0.0	0.0	0.0	0.0	0.0	0.0	0.0	0.0	0.0	0.0	0.0	0.0	0.0	0.0	0.0	0.0	0.0	0.0	0.0	0.0	0.0	0.0	0.0	0.0	0.0	0.0	0.0	0.0	0.0	0.0	0.0	0.0	0.0	0.0	0.0	0.0	0.0	0.0	0.0	0.0	0.0	0.0	0.0	0.0	0.0	0.0	0.0	0.0	0.0	0.0	0.0	0.0	0.0	0.0	0.0	0.0	0.0	0.0	0.0	0.0	0.0	0.0	0.0	0.0	0.0	0.0	0.0	0.0	0.0	0.0	0.0	0.0	0.0	0.0	0.0	0.0	0.0	0.0	0.0	0.0	0.0	0.0	0.0	0.0	0.0	0.0	0.0	0.0	0.0	0.0	0.0	0.0	0.0	0.0	0.0	0.0	0.0	0.0	0.0	0.0	0.0	0.0	0.0	0.0	0.0	0.0	0.0	0.0	0.0	0.0	0.0	0.0	0.0	0.0	0.0
LGALS3-203	ENST00000553755.5	0.0	3.5765	0.0	2.8972	0.0	6.8485	0.0	4.985	0.0	2.7355	2.1309	0.0	2.0942	0.0	0.9635	0.0	2.8379	0.0	0.0	4.8728	3.5385	3.5595	0.0	0.0	4.9887	0.0	2.6439	2.5311	4.6599	3.6949	0.0	0.0	8.785	1.926	2.8217	2.0356	0.0	2.5729	0.0	2.3785	2.7268	5.6747	0.0	2.3391	0.0	2.6276	3.1326	0.0	0.0	2.6938	3.991	0.0	0.0	3.1177	6.194	1.774	2.2479	0.0	0.0	2.2203	3.0356	5.0303	2.844	0.0	0.0	0.0	2.2357	0.0	3.1243	2.7655	2.6041	0.0	3.1342	1.8639	0.0	0.0	0.0	4.1027	3.7655	0.0	4.4087	2.585	0.0	0.0	3.6837	0.0	0.0	0.0	0.0	0.0	3.0875	0.0	6.1469	4.4026	0.0	0.0	2.4515	0.0	3.5185	0.0	4.6317	0.0	3.4249	0.0	0.0	3.9136	2.7887	0.0	2.9782	0.0	0.696	7.1586	1.7866	0.0	3.5336	4.337	0.0	5.504	0.0	0.0	0.0	3.0108	4.0045	0.0	3.7268	5.2604	0.0	0.0	8.1038	2.8379	0.0	6.0188	1.4647	1.585	0.0	2.1043	0.0	0.0	5.5245	2.7592	3.488	0.0	3.8369	0.0	0.0	2.4906	0.0	4.9519	2.1243	4.7197	1.3896	0.0	1.8639	0.2987	4.9537	0.0	0.0	3.7442	0.0	4.7109	0.0	3.3448	4.2608	2.281	0.0	0.0	0.0	0.0	0.0	3.275	0.0	0.0	4.0832
LGALS3-204	ENST00000554715.1	0.0	2.9819	1.6088	0.0	0.0	0.0	0.0	2.797	0.0	0.0	0.0	0.0	2.8758	1.7949	1.8679	0.0	0.0	0.0	0.0	2.6392	0.0	0.0	2.144	0.0	0.0	2.4725	3.4155	2.5729	3.861	1.7312	2.6017	0.0	3.0925	0.0	0.0	1.8953	0.0	0.0	0.0	2.5945	1.4854	2.7592	0.0	2.8875	0.0	0.0	3.0339	0.0	1.7268	0.0	1.856	0.0	0.0	0.0	3.8248	0.0	2.8639	1.9184	0.0	0.0	2.1077	1.9222	0.0	2.269	0.0	0.0	2.854	0.0	0.0	0.0	0.0	0.0	3.2957	2.8895	2.2479	2.7719	0.0	0.0	2.0772	0.0	2.5729	0.0	0.0	0.0	2.5656	0.0	0.0	1.7824	0.0	0.0	0.0	0.0	3.4289	0.0	0.0	1.3505	0.0	0.0	0.0	1.4383	0.0	1.9819	0.0	3.8146	2.6915	1.9411	0.0	0.0	0.0	4.1342	0.0	2.0461	0.0	2.1538	2.7527	1.9598	0.0	1.9146	0.0	2.0215	1.9964	0.0	0.0	2.1375	1.926	2.7159	0.0	0.0	2.5135	1.848	0.0	3.0875	1.4168	1.4005	2.6915	0.0	0.0	3.7698	0.0	0.0	2.441	0.0	0.0	0.0	1.4906	0.0	0.0	0.0	2.263	2.4957	0.0	0.0	2.2141	0.0	2.856	0.0	2.6599	0.0	1.275	3.6758	2.0179	0.0	1.9107	0.0	2.2327	2.0461	1.7312	0.0	0.0	1.774	1.7698	1.5509	0.0
LGALS3-205	ENST00000556263.1	0.0	1.2327	0.0	0.0	0.0	2.8012	0.0	0.0	0.0	1.3334	4.756	1.4005	0.0	0.0	0.0	0.0	0.0	1.275	0.0	0.0	0.0	0.0	1.5558	0.0	1.3618	1.8639	3.4356	2.0635	2.1506	0.0	0.0	0.0	3.5692	1.1506	0.0	0.0	1.2388	1.4114	0.0	0.0	0.0	2.8115	0.0	0.0	0.0	0.0	0.0	0.0	0.0	1.281	2.2449	1.433	0.0	0.0	2.3074	1.696	0.0	1.3785	1.5898	1.5656	0.0	2.2048	0.0	0.0	0.0	0.0	0.0	0.0	0.0	0.0	1.3785	0.0	1.4699	0.0	1.281	2.5729	0.0	0.0	0.0	0.0	0.0	0.0	0.0	0.0	1.4005	1.5898	0.0	1.2265	0.0	1.4489	0.0	0.0	1.516	0.0	2.1667	0.0	0.0	1.4005	1.157	0.0	0.0	1.189	0.0	1.3674	1.373	1.546	0.0	0.0	0.0	0.0	1.546	2.3363	1.189	0.0	0.0	0.0	0.0	0.0	1.3103	0.0	0.0	0.0	1.9449	1.5211	0.0	1.4114	1.4489	1.2928	2.6758	1.5656	0.0	1.406	1.0909	1.111	1.757	1.157	0.0	0.0	0.0	0.0	1.251	0.0	0.0	0.0	0.0	0.0	0.0	3.257	0.0	0.0	1.9069	0.0	0.0	0.0	1.8758	1.3896	1.3045	0.0	0.0	3.6135	0.0	0.0	0.0	0.0	0.0	1.3045	0.0	0.0	0.0	0.0	0.0	0.0	1.541
LGALS3-206	ENST00000556322.1	0.0	0.0	0.0	0.0	0.0	0.0	0.0	0.0	0.0	0.0	0.0	0.0	0.0	0.0	0.0	0.0	0.0	0.0	0.0	1.7866	0.0	0.0	0.0	0.0	0.0	0.0	0.0	0.0	0.0	2.3132	0.0	0.0	2.7485	0.0	0.0	0.0	0.0	0.0	0.0	0.0	0.0	0.0	0.0	0.0	0.0	0.0	0.0	0.0	0.0	0.0	0.0	0.0	1.6369	0.0	2.9203	0.0	0.0	0.0	0.0	0.0	0.0	1.856	0.0	0.0	0.0	0.0	0.0	0.0	0.0	0.0	0.0	0.0	0.0	0.0	0.0	0.0	0.0	0.0	0.0	0.0	0.0	0.0	0.0	0.0	0.0	0.0	0.0	0.0	0.0	0.0	0.0	0.0	0.0	0.0	0.0	0.0	0.0	0.0	0.0	0.0	0.0	0.0	0.0	0.0	0.0	1.9928	0.0	0.0	0.0	0.0	0.0	0.0	0.0	0.0	0.0	2.0391	0.0	0.0	0.0	0.0	0.0	0.0	0.0	0.0	0.0	1.8032	0.0	0.0	4.6798	0.0	0.0	0.0	0.0	0.0	0.0	0.0	0.0	0.0	0.0	0.0	0.0	0.0	0.0	0.0	0.0	2.6645	0.0	2.8319	0.0	0.0	0.0	0.0	0.0	0.0	0.0	0.0	0.0	0.0	0.0	0.0	0.0	0.0	0.0	0.0	0.0	0.0	0.0	0.0	0.0	0.0	0.0	0.0	0.0
LGALS3-207	ENST00000556438.6	8.1389	8.711	5.712	7.0884	4.278	7.6004	4.5497	8.4333	4.6375	8.0372	7.5942	6.2739	7.8763	4.2342	3.5497	5.7695	4.2048	7.2624	5.3565	8.251	8.1416	7.5587	5.7957	4.6843	8.2325	7.7521	8.3765	8.3237	9.0444	7.6033	4.7181	6.7334	9.1505	6.7195	6.1995	6.477	5.845	6.211	6.2401	6.6375	6.7438	8.3426	4.8237	8.1222	3.4594	7.1358	7.2941	4.281	4.915	6.9183	7.8995	5.1043	6.1266	6.1544	8.9434	5.1583	7.688	5.709	6.9597	4.6177	6.464	8.6353	5.5484	4.6781	4.9326	4.7032	7.6294	2.5286	6.3913	6.1673	6.44	6.6943	7.1923	4.6747	5.5008	6.4692	6.0146	5.5789	4.9722	6.5486	8.7388	7.0084	4.0461	4.4653	6.7903	6.5694	7.2995	5.6568	4.4256	4.2578	5.6355	6.705	8.5723	6.9433	5.9418	5.0201	5.4466	6.3027	8.2605	7.5632	4.852	5.0704	4.1481	7.1581	7.0339	7.4372	6.4975	1.7137	6.2145	6.9652	5.3913	7.8796	7.0624	7.5876	7.2651	7.1434	4.2149	7.7281	5.667	6.0016	5.9823	6.6251	6.5645	5.5552	5.5011	8.9548	6.4124	6.0868	7.4841	6.9639	2.4699	7.8641	6.3707	6.6765	2.8639	7.8343	1.585	6.8449	8.4669	7.4108	8.039	7.9544	7.833	3.6576	6.6215	7.8081	6.9936	6.1024	6.6636	9.0094	5.7562	0.0	8.6034	0.0	9.0605	4.8043	6.5454	6.4811	5.0072	9.1052	7.2633	6.602	7.5276	7.3248	5.2536	6.975	5.5401	5.1771	5.5251	6.2793	5.4601	5.4941	5.9674
LRRC32-201	ENST00000260061.9	4.5856	2.0	2.585	3.5008	1.585	5.4253	2.926	3.6656	0.0	4.7004	3.4594	4.6439	6.4594	4.4725	2.101	5.4848	2.3219	3.4594	6.29	4.0321	3.1457	4.4594	4.858	0.0	2.1985	0.0	0.0	4.0514	1.0	5.4679	5.6619	3.1309	3.1587	1.5211	4.588	4.0	3.0	3.266	4.7317	0.0	3.4555	0.0	0.0	4.6392	0.0	5.7087	7.0408	2.8074	9.3799	4.0832	4.4195	2.0	4.2585	9.517	0.0	2.9222	4.3125	3.1408	3.8074	4.7004	5.9281	5.191	1.0	2.585	3.4594	0.0	7.8654	0.0	1.585	0.0	7.9555	4.4555	5.1223	5.1056	0.0	3.1375	1.7527	5.4222	3.0	1.585	3.1699	3.3176	5.79	4.7544	0.0	5.4604	7.776	3.441	3.3103	0.0	4.2615	5.541	2.5729	4.1699	4.0875	3.5122	0.0	3.5097	2.8074	2.3219	2.1309	2.6346	3.1408	0.0	3.4594	3.3161	5.0875	0.0	6.4024	3.1457	2.6346	4.2713	2.585	7.4735	5.5056	2.6369	0.0	9.8054	4.5993	5.4886	6.1983	2.0	1.9222	3.7485	3.1424	4.7581	4.5981	4.3854	6.6515	0.0	0.0	2.111	4.3132	4.8074	4.0435	6.2928	2.0976	6.9506	4.585	5.9773	3.5173	5.2273	4.5466	2.6276	3.1326	1.84	6.6602	0.0	5.8329	4.235	5.1322	3.1699	6.0925	5.6061	6.3219	1.757	3.1424	4.0	0.0	0.0	4.8856	4.7581	0.0	1.852	3.228	6.8202	2.9467	4.2935	0.0	4.8836	3.7004	1.1177	5.7082
LRRC32-202	ENST00000404995.5	0.0	0.0	0.0	0.4222	0.0	1.511	0.0	3.8904	2.1506	0.0	0.0	0.0	0.0	0.0	0.0	0.0	0.0	0.0	4.8694	0.0	1.1043	0.0	0.0	1.0	0.0	0.0	2.5945	2.4383	0.0	0.0	1.2449	3.26	0.6323	3.1906	2.3074	0.0	0.0	2.568	0.0	1.585	0.0	3.4944	0.0	0.0	2.0	3.4195	0.0	0.0	5.3107	2.9819	3.7431	0.0	0.7485	5.7374	1.585	0.0	2.0461	1.669	0.0	0.0	1.269	0.0	0.0	0.0	0.0	0.0	4.6305	0.0	0.0	0.0	5.0942	3.5373	2.4906	0.0	1.0	3.373	0.0	3.3103	0.0	0.0	0.0	0.0	1.0215	3.7814	0.0	0.0	0.0	0.0	0.0	0.0	4.0144	0.0	2.7004	0.0	0.0	0.9184	0.0	1.4005	0.0	0.0	3.3248	1.6554	1.541	2.1985	0.0	0.0	0.0	1.0	4.5862	1.0286	0.0566	1.5753	0.0	5.6803	0.0	1.8992	1.8278	6.6629	0.0	0.1506	0.0	0.0	2.4276	4.8379	2.7463	2.6276	0.0	0.0	4.4899	0.0	1.111	0.0	0.0	0.0	3.3937	3.1043	0.0	3.3771	0.0	0.0	0.6508	0.0	0.0	0.433	2.2203	1.275	0.0	0.251	0.0	0.0	2.8278	0.0	0.0	0.0	0.0	0.0	0.3448	0.0	2.0909	1.1375	2.6041	0.0	0.0	1.6088	2.9317	3.4594	0.0	2.8639	1.0	4.1276	0.0	0.0	0.0
LRRC32-203	ENST00000407242.6	0.0	0.0	0.0	0.0	0.0	0.0	0.0	0.0	0.0	0.0	0.0	0.0	0.0	0.0	0.0	6.4131	0.0	0.0	0.0	0.0	0.0	0.0	0.0	0.0	0.0	4.582	4.8053	0.0	0.0	4.4548	0.0	0.0	0.0	0.0	0.0	0.0	0.0	3.0303	0.0	0.0	0.0	5.076	0.0	0.0	0.0	0.0	4.2578	0.0	4.5273	0.0	4.1457	0.0	0.0	0.0	0.0	0.0	0.0	0.0	0.0	0.0	0.0	0.0	0.0	0.0	0.0	0.0	7.7095	0.0	0.0	0.0	7.176	3.8217	0.0	0.0	0.0	0.0	0.0	0.0	0.0	0.0	0.0	0.0	0.0	0.0	3.1293	4.4575	4.2987	0.0	0.0	0.0	0.0	0.0	0.0	0.0	0.0	0.0	0.0	0.0	0.0	0.0	3.7655	0.0	0.0	0.0	0.0	0.0	0.0	0.0	0.0	0.0	0.0	0.0	0.0	0.0	0.0	0.0	2.06	4.6433	0.0	0.0	0.0	0.0	5.3519	5.3561	0.0	0.0	0.0	0.0	0.0	0.0	0.0	0.0	0.0	0.0	0.0	0.0	0.0	4.9964	0.0	0.0	0.0	0.0	0.0	0.0	0.0	0.0	0.0	4.9805	0.0	0.0	0.0	0.0	0.0	0.0	0.0	0.0	0.0	0.0	4.7409	0.0	4.3477	4.5329	0.0	0.0	0.0	0.0	0.0	0.0	0.0	0.0	0.0	0.0	0.0
LRRC32-204	ENST00000421973.1	0.0	0.0	0.0	1.2327	0.0	0.0	0.0	0.0	0.0	0.0	0.0	0.0	0.0	0.0	1.0	0.0	0.0	0.0	0.0	0.0	0.0	0.0	0.0	1.0	0.4957	0.0	0.0	0.0	0.0	0.0	0.0	0.0	1.8197	0.0	0.0	0.0	0.0	0.7908	0.0	0.0	0.0	0.0	0.0	0.111	0.0	0.0	0.0	0.0	0.0	0.2016	0.6041	0.0	0.0	0.0	0.0	0.1506	0.0	0.0	0.0	0.0	0.0	0.0	0.0	0.0	0.0	0.0	0.0	0.0	0.0	0.0	0.0	0.0	0.0	0.0	0.0	0.4005	0.7049	0.0	0.0	0.0	0.0	0.0	0.0	0.0	0.0	0.0	1.6462	0.0	0.0	0.0	0.0	0.0	0.0	0.0	0.0	0.0	0.0	1.9891	0.0	0.0	0.0	0.7049	0.3448	0.0	0.0	0.0	0.0	0.0	0.0	0.0	0.3448	0.0	0.0	0.0	2.4777	0.0	1.189	0.0	0.0	0.0	0.0	0.0	0.0	0.0	1.1763	0.0	0.0	0.0	0.0	0.0	0.0	0.0	0.0	0.0	0.0	0.0	0.0	0.0	0.0	0.0	0.0	1.3448	0.0	0.0841	0.0	0.0	0.0	2.0875	0.0	0.0	0.8639	0.0	0.0	0.0	0.0	1.3896	0.7655	0.0	0.0	0.0	0.0	1.263	0.0	0.0	0.0	0.0	0.0	0.0	0.0	0.0	0.0	1.5008	0.0
LRRC32-205	ENST00000464145.1	3.3205	0.0	0.0	0.0	0.0	2.3702	0.4854	2.1635	0.6415	0.0	0.0	0.0	0.0	0.848	0.774	0.0	0.0	0.0	1.3334	0.7137	0.0	0.0	0.0	0.0	0.0	1.0356	0.0	0.0	0.0	0.848	0.0	1.406	0.0	0.0	0.0	0.0	0.0	1.3448	0.516	0.0	2.3306	0.0	0.0	0.0	0.0	0.0	2.848	0.0	0.0	0.0	0.0	0.0	0.2388	0.0	0.0	2.8699	0.0	0.0	0.0	0.0	1.8914	1.7949	0.0	0.0	0.0	1.0	4.7934	0.0	0.0	0.0	0.0	0.3896	1.8278	0.6508	0.0	0.6041	0.0	0.263	0.0	0.0	0.0	0.0426	2.4957	2.3923	0.3219	0.0	0.0	1.0976	0.111	0.0	0.7225	1.2869	1.8278	0.0	0.0	0.7655	0.0	0.0	0.0	0.0	0.0	0.0	0.0	0.4957	0.0	0.0566	0.0	0.0	2.1342	0.1506	0.5656	0.774	0.0	0.0	0.0	1.0286	0.0	2.7887	0.8156	1.5801	0.6508	0.0	0.0	0.0	1.1375	0.8156	0.8319	0.1375	0.0	0.0	0.8797	0.7485	0.1635	0.0	0.0	0.0	0.7824	0.0	0.0	0.0	0.9855	0.0	1.3951	0.5059	0.6508	0.0	3.568	0.0	0.0	1.6645	0.0	0.0	1.4647	3.3632	0.0	0.0	0.251	0.0	0.0	0.848	0.0	0.4647	0.0	1.2265	0.0	0.0	0.3674	0.1506	0.0	0.0	0.0	0.0	1.4436
PDCD1LG2-201	ENST00000397747.4	0.0	4.1699	3.585	3.3219	0.0	3.4594	0.0	3.585	2.585	4.1699	5.2854	3.7004	3.4594	3.3219	3.0	3.3219	4.1699	2.3219	3.8074	4.585	3.3219	2.0	4.3219	3.0	2.3219	2.3219	3.0	5.0875	4.858	5.5236	3.585	2.3219	1.585	4.9542	5.2479	3.1699	3.1699	3.3219	4.3219	3.3219	4.3923	4.858	3.3219	4.3219	5.0444	3.1699	5.0875	3.0	4.4594	5.6147	3.0	2.3219	3.1699	6.2288	4.3923	3.3219	4.585	3.1699	3.585	3.0	3.4594	4.8074	2.0	2.0	2.3219	0.0	3.9069	3.0	3.4594	3.3219	5.2479	2.0	3.8074	1.585	2.0	3.3219	2.8074	4.7004	4.3923	3.0	4.6439	4.3923	2.0	3.4594	1.0	2.8074	4.8074	5.2095	0.0	2.3219	2.585	1.0	1.585	3.4594	4.4594	4.0	3.1699	4.7549	4.0	3.7004	4.5236	2.0	2.8074	5.7549	3.0	3.3219	5.2095	2.585	2.8074	4.5236	1.585	5.1293	3.7004	5.8074	4.8074	2.8074	2.585	6.5392	3.585	3.585	2.3219	3.3219	3.0	2.0	4.1699	3.585	4.858	3.0	2.8074	3.4594	4.7549	5.7814	5.0875	1.0	2.3219	4.8074	3.1699	2.585	5.0444	4.9069	4.4594	1.585	6.0	3.8074	1.0	1.585	4.7004	0.0	3.0	8.3219	5.0875	2.0	4.5236	3.3219	7.0	4.5236	2.585	3.3219	3.7004	2.8074	5.0	5.3923	1.585	3.9069	2.8074	3.8074	4.0875	4.2479	1.0	5.8329	2.3219	1.0	2.8074
SIGLEC15-201	ENST00000389474.7	0.0	0.0	0.0	2.2048	1.5261	4.5564	0.0	3.211	0.0	3.1587	0.0	2.06	2.511	1.3448	0.0	0.0	0.0	4.8972	2.5385	2.144	0.0	2.3448	4.1961	0.0	0.0	0.0	0.0	3.6311	0.0	0.0	2.729	0.0	5.709	0.0	3.5072	3.3219	4.1946	3.5981	0.0	3.0875	0.0	5.1506	0.0	3.4436	0.0	4.9463	0.0	3.5211	4.9639	2.3363	0.0	4.0	1.546	2.251	0.0	0.0	0.0	0.0	4.0505	2.8914	2.1603	2.8094	4.366	2.6736	1.7049	2.272	0.0	2.3674	0.0	3.757	3.3363	2.3923	3.9269	2.1859	2.3334	4.3001	4.6786	0.0	3.8186	2.4303	0.0	0.0	4.5198	4.8022	0.0	2.797	0.0	1.5059	3.3363	1.7949	0.0	3.7279	3.6462	1.5656	2.488	3.4725	1.8836	4.6171	0.0	0.0	4.1342	2.3248	4.235	5.406	4.1859	3.5862	0.0	2.4777	4.1135	4.7071	3.2839	5.0845	1.4168	3.7334	0.0	0.0	4.0339	2.2203	6.6928	0.0	2.4356	4.3045	2.266	4.3154	0.0	4.0356	3.8053	0.0	4.4535	4.1202	0.0	3.6949	0.0	0.0	2.2265	0.0	0.0	0.0	0.0	1.9222	1.9486	3.3045	2.0942	0.0	2.4673	5.1453	2.742	4.3611	2.121	2.7485	0.0	0.0	2.8258	2.278	2.2296	3.1969	0.0	5.641	4.4731	2.8135	0.0	3.6904	3.4249	3.9791	4.0161	0.0	0.0	3.4449	0.0	1.2141	2.3277	0.0	5.5853
SIGLEC15-202	ENST00000546268.5	3.433	3.0444	0.0	0.0	0.0	3.0233	1.373	2.0909	0.0	3.3505	3.3001	1.9672	2.3505	0.0	0.0	0.0	1.7527	3.211	2.2449	2.5311	1.585	2.8777	3.1309	0.0	2.8953	2.4168	2.7824	3.2327	4.0934	3.6971	3.373	1.3334	0.0	3.0514	0.0	0.0	3.4906	4.6058	1.6276	3.4607	0.0	3.225	2.9542	0.856	1.6462	3.3406	3.5323	3.4222	3.4867	2.281	3.0144	0.0	1.4276	4.5008	1.3448	2.0875	3.0976	2.5286	5.0286	3.1699	3.3519	3.4289	4.0409	2.516	2.9855	0.0	1.0426	3.8699	3.3716	4.9184	4.1562	0.757	1.9449	2.7803	3.2464	1.7049	3.8001	2.6871	0.0	2.4222	3.6837	1.6276	3.4957	4.4046	3.0566	0.0	3.2418	2.5084	4.0798	2.4594	1.1043	2.2928	0.0	2.3306	0.0	1.8074	2.9373	4.5723	1.6415	0.0	3.859	0.0	4.3757	4.5021	4.7463	4.4168	2.6871	3.025	3.1342	3.4803	2.4383	5.3484	2.4983	0.0	1.7613	2.1043	4.5248	0.0	6.0603	3.0652	0.0	3.8298	1.4383	3.9864	3.757	4.4601	0.0	2.4141	2.2898	4.0426	0.0	3.7708	0.0	2.9982	2.2388	2.025	1.0	2.7549	4.6346	0.0	1.8359	2.5059	2.774	1.0704	2.1699	3.6381	2.1342	4.6542	0.0	3.9635	3.8298	0.0	2.7655	1.856	0.0	0.0	2.0875	2.6915	2.4141	2.9837	2.6229	3.8836	2.4957	0.5753	4.1152	1.0	0.0	5.009	2.568	0.0	3.1027	1.0496	4.1723
SIGLEC15-203	ENST00000587418.2	1.6462	0.0	0.0	0.0	0.0	0.0	0.0	0.0	0.0	2.3103	1.1506	1.0	1.1375	0.0	0.0	0.0	0.0	0.0	0.0	0.0	0.0	0.0	1.8914	0.0	0.0	0.0	1.8992	0.0	0.0	1.8156	1.5059	0.0	2.0321	0.0	0.0	0.0	0.0	1.157	1.0566	0.0	2.0	1.384	0.0	2.4542	0.0	0.0	0.0	0.0	2.757	0.0	0.0	0.0	0.0	0.0	1.516	0.0	1.1243	0.0	0.0	0.0	1.157	1.6736	0.0	1.8718	0.0	0.0	0.0	2.0738	0.0	0.0	0.0	0.0	0.0	0.0	0.0	1.406	1.3561	1.1177	0.0	0.0	1.0426	0.0	0.0	0.0	1.2388	0.0	0.0	0.0	1.384	1.157	1.7268	1.2987	0.0	1.2079	0.0	1.6781	0.0	0.0	1.0	1.585	0.0	0.0	0.0	0.0	1.4383	0.0	1.0	0.0	1.263	0.0	0.0	0.0	0.0	1.856	0.0	0.0	0.0	0.0	1.8797	1.263	1.0	0.0	0.0	1.4542	0.0	1.5801	2.4436	0.0	0.0	0.0	1.1699	1.848	0.0	1.0144	0.0	1.6229	1.0	1.1177	0.0	0.0	0.0	0.0	1.926	1.7093	1.0286	0.0	0.0	2.9298	0.0	0.0	0.0	0.0	2.6645	0.0	0.0	0.0	1.0496	0.0	0.0	2.3045	0.0	1.696	0.0	0.0	0.0	0.0	0.0	2.8797	2.3103	1.0	0.0	1.0909	1.3618
SIGLEC15-204	ENST00000593178.2	8.0825	6.5507	5.6439	6.9817	4.0108	6.0076	6.1581	6.2758	3.8074	7.8196	6.3025	5.3544	7.3038	5.0206	3.7004	2.8074	4.8395	7.5541	6.5767	6.6837	6.1293	6.5325	5.8377	3.4594	5.3947	6.5798	5.8079	6.3438	6.832	6.0648	7.8213	5.5072	7.3289	8.004	5.4799	6.5546	6.546	7.918	5.6957	6.2498	4.858	7.2647	7.2597	6.1463	5.353	7.1903	6.0319	5.9955	7.628	5.4947	4.854	6.559	5.1859	6.7495	4.8379	4.8455	6.4906	5.2939	7.5683	6.3677	7.6373	7.1602	8.2284	5.4343	7.168	5.3981	5.4575	7.3989	5.9905	8.2911	6.8462	5.09	6.086	5.7167	5.9416	6.1973	7.882	5.5665	5.6693	7.445	7.1608	5.6982	6.8572	7.3122	6.0727	5.4279	5.7692	5.4419	7.4543	6.5046	5.7692	5.8174	5.7137	6.1839	5.2246	7.4279	6.7635	7.6123	5.5814	5.2479	7.0801	4.8068	5.9404	8.2091	8.0043	7.0809	5.6002	6.0507	7.3355	7.1711	6.9523	8.4524	5.9229	6.4276	4.7871	4.5046	7.7387	4.116	9.2025	6.3439	5.7167	6.1703	5.2917	6.8393	6.2758	7.6251	6.2205	4.682	5.4333	7.1089	4.4429	6.3658	5.8329	7.4979	5.7173	6.6417	3.3219	6.4607	7.1412	6.2329	6.6721	6.6781	6.7427	6.7229	6.6714	8.1455	6.5065	6.5851	6.1012	6.6848	7.4739	4.1699	7.381	6.6939	5.3331	6.5365	5.8748	7.5286	6.7204	6.8471	6.1667	7.2954	6.1623	7.2479	7.0925	3.7004	3.4594	7.8237	6.4775	4.2987	5.6261	6.1252	8.1906
SIGLEC15-205	ENST00000602118.6	0.0	0.0	0.0	0.0	0.0	0.0	0.0	0.0	0.0	0.0	0.0	0.0	0.0	0.0	0.0	0.0	0.0	0.0	0.0	0.0	0.0	0.0	0.0	0.0	2.1667	0.0	1.7485	0.0	0.0	1.8359	0.0	0.0	1.9336	0.0	0.0	0.0	0.0	1.7866	0.0	1.7655	0.0	1.903	0.0	0.0	0.0	0.0	0.0	0.0	0.0	0.0	0.0	0.0	0.0	0.0	0.0	0.0	1.7442	0.0	0.0	0.0	0.0	0.0	0.0	0.0	0.0	0.0	0.0	2.3896	2.025	0.0	0.0	0.0	0.0	0.0	0.0	0.0	0.0	0.0	0.0	0.0	0.0	1.5801	1.5059	0.0	0.0	0.0	0.0	0.0	0.0	0.0	0.0	0.0	0.0	0.0	0.0	0.0	0.0	0.0	0.0	0.0	1.86	0.0	0.0	0.0	2.696	2.0875	1.6088	0.0	0.0	2.2016	0.0	3.0054	0.0	0.0	0.0	0.0	0.0	0.0	0.0	0.0	0.0	0.0	1.2079	0.0	0.0	1.669	0.0	0.0	0.0	2.0321	0.0	2.1144	0.0	0.2987	0.0	0.0	0.0	0.0	0.0	0.0	1.844	2.5922	0.0	0.0	0.0	0.0	0.0	2.2141	0.0	1.4906	0.0	0.0	3.332	0.0	0.0	0.0	0.0	0.0	0.0	0.0	0.0	0.0	0.0	2.5211	0.0	0.0	0.0	0.0	0.0	0.0	0.0	0.0	1.6915
TDO2-201	ENST00000503634.5	0.0	0.0	0.0	0.0	0.0	0.0	0.0	0.0	0.0	0.0	0.0	0.0	0.0	0.0	0.0	0.0	0.0	0.0	0.0	0.0	0.0	0.0	0.0	0.0	0.0	0.0	0.0	0.0	0.0	0.0	0.0	0.0	0.0	0.0	0.0	0.0	0.0	0.0	0.0	0.0	0.0	0.0	0.0	0.0	0.0	0.0	0.0	0.0	0.0	0.0	0.0	0.0	0.0	0.0	0.0	0.0	0.0	0.0	0.0	0.0	0.0	0.0	0.0	0.0	0.0	0.0	0.0	0.0	0.0	0.0	0.0	0.0	0.0	0.0	0.0	0.0	0.0	0.0	0.0	0.0	0.0	1.585	0.0	0.0	0.0	0.0	0.0	0.0	0.0	0.0	0.0	0.0	0.0	0.0	0.0	0.0	0.0	0.0	0.0	0.0	0.0	0.0	0.0	1.0909	1.0	0.0	0.0	0.0	0.0	0.0	1.1043	0.0	0.0	0.0	0.0	0.0	0.0	1.1375	0.0	0.0	0.0	0.0	0.0	0.0	0.0	0.0	0.0	0.0	0.0	0.0	0.0	0.0	0.0	2.0	0.0	0.0	0.0	0.0	0.0	0.0	1.0	0.0	0.0	0.0	0.0	0.0	0.0	0.0	0.0	0.0	0.0	0.0	0.0	0.0	0.0	0.0	0.0	0.0	0.0	0.0	0.0	0.0	0.0	0.0	0.0	0.0	0.0	0.0	0.0	0.0	0.0	0.0	0.0
TDO2-202	ENST00000506072.5	0.0	0.0	0.0	0.0	0.0	0.0	0.0	0.0	0.0	0.0	0.0	0.0	0.0	0.0	0.0	0.0	0.0	0.0	0.0	0.0	0.0	0.0	0.0	0.0	0.0	0.0	0.0	0.0	0.0	0.0	0.0	0.0	0.0	0.0	0.0	0.0	0.0	0.0	0.0	0.0	0.0	0.0	0.0	0.0	0.0	0.0	0.0	0.0	1.5509	0.0	0.0	0.0	0.0	0.0	0.0	0.0	0.0	0.0	0.0	2.4087	0.0	0.0	0.0	0.0	0.0	0.0	0.0	0.0	0.0	0.0	2.2357	0.0	0.0	0.0	0.0	0.0	0.0	0.0	0.0	0.0	0.0	1.757	0.0	0.0	0.0	0.0	0.0	0.0	0.0	0.0	0.0	0.0	0.0	0.0	0.0	1.5008	0.0	0.0	0.0	0.0	0.0	0.0	0.0	0.0	0.0	0.0	0.0	0.0	0.0	0.0	0.0	0.4854	0.0	0.0	0.0	0.0	0.0	0.0	1.5261	0.0	0.0	0.0	0.774	0.0	1.7398	0.0	0.0	0.0	0.0	0.0	0.0	0.0	0.0	2.5484	0.0	0.0	0.0	0.0	0.0	0.0	0.0	0.0	0.0	0.0	0.9184	0.0	0.0	0.0	0.0	0.0	0.0	0.0	0.0	0.0	0.0	0.0	0.0	0.0	0.0	0.0	0.0	0.0	0.0	0.0	0.0	0.0	0.0	0.0	0.0	0.0	0.0	0.0	0.0
TDO2-203	ENST00000506181.5	0.0	0.0	0.0	0.0	0.0	0.0	0.0	0.0	0.0	0.0	0.0	0.0	1.0	0.0	0.0	0.0	0.0	0.0	1.0	0.0	0.0	0.0	0.0	0.0	0.0	0.0	0.0	0.0	0.0	0.0	0.0	0.0	0.0	2.0	0.0	0.0	0.0	0.0	0.0	0.0	1.0	0.0	2.3219	3.0	0.0	1.0	0.0	0.0	3.4343	0.0	0.0	0.0	0.0	0.0	0.0	0.0	0.0	0.0	0.0	4.1747	0.0	0.0	0.0	0.0	0.0	0.0	0.0	1.0	0.0	0.0	1.144	0.0	0.0	0.0	0.0	0.0	0.0	0.0	1.0	0.0	0.0	2.585	2.0	1.0	0.0	1.0	0.0	0.0	0.0	0.0	0.0	0.0	0.0	0.0	0.0	1.0	0.0	1.585	0.0	0.0	2.3219	0.0	0.0	3.5692	1.0	0.0	0.0	0.0	0.0	0.0	3.4396	0.0	0.0	0.0	0.0	0.0	0.0	0.0	1.2449	0.0	0.0	0.0	0.0	0.0	0.0	0.0	0.0	0.0	0.0	0.0	2.0	0.0	0.0	1.585	0.0	0.0	0.0	0.0	0.0	0.0	0.0	4.3219	0.0	0.0	2.0	0.0	0.0	0.0	0.0	0.0	0.0	0.0	0.0	0.0	0.0	0.0	0.0	0.0	1.585	0.0	1.0	0.0	0.0	0.0	0.0	0.0	0.0	3.0	0.0	0.0	0.0	0.0	0.0
TDO2-204	ENST00000507590.5	0.0	0.0	0.0	0.0	0.0	0.6781	0.0	0.0	0.0	1.5311	0.0	0.0	0.0	0.0	0.0	0.856	0.0	0.0	1.3219	0.0	0.0	0.0	0.0	0.0	0.0	1.2141	0.0	0.0	0.0	0.0	0.0	0.0	0.0	2.272	0.0	0.0566	0.0	0.3896	0.0	0.0	1.8156	1.0	0.0	0.0	0.0	0.0	0.0	0.0	0.0	1.7527	0.0	0.0	0.0	0.0	0.0	0.0	0.0	0.0	0.0	1.157	0.0	0.0	0.0	0.0	0.0	0.0	0.0	0.0	0.0	0.0	0.0	0.0	0.7225	0.0	0.0	0.5753	0.0	0.0	1.0	0.0	0.0	0.0	0.0	0.0	0.0	0.0	0.0	0.669	0.0	0.0	0.0	0.0	0.0	0.0	0.0	0.0	0.0	0.0	0.0	0.0	0.0	0.0	0.0	0.0	0.0	0.0	0.0	0.0	0.0	0.0	0.0	0.0	0.0	0.0	0.0	0.0	0.0	0.0	0.0	0.0	0.0	0.0	0.0	0.0	0.0	0.0	0.0	0.0	0.0	0.0	0.0	0.0	0.0	1.9222	1.6369	0.0	0.0	0.0	0.0	0.0	0.0	1.0	1.4276	0.0	0.0	0.0	0.0	0.0	0.0	0.0	0.0	0.0	0.0	0.0	0.0	0.0	0.0	0.0	0.2265	0.0	0.0	0.0144	0.0	0.0	0.0	0.0	0.0	0.0	0.0	0.0	0.0	0.0	0.0
TDO2-205	ENST00000509738.1	0.0	0.0	0.0	0.0	0.0	0.0	0.0	0.0	0.0	0.0	0.0	0.0	0.0	0.0	0.0	1.84	1.585	0.0	0.0	1.0	0.0	0.0	0.0	0.0	0.0	0.0	0.0	0.0	0.0	0.0	0.0	0.0	0.0	0.0	0.0	0.0	1.0	0.0	0.0	0.0	1.4005	0.0	0.0	1.8836	0.0	0.0	0.0	0.0	0.0	0.0	0.0	0.0	0.0	0.0	0.0	0.0	1.0	0.0	0.0	1.585	0.0	0.0	0.0144	0.0	0.0	0.0	1.2869	0.0	0.0	0.0	1.2016	0.0	0.0	0.0	0.0	1.0	0.0	0.0	0.0	0.0	0.0	0.0	0.0	0.0	0.0	0.0	1.0841	0.0	0.0	0.0	3.3219	0.0	0.0	0.0	0.0	0.0	0.0	0.0	0.0	0.0	1.0	0.0	0.0	0.0	0.0	0.0	0.0	0.0	0.0	0.0	1.0	1.0	0.0	0.0	0.0	0.0	0.0	2.5656	1.1635	0.0	0.0	0.0	1.585	0.0	1.0	0.0	0.0	0.0	0.0	0.0	0.0	0.0	1.0	0.0	0.0	0.0	0.0	0.0	0.0	0.0	0.0	0.0	1.585	0.0	0.0	0.0	0.0	0.0	1.1375	0.0	0.0	0.0	0.0	0.0	0.0	0.0	0.0	0.0	0.0	0.0	1.0	0.0	0.0	0.0	1.0	1.585	0.0	0.0	0.0	0.0	0.0	0.0	0.0
TDO2-206	ENST00000510293.1	0.0	0.0	0.0	0.0	0.0	1.1309	0.0	0.0	0.0	0.0	0.0	0.0	0.0	1.9298	0.0	0.6781	0.0	0.0	0.0	0.0	0.0	0.0	0.0	0.0	0.0	0.0	0.0	0.0	0.0	0.0	1.0	0.0	0.0	0.0	0.0	0.0	0.0	0.0	0.0	0.0	0.0	0.0	2.1473	1.3103	0.0	0.0	0.0	0.0976	0.0	0.0	0.0	0.0	0.0	0.0	0.0	0.0	0.0	1.0	0.0	0.6508	0.0	0.0	0.0	0.0	0.0	0.0	0.546	0.0	0.0	0.0	0.0	0.0	0.0	0.0	0.0	0.757	0.0	0.0	2.0	0.0	0.0	0.0	0.0	0.0	0.0	0.0	0.0	0.8319	0.0	0.0	0.0	0.0	0.0	0.0	0.0	1.157	0.0	0.0	0.0	0.0	0.0	0.0	0.0	0.0	0.8639	0.0	0.0	0.0	0.0	0.0	0.0	0.0	0.0	0.0	0.0	1.4906	0.0	0.0	0.0	0.0	0.0	0.0	0.0	0.0	0.0	0.0	0.0	1.0	0.0	0.0	0.0	0.0	0.0	0.0	0.0	0.0	0.0	0.0	0.0	1.0772	0.0	0.696	0.0	0.0	0.275	0.0	0.0	0.0	0.0	0.0	0.0	0.0	0.0	0.0	0.0	0.0	0.0	0.0	0.0	0.0	0.2869	0.0	0.0	0.0	0.0	0.0	0.0	0.0	0.0	0.0	0.0	0.0	0.84
TDO2-207	ENST00000512584.5	0.0	0.0	0.0	0.0	0.0	0.0	0.0	1.585	0.0	1.406	0.0	0.0	1.2987	0.0	0.0	3.844	0.0	0.0	0.0	0.0	0.0	0.0	0.0	0.0	0.0	0.0	0.0	0.0	0.0	1.6182	0.0	0.0	0.0	0.0	0.0	0.0	2.568	0.0	0.0	0.0	0.0	0.0	1.2449	2.4854	0.0	0.0	3.0444	0.0	1.4222	0.0	0.0	0.0	0.0	0.0	0.0	0.0	1.4699	0.0	0.0	3.6358	0.0	0.0	0.0	0.0	2.2479	0.0	2.0	0.0	0.0	0.0	2.6668	0.0	0.0	0.0	0.0	1.6229	0.0	0.0	0.0	0.0	0.0	2.111	0.0	0.0	0.0	0.0	0.0	0.0	0.0	0.0	0.0	2.0036	0.0	0.0	1.3674	2.4647	0.0	0.0	0.0	0.0	2.0	0.0	0.0	2.3813	1.3896	0.0	1.263	0.0	0.0	0.0	3.384	1.3674	0.0	0.0	1.2987	0.0	0.0	3.6299	1.269	0.0	1.0	0.0	0.0	0.0	1.6182	0.0	0.0	0.0	0.0	0.0	1.0	0.0	0.0	0.0	3.0772	0.0	0.0	1.585	0.0	1.4647	0.0	2.5753	0.0	0.0	3.0824	0.0	0.0	1.3277	2.7268	0.0	2.0496	0.0	0.0	0.0	2.6576	0.0	0.0	0.0	1.3951	0.0	0.0	0.0	0.0	0.0	0.0	1.585	0.0	1.8914	0.0	0.0	0.0	0.0	0.0
TDO2-208	ENST00000536354.2	0.0	0.0	0.0	0.0	0.0	2.6346	0.0	0.0	2.3219	0.546	0.0	2.8074	1.8237	3.0339	0.0	3.7708	0.0	0.0	2.9069	0.0	0.0	2.0	0.0	0.0	2.0	2.9411	0.0	0.0	0.0	1.9745	0.0	1.585	0.0	3.6053	0.0	3.1635	2.342	1.8836	1.0	0.0	1.5059	0.0	2.3757	4.7131	0.0	3.4594	7.2264	2.7929	3.5336	1.86	0.0	0.0	1.0	0.0	0.0	0.0	2.854	0.0	1.0	4.2016	0.0	1.0	1.5801	0.0	2.0875	0.0	5.6753	0.0	0.0	0.0	6.2371	0.0	1.2327	0.0	1.0	0.7991	0.0	0.0	0.0	0.0	0.0	1.2016	0.0	0.0	0.0	1.585	4.1603	1.4005	0.0	0.0	2.3219	3.9059	0.0	0.0	2.144	2.144	0.0	0.0	0.0	0.0	0.0	1.585	0.0	4.0695	3.0976	0.0	4.0531	0.0	0.0	0.0	3.5311	1.5945	0.0	0.0	3.0942	1.1309	0.0	6.5622	3.1843	0.0	0.0	0.0	3.0514	0.0	1.848	2.585	1.0	0.0	1.585	0.0	0.0	0.0	0.0	1.2388	2.8972	1.0	1.0	0.0	2.0	2.8339	0.0	3.7463	1.2079	0.0	2.1506	0.0	0.0	3.2464	4.5348	1.0	3.441	0.0	3.0	1.0	3.7751	0.0	0.0	0.0	2.0704	0.0	3.7845	2.9982	0.0	2.0	0.0	0.0	0.0	3.9345	0.0	4.1699	2.3219	1.0	1.6826
TGFB1-201	ENST00000221930.5	11.1679	12.1944	11.4065	11.5394	12.211	15.4312	11.9556	12.8934	13.335	12.6185	12.8529	12.0449	12.5988	11.3803	12.784	11.9874	12.2446	12.2195	12.1221	13.018	12.1022	12.4	12.7372	11.9175	13.2623	11.8227	13.6748	13.0784	13.0514	12.7838	12.6333	10.7233	13.246	12.0791	12.5528	12.0521	12.6314	12.4535	12.8617	12.3418	11.3386	13.7486	11.924	12.1011	13.0411	13.9009	12.5884	11.0154	13.5795	12.2056	12.1143	11.407	11.207	13.4361	13.43	12.3846	11.9711	12.3048	13.0971	12.6135	10.9594	12.9674	11.8081	11.8866	12.1913	10.9258	11.6165	11.5472	12.7293	12.9063	13.4822	10.9346	12.9642	12.8427	11.5523	12.335	12.6638	12.8342	13.0825	12.0092	13.1708	10.5537	12.6649	12.4232	11.0526	12.3329	12.4194	13.2427	12.4681	11.703	11.4652	12.9132	13.4553	12.2743	11.187	11.1396	11.9234	13.3282	12.1273	11.6415	13.332	12.0223	14.2562	13.4417	12.9007	13.0217	12.615	12.9491	13.4492	13.0021	13.6753	14.1447	11.9528	13.5251	12.1695	12.2933	12.4459	13.7359	13.2879	13.1708	12.4392	12.5921	12.2343	13.1684	12.8151	13.1235	12.213	10.8703	13.9998	12.9142	11.1187	13.0004	11.4661	12.3119	11.2635	11.8928	11.5171	12.3467	13.4353	12.0384	11.6659	11.9371	12.1514	11.7354	11.8614	14.3743	11.8209	14.3045	10.3438	13.1361	12.5754	12.57	13.2307	12.4055	12.9644	12.1606	11.638	11.1293	11.8824	12.4796	12.603	11.903	11.8275	10.6682	12.7149	12.7364	11.9242	11.47	10.7424	13.1449	12.1157	11.5533	11.2512
TGFB1-202	ENST00000597453.1	7.4446	6.8574	6.2653	6.1574	6.8193	11.2094	6.6237	7.6931	7.8763	7.3204	7.4503	6.4092	7.9661	5.0453	7.6969	6.9187	6.9823	7.5405	5.2798	6.8909	6.2813	6.0387	7.3739	5.8392	7.5752	6.0007	7.6396	7.6658	7.5396	6.7215	7.6115	5.876	7.8141	6.557	6.3111	6.2746	7.2564	7.0586	7.4101	7.468	7.1998	8.2357	6.8668	7.0173	7.1324	7.9443	6.4484	5.9584	7.8034	6.3306	6.6498	6.8536	4.7565	7.4389	7.78	7.1195	7.3698	6.9829	7.3083	7.516	7.1751	7.2105	6.392	6.2931	6.7605	6.8309	6.4979	6.74	7.4062	7.5301	8.7655	6.2948	7.9368	7.5454	6.5835	7.1914	7.0207	8.1637	7.43	6.1022	7.451	5.9523	6.6968	7.1372	7.2247	7.3698	6.8906	7.357	7.0354	6.8098	6.5526	7.7678	7.7635	7.0052	5.5447	6.7442	6.192	7.4744	6.5818	7.0687	8.1156	7.3037	8.3077	8.5311	7.6959	7.1195	7.8342	8.0144	8.3945	8.3255	8.2735	8.3547	5.9577	8.6587	6.9921	7.5276	5.8301	7.9806	7.6248	7.4019	6.8828	6.934	7.2966	7.9026	7.3064	7.7241	7.3522	5.3187	8.093	7.203	5.9165	7.8061	6.3698	6.9837	6.5118	7.081	5.8199	5.9383	7.303	7.1475	7.1921	6.3318	7.0426	6.6441	6.4983	8.3341	6.4146	8.3897	5.1647	7.4927	7.6078	7.3434	6.43	7.1606	6.7389	7.1814	7.3763	6.1745	6.8689	7.1725	9.053	6.4927	7.039	6.1568	7.2119	8.1754	5.822	5.7581	5.7131	7.22	6.1233	7.3052	6.3999
TGFB1-203	ENST00000598758.5	0.0	2.5534	2.5336	2.6576	4.2758	8.0862	3.067	4.5166	2.5729	3.904	0.0	2.4087	3.157	0.0	2.2449	2.6848	3.797	4.5027	0.0	2.6803	2.157	0.0	4.5686	1.3951	4.257	2.5236	4.6668	3.0635	0.0	3.645	3.384	0.0	3.9222	1.4594	0.0	2.7312	3.0942	3.8885	3.025	3.3147	4.3554	3.717	2.6415	3.8787	3.0704	2.4195	2.5385	1.4489	2.7093	3.4867	2.3618	1.6323	4.6398	3.3505	4.4383	3.6611	3.8924	3.2079	3.6473	2.905	3.9982	3.6848	3.8797	2.8217	2.5898	3.2141	0.0	2.4983	3.4396	4.106	4.1202	0.0	4.0488	4.0849	2.359	4.0152	3.1473	4.4403	3.585	2.5922	5.5401	3.4919	0.0	3.4303	3.3992	4.717	1.4647	2.6848	4.3778	2.441	3.5656	4.2965	3.6147	1.541	3.0409	2.3391	2.6554	4.2608	3.7323	2.9467	3.4303	5.3944	3.6747	4.5279	4.4222	4.2876	4.3834	5.8582	4.887	5.4439	4.7247	5.2758	4.1001	4.5729	4.0241	4.0505	2.8639	5.6522	3.8248	3.1522	4.106	3.3964	2.7549	4.5002	4.4182	3.6519	3.4634	0.0	5.1123	2.2016	0.0	4.0875	3.5122	2.6938	3.225	0.0	3.1953	1.257	4.5129	3.6519	3.854	3.7708	3.5814	3.4867	2.1603	4.6639	4.2055	4.5466	1.4114	3.4449	3.2615	2.2449	0.0	3.4931	3.5632	2.9764	3.7655	0.0	0.0	2.7929	4.2133	3.3854	3.7126	3.7991	2.9635	5.0233	2.373	0.0	3.4423	2.7803	2.0461	3.1969	3.2079
TGFB1-204	ENST00000600196.1	2.9982	3.101	3.4249	3.6927	4.5705	7.354	2.858	4.0832	3.1391	4.4647	0.0	4.2772	4.4343	2.1043	4.9112	3.4931	3.5874	4.101	2.3505	4.3455	2.6159	2.9088	4.6017	2.541	3.6473	3.8084	4.7955	2.3702	3.3291	3.857	4.2342	2.2296	4.7613	3.0618	3.9126	4.1906	4.6188	3.8135	4.4403	3.9392	3.3978	4.2585	2.4005	2.2418	4.4296	4.8615	3.4841	3.342	4.2273	3.1731	3.8787	3.281	2.8718	4.4074	5.0626	4.2449	3.9184	3.7027	4.0695	3.905	3.7463	4.1489	3.5148	3.2032	3.903	4.1465	2.4983	3.9982	3.2157	4.0807	4.8763	3.3632	4.2055	4.4195	3.1747	4.1771	2.6938	4.9155	4.5711	3.4738	4.4886	2.5509	2.8836	3.6194	4.0772	5.1867	4.1497	3.5484	4.9598	3.7538	3.4634	4.4647	4.3298	2.8115	2.9561	3.4141	3.6334	3.0356	3.0126	3.0583	4.756	3.9193	4.1391	4.2456	3.9079	3.8248	4.5021	5.1554	5.0947	3.7751	3.3547	5.5454	3.6554	4.2203	4.5122	3.6588	3.0841	5.1223	3.9098	4.7735	3.3147	3.3103	3.6904	4.5945	3.8156	3.9203	4.3284	3.0215	4.6525	3.796	0.0	4.1135	2.5484	4.6276	0.0	2.3045	2.7991	3.4383	3.696	4.0321	4.4114	2.7004	3.4647	4.2772	3.3854	5.3341	3.6576	4.4496	1.5558	3.7623	4.6076	1.1309	0.0	4.235	4.7087	3.3161	4.7666	3.7856	3.2943	3.1763	4.5279	3.1731	3.0548	3.2585	3.6904	5.2612	2.969	2.856	2.9241	3.6565	3.8288	4.7798	3.0018
