genes	TCGA-2J-AAB1-01	TCGA-2J-AAB4-01	TCGA-2J-AAB6-01	TCGA-2J-AAB8-01	TCGA-2J-AAB9-01	TCGA-2J-AABA-01	TCGA-2J-AABE-01	TCGA-2J-AABF-01	TCGA-2J-AABH-01	TCGA-2J-AABI-01	TCGA-2J-AABK-01	TCGA-2J-AABO-01	TCGA-2J-AABP-01	TCGA-2J-AABR-01	TCGA-2J-AABT-01	TCGA-2J-AABU-01	TCGA-2J-AABV-01	TCGA-2L-AAQA-01	TCGA-2L-AAQE-01	TCGA-2L-AAQI-01	TCGA-2L-AAQJ-01	TCGA-2L-AAQL-01	TCGA-2L-AAQM-01	TCGA-3A-A9I5-01	TCGA-3A-A9I7-01	TCGA-3A-A9I9-01	TCGA-3A-A9IB-01	TCGA-3A-A9IC-01	TCGA-3A-A9IH-01	TCGA-3A-A9IJ-01	TCGA-3A-A9IL-01	TCGA-3A-A9IN-01	TCGA-3A-A9IO-01	TCGA-3A-A9IR-01	TCGA-3A-A9IS-01	TCGA-3A-A9IU-01	TCGA-3A-A9IV-01	TCGA-3A-A9IX-01	TCGA-3A-A9IZ-01	TCGA-3A-A9J0-01	TCGA-3E-AAAY-01	TCGA-3E-AAAZ-01	TCGA-F2-6879-01	TCGA-F2-6880-01	TCGA-F2-7273-01	TCGA-F2-7276-01	TCGA-F2-A44G-01	TCGA-F2-A44H-01	TCGA-F2-A7TX-01	TCGA-F2-A8YN-01	TCGA-FB-A4P5-01	TCGA-FB-A4P6-01	TCGA-FB-A545-01	TCGA-FB-A5VM-01	TCGA-FB-A78T-01	TCGA-FB-A7DR-01	TCGA-FB-AAPP-01	TCGA-FB-AAPQ-01	TCGA-FB-AAPS-01	TCGA-FB-AAPU-01	TCGA-FB-AAPY-01	TCGA-FB-AAPZ-01	TCGA-FB-AAQ0-01	TCGA-FB-AAQ1-01	TCGA-FB-AAQ2-01	TCGA-FB-AAQ3-01	TCGA-FB-AAQ6-01	TCGA-H6-8124-01	TCGA-H6-A45N-01	TCGA-H8-A6C1-01	TCGA-HV-A5A3-01	TCGA-HV-A5A4-01	TCGA-HV-A5A5-01	TCGA-HV-A5A6-01	TCGA-HV-A7OL-01	TCGA-HV-A7OP-01	TCGA-HV-AA8V-01	TCGA-HV-AA8X-01	TCGA-HZ-7289-01	TCGA-HZ-7918-01	TCGA-HZ-7919-01	TCGA-HZ-7920-01	TCGA-HZ-7922-01	TCGA-HZ-7923-01	TCGA-HZ-7924-01	TCGA-HZ-7925-01	TCGA-HZ-7926-01	TCGA-HZ-8001-01	TCGA-HZ-8002-01	TCGA-HZ-8003-01	TCGA-HZ-8005-01	TCGA-HZ-8315-01	TCGA-HZ-8317-01	TCGA-HZ-8519-01	TCGA-HZ-8636-01	TCGA-HZ-8637-01	TCGA-HZ-8638-01	TCGA-HZ-A49G-01	TCGA-HZ-A49H-01	TCGA-HZ-A49I-01	TCGA-HZ-A4BH-01	TCGA-HZ-A4BK-01	TCGA-HZ-A77O-01	TCGA-HZ-A77P-01	TCGA-HZ-A77Q-01	TCGA-HZ-A8P0-01	TCGA-HZ-A8P1-01	TCGA-HZ-A9TJ-01	TCGA-IB-7644-01	TCGA-IB-7645-01	TCGA-IB-7646-01	TCGA-IB-7647-01	TCGA-IB-7649-01	TCGA-IB-7651-01	TCGA-IB-7652-01	TCGA-IB-7654-01	TCGA-IB-7885-01	TCGA-IB-7886-01	TCGA-IB-7887-01	TCGA-IB-7888-01	TCGA-IB-7889-01	TCGA-IB-7890-01	TCGA-IB-7891-01	TCGA-IB-7893-01	TCGA-IB-7897-01	TCGA-IB-8126-01	TCGA-IB-8127-01	TCGA-IB-A5SO-01	TCGA-IB-A5SP-01	TCGA-IB-A5SQ-01	TCGA-IB-A5SS-01	TCGA-IB-A5ST-01	TCGA-IB-A6UF-01	TCGA-IB-A6UG-01	TCGA-IB-A7LX-01	TCGA-IB-A7M4-01	TCGA-IB-AAUM-01	TCGA-IB-AAUN-01	TCGA-IB-AAUO-01	TCGA-IB-AAUP-01	TCGA-IB-AAUQ-01	TCGA-IB-AAUR-01	TCGA-IB-AAUS-01	TCGA-IB-AAUT-01	TCGA-IB-AAUU-01	TCGA-IB-AAUV-01	TCGA-IB-AAUW-01	TCGA-L1-A7W4-01	TCGA-LB-A7SX-01	TCGA-LB-A8F3-01	TCGA-LB-A9Q5-01	TCGA-M8-A5N4-01	TCGA-OE-A75W-01	TCGA-PZ-A5RE-01	TCGA-Q3-A5QY-01	TCGA-Q3-AA2A-01	TCGA-RB-A7B8-01	TCGA-RB-AA9M-01	TCGA-RL-AAAS-01	TCGA-S4-A8RM-01	TCGA-S4-A8RO-01	TCGA-S4-A8RP-01	TCGA-US-A774-01	TCGA-US-A776-01	TCGA-US-A779-01	TCGA-US-A77E-01	TCGA-US-A77G-01	TCGA-US-A77J-01	TCGA-XD-AAUG-01	TCGA-XD-AAUH-01	TCGA-XD-AAUI-01	TCGA-XD-AAUL-01	TCGA-XN-A8T3-01	TCGA-XN-A8T5-01	TCGA-YB-A89D-01	TCGA-YH-A8SY-01	TCGA-YY-A8LH-01	TCGA-Z5-AAPL-01
LRRC32	5.980664013890681	5.7519679251951	6.566210836314297	6.503370389682924	6.077361282066678	6.144711334331972	5.375946770593257	5.672481614190264	5.621284405558062	5.9968382095357375	5.169282538295355	5.630367910103099	6.146701882590847	5.8926775726873	5.783955036295011	5.676332240943238	4.924681204405915	5.338658793536536	6.3968987510942315	5.841403229751469	5.897691755593971	5.975648504348463	4.569482654583928	6.16769983885711	6.02056667761608	5.619247834427595	5.534445736010397	5.661562772147116	6.0422507347539165	5.018885317938104	4.130243671905032	5.589600514017835	4.60141465343577	5.519314405343694	4.712139490451305	5.798146111909129	4.976991487852069	6.578733137994134	5.342337963607067	5.661850271815176	6.052239366951268	5.62945651273253	5.132740163710998	4.687894649487192	5.6637279567221315	6.49342783935095	5.5112037413784	4.696299671931849	5.918814019872212	5.657083481434232	5.507216004443541	5.846779426224953	6.272674932909458	5.722637950383789	5.924019452950847	5.682984358502783	3.4183738980387313	5.518992348562133	6.94594806075017	5.333075625682569	6.08723564830185	6.160746577115073	5.352133069343232	4.999381691639235	5.254736148713832	4.924875045398153	5.6800212470521645	5.270765184280012	5.966940496612008	5.722746246533782	5.69049798173785	5.965180369570889	6.173428890528288	5.000415023145539	6.130057746911466	4.576471012475775	5.792857962913761	5.090431135227075	4.377907096194302	5.542326621450679	5.761745925099604	5.589214346812299	6.243287919803922	5.617476721002946	5.465730729554769	6.865163599792773	5.838608094737304	6.242931761216915	5.315982464896755	6.033835618809617	5.532349901508475	6.277118097465533	4.501023425613925	6.0651323079434745	6.128233978206486	5.24773056498176	5.681089824309411	6.323522585900659	5.694991010603503	6.213327132964847	6.042940699478268	5.817163960466243	5.69005007066167	5.3998132328643	6.558172144714217	5.6061293324232055	5.466008108538936	5.548927280805527	5.7603479947089165	6.0931648286708935	6.2706242500690985	5.601868248339982	5.377518184115952	5.522891198182538	5.851839459991653	6.014545665281497	5.771669452394133	5.885766164892607	5.900952566243062	5.798711791143911	5.124431402849869	5.882789402402384	6.070468499972752	7.202625349667123	6.01983768364693	6.197324071166919	5.9965204612004115	5.920384988513696	5.817279969094487	6.406430712052465	5.784436277952513	5.72447011015933	4.916274634471381	5.254296176317592	5.40435994665719	5.926195745878872	5.46169204112909	5.789641076102416	5.224900674091403	5.5045190005226265	5.906907612895626	6.467990419318378	5.9123976961887035	6.393507717305623	5.378971065062868	6.253059770302068	5.478239021538214	5.2902085255932905	5.562716934632345	5.387763774154442	5.817306425812781	5.880774235344492	5.935362228231208	6.895124345324069	5.816066149855979	5.425199720520601	6.048727123541206	5.692582323736468	5.932351829223053	5.10638806516208	5.869996204301483	5.828093537822318	5.819927224519923	6.0964177039400536	6.069668609116034	5.495229383583852	5.699143998756973	5.942200730348335	6.117284999135346	6.49415552564903	5.940094124872635	5.063074405145405	5.0382795872100035	6.640191414285876	6.6022828609211635	6.479920233591228	5.522322342613187	6.043199128547079
SIGLEC15	0.5435849091122877	0.413577567724591	0.6801866331559969	-0.6590044607011558	-0.9574006568915028	-0.17975819076618738	-0.13607799628236172	-0.2908057386216427	-0.4262399369071481	-0.18923744773087758	-0.09540669025075665	0.2707056657058322	-1.0703778933728394	-0.1472327858369491	0.0908877181444927	0.80798648645409	-1.070825782888181	-0.055391165582751256	0.7902282913432437	0.11954162286036407	-0.2547473017012427	0.5924084332877726	-5.610198960676234	0.15756618055022287	-0.8725005811809492	-0.3919101878963387	0.7838413009055802	-1.2446080495269145	-0.5977403359187656	-0.04150106976992518	-1.7973592468558879	-2.3671801390411504	0.3296071916648957	-1.0977100806612405	-4.453671703777763	0.1440715500004952	-1.8080509256210195	-0.9329750291360694	-1.1188085677187	-0.6718660631129962	-0.6152671597829587	-0.022692153146059546	-0.8067818301979832	-0.9975390858435373	-0.9465978254092136	-0.5479002737810053	-0.3927049528104867	-1.2461317654881237	-0.6386191126787697	-0.177925303820472	-0.39822258305297087	-1.0952577438978697	0.6208652999852022	0.2750541954503696	0.32718003850469035	-0.016884613569231988	-4.58233424327018	-0.7253798952123987	0.6267341379768716	0.48083746244776115	-0.31358548849800627	0.3396263446389005	-0.4433046919762358	0.7799316680790245	0.21304290801513748	-1.8957130615289781	0.04401270096070675	0.48089634926197977	0.1669136896547121	-0.555995772656984	0.4002785619033036	0.6054029853779088	-0.46801818827363295	-1.3569346142392318	0.28980177474114655	-0.40484823347243903	-0.6098136204990601	-0.26265333430314186	-2.635699608831615	-0.6532569411798086	-0.27008956152092445	-0.9169143794927388	0.04999910727825263	-0.44484923709006985	0.2695828912979614	-0.8427511612912779	0.5152932949000695	-0.7929132359993369	-1.5632897002822368	-0.44081266391180396	-0.635852227115449	-0.3048072978901608	-1.14848255582275	-0.32905242625212416	0.18289106254859355	-0.31484762291946566	-0.6378239597225663	0.23423206681560682	-0.5958215023089926	0.32295485651768274	0.3685463726449756	0.012302699415708496	0.07898713814912828	-1.4742505283724716	-0.6823399293155186	-0.5963974372975143	-1.3074325832345615	0.3046917459132388	-0.39695199462486563	-0.5273236733944673	-0.21972881637682384	-0.6384271594237916	-0.8017456609270557	-1.050555108143035	-0.7026664163364646	0.12693360737680326	-0.4330437243809362	0.0596661274899315	-0.9508754692953536	-0.9484613734284988	-1.6575714579542034	-0.2460558947281326	-0.47318571275415877	-0.3964127297528952	-0.5559285914632941	-0.8113020886401241	-0.10494255075613168	0.07460615346775956	0.5140062160656456	-0.21318973939410046	0.5775570297118913	0.32404655859622533	0.045664826092676414	-0.5867802669622195	1.3667422640973816	0.28540769324542303	-0.4094268033338686	-0.6794718950605638	0.5757018078619227	-0.49202408172958645	-1.0071841986979155	0.009051593062008756	0.11077203202274166	-0.7248443748651869	0.3670235333973375	-1.0863294292146364	-0.37088423859974995	0.7110578498110351	-0.6461202408996778	-0.3299923876258335	-1.0185782697077226	0.4550190837222594	0.027555835532492523	2.034969407990343	-0.10852535080587344	-0.19843825526064585	-0.0846313904423397	-0.20730252866579413	-1.3337507065073595	-0.63197786322488	0.268161348918623	0.12436617865470545	-0.36599576804707024	-0.8519550296732774	0.1797539159335404	0.046076403486970285	-1.1832675437903681	-0.6196520410011184	-0.6689234445533838	-1.3343893144237091	-0.06400058390623009	-1.047770961444475	-2.297975956987959	-0.48141713425571897	-0.765743858144126	-0.9020079797226908	0.7462230507957504	-0.8268082657061795
TDO2	0.001461304409613895	-0.14601249590280396	1.5192742828170578	2.6217709266288223	1.8563631359468784	1.6849271029401263	1.0263924547771095	1.3435318520909583	1.2484693786575032	2.2536989727327787	0.9922551844053158	1.4412423336641893	2.6108643899294197	1.971034383332819	1.1378117896439455	0.7408841533680024	-0.37402221972222294	0.898510439000642	2.3060534828528323	1.626552043772226	1.6524122238756305	-0.12385303713192974	-4.483606558969944	1.4683115867013496	1.0758502829497156	0.6732626787931566	0.6766774485973654	0.245251226828064	1.2869472619774405	-1.9973840892862742	-1.621038657963693	-1.300651757570886	-0.9295491544890615	0.08026628927026458	-4.693576728165674	1.1945829916223312	0.09670525971663868	3.292047680423228	0.9574142937336578	1.260923931199816	1.382497677207956	0.6337819959203315	0.7248539455939056	-0.2563108994028176	1.7180220242295683	3.005502542451655	1.9356253159336048	0.47467904347724765	1.5050691690724236	1.0253421711849644	1.5270961995450558	1.1271867414091823	1.844644910036947	0.1705936659054661	1.3925334232289894	0.548905288008912	-3.192466175547371	1.736633523528001	2.436777051036234	0.8293876319496603	2.151229665776169	1.7486359993235348	1.15322905766916	0.7549354727350961	1.263798221583057	-0.6059625549810194	1.3858062967356923	1.2953759681137502	1.3963000548950912	1.9261331248902755	0.790801025052396	1.319250810388492	1.9988964610071167	1.0978685299198372	2.071397511457128	0.011605502571258475	0.8770620600477677	-0.21000050196248177	-0.36642545762365353	2.250140021319902	1.3937425425493564	1.712432693557331	1.8639971942702405	2.4540645573851405	2.2486661780178885	3.1163500206628303	1.7137420123431384	2.5254126872799345	1.684991509385772	1.5941735789953564	0.7623008843144237	2.2235356762434115	0.7151152177508173	2.3249905241480118	2.276133481691558	2.255487809447959	1.379340878618314	2.2620788106280045	2.1066786965138804	1.888938502425029	2.1768642823351083	2.218950778800039	1.0066604407737945	1.4697045338730779	3.736200309092605	1.5637262911040422	1.8259882951309836	0.9708317744645092	1.532590646662158	2.694203731430445	1.7889893683330964	2.443865714818963	2.4669712913039654	1.3602578026451086	2.1001618599627827	1.220571731355235	1.5422075406096687	1.6388063039924412	1.9707259085067497	2.8308339322900182	1.0208804010842192	1.2653644272757631	2.525196173440416	3.335419396061024	2.0480328801277876	2.8254277707846835	1.838628754348433	2.1573511938178944	1.1258990180636852	2.3085300284327075	2.235667711509849	2.3733784145353414	-0.7315358467669827	1.050670465315586	0.7651879996504611	2.137291876254678	1.7383304269481623	1.2797529791259523	0.03920588078514187	3.1976226353126274	1.5625454227019762	2.473247898130154	2.459834657547722	2.79058779325537	0.5093711446749718	1.7151581317872033	1.3827204758485057	0.834745310220999	0.4638320712053412	-0.1823961676194643	1.229883895735205	1.214442098237136	2.0060634435610423	1.540958485693491	3.109817400502567	0.9147650060461834	1.9375813655570184	1.7559115403382375	2.0955976481890652	0.7760592919527998	1.3503604694758098	1.4075462621913903	1.2968079881580004	2.0366466675305124	0.7480275693353591	0.6509751145838962	1.3345581093644434	2.5787843513172932	2.214780021645452	2.8522833377153214	1.8860168256067726	-0.5509611068831254	0.3052591471097945	2.379493939283778	3.035067452769942	2.139830073410814	0.7855824188763627	2.8762372839777224
BIRC7	1.6610874630587835	-0.32531962173462414	3.4865131329415693	0.7619231811341862	0.5190423878174286	1.4584910703644756	0.931981891637836	0.5651106841772275	0.47342873961720144	1.443684795007723	0.4825379657808373	2.028263636374046	-0.1792486691848012	1.538460364965136	0.565660836412313	0.7456825031379708	0.08188248525925523	0.8808964334265799	1.9647897527290539	1.165879514033083	0.16416315638990575	1.7969021222908061	-7.3593138815687675	1.6642516422046327	0.45651591999076224	1.442420803075949	0.7895173203937631	0.23288265977927303	0.2475066415028575	-2.58625096920154	-4.09816442934225	-2.6746021204785597	-0.9227114377514738	-1.9763190235702144	-5.559700095504471	1.079765647929884	-2.4149471153280775	0.6749341557039426	-1.400545928086272	0.2999521467597859	0.9593408421730629	-0.12198035815232888	-0.8131716501965025	-1.8852026225713931	-0.5280424084324142	0.7808782511555528	-0.22029574855525702	-1.5923985683002995	2.030238012975625	1.4143697488331277	-0.6907201688652442	-0.38691097627444027	2.640449845952995	0.9525283204956132	1.4982175171268217	-0.18248803177616502	-4.241799538307504	0.446176320028993	2.946409628441142	0.5106145637626032	0.1596935718027126	1.4782288732147961	-0.030158927925864276	1.5311654741728908	1.5217740360972662	-1.7809011713818474	0.8309798027412274	2.5334731730527995	1.219578114553821	0.11160077563673454	2.780990235215649	1.7898387154621886	1.084108608241344	-0.35293747875805614	0.2105397922470189	0.3625104848072773	0.27511225333085854	-0.9318744131444818	-3.209982327384953	-0.05463781406125534	1.1963915292528071	-0.6278672803188847	1.2515470609941222	-0.2841782642712367	0.23211226277238772	0.3403638797856665	0.6689346546537163	0.4377481522011113	0.33300952723684674	1.1006471515231286	0.3699464966345385	1.8071464025400914	-0.5378213780535344	0.6192098137857247	1.08485835415053	0.23561436669541713	-0.10007743872179908	1.442733559738615	0.06449342395953828	1.7411813696797829	1.5149697838425347	0.7248631585245064	1.0754434377115807	-0.5208787640694261	0.9166594870028284	0.2996688650474315	0.7934282228688545	0.4982413121594682	1.3848871813999626	-0.5985267906606975	0.13726193000550602	-0.09610241675767206	0.30336734645175767	-0.18849671926408007	1.6038110475817575	2.347882876614719	0.530026332312719	1.1886552031631794	0.721630564506297	-0.42290569954138313	-1.5063994402391732	0.7103816997012267	0.4594423126818956	1.6589061907467446	0.48455472845737546	-0.06286662913499086	1.5652752906672909	0.5254493436425012	1.8910294008542579	1.8963094730046528	1.3935892288019378	-0.045364488985674356	1.391831855663252	0.27253880694239463	3.567421008028324	0.9891309681452682	0.5903994474523788	0.7646702800859444	1.3256943969217474	0.506428104907636	0.8236205588996235	1.496610127118645	1.2709347626262009	0.8249078175229769	2.170951029992626	0.6903754542212575	0.5371638129750878	0.7043050697754332	0.9772587089749418	0.17483135998649502	0.5743534030956372	0.843782634114886	0.4926710137628465	3.357137258343851	1.1419447577525847	1.078380408440644	0.1264805682934682	0.6404179149312039	0.06450267161718948	0.19296284430091148	1.957631666333059	0.9176517869477081	0.8261644162804131	0.4192948551051501	2.4710751797502795	1.5570339011691239	-0.11978889717111763	0.3423198719988072	0.7846535804518595	0.7792101157446893	1.3070203303120707	-0.4788504567375256	-2.2835715334216005	2.388001120750662	2.258841657753452	1.2335368883895583	1.1736764994517355	-0.4287156609181473
TGFB1	5.784315824078899	5.263682365595823	6.277003267122598	5.886592499023377	5.521648919160318	5.783867725483507	5.312153560007313	5.36979656369591	5.370936757984437	5.693793905380634	4.960519349211078	5.871022157273024	5.365273964552749	5.5367625401559355	5.417137242689967	5.6836172489977965	4.6779896794072	5.305389795835238	6.066971532022423	5.664272433243223	5.309486884638664	5.523793329487048	4.446795888149379	5.931192128389787	5.340880597254103	5.302779511824356	5.633322927396669	5.306804524529755	5.380408830314427	4.469763355685391	3.5981447084782467	5.054040013165174	5.199378741517745	4.71699525965417	4.2282579987258	5.484888308323812	4.561007742705752	6.007664855696168	4.762794351605784	5.175012836866331	5.467403297665158	5.1490621147316995	4.742768765230532	4.5684657115784955	5.217867499414006	5.9486636143127996	5.30790646645283	4.46783225955406	5.364421818761024	5.4961806923007535	5.270112457433746	5.389971927554877	6.685164221200518	5.284181103251781	5.651909600463396	5.283615653262345	2.529737351773533	5.159531419830687	6.000467066290337	5.349636448035702	5.873642344164845	5.7097075350239646	5.1356246939260695	5.599104534324084	5.632013911192216	4.2577732279867355	5.460974431590346	5.842085677502899	5.582136394602043	5.41688775524386	6.026234168878453	5.723582035039918	5.874727646780231	4.927109420317154	5.600821706833244	4.645772772402992	5.402221246834547	4.949000277933225	4.010757006572597	5.482890007308341	5.452484650879623	4.9934362503477265	5.651653934081111	5.476659552049337	5.4171214414984705	6.0735400998849265	5.558090491187285	5.6304345333584624	4.931064579221298	5.360912108132509	5.226166932874233	5.790722647009564	4.301740558704507	5.639322806676241	5.807671994601196	5.415801617847958	5.2575558892225995	6.089590835450257	5.563663335971265	6.139415549869619	5.799038398170435	5.547879039078909	5.637790720503501	4.9335688939240345	6.076531138330248	5.232670984270374	4.921889733991037	5.4052990448720415	5.242543407970427	5.769560630432888	5.505396628328095	5.245912629564449	5.189767320396687	4.976489438911333	5.2799249189695505	5.6515876023512295	5.378466319868813	5.4855982899865605	5.608751239230955	5.434139622331916	4.734507858953656	5.548510331010518	5.623968638191217	6.621930107633042	5.489116288214033	5.67058593937498	5.5146115116807595	5.540353714705879	5.673261344265451	5.966710781139252	5.8345554414212755	5.659876997376865	5.153913095020454	4.969879143945636	6.284891642981757	5.562788086092578	5.209798587163018	5.265769956628622	5.282392168893476	5.736766234013511	5.231371287891658	6.057085472693926	6.114930462712574	5.895938924031636	5.415396634240173	5.5277211546933	5.105979492651716	5.67835800671758	5.161030185137728	5.361303254086091	5.320268076968148	5.616111884016372	5.7921132212878295	6.986602111712523	5.8239297257370835	5.19240743444326	5.534071824621779	5.446643396197381	5.533817390379437	5.104399375180615	5.48501538318859	5.566142835939341	5.3943994253683805	5.321981409194448	5.722554031737647	5.42166700430027	5.158673593190198	5.722992120775924	5.329330239563292	5.740425897470205	5.50710628591412	4.947314548522291	4.397097691265855	6.136893554095124	6.104269148367999	6.017226119980628	5.805015909292312	5.992945398488885
IDO1	2.5831323735714435	2.365261685217619	1.5451371322699088	3.1564239358338733	2.8692982825888276	3.050493997213327	1.067421347600202	2.502207315692943	2.3408038474348096	2.8969590441518345	1.4159195059599425	1.627661104303848	3.3188592533682018	2.6906815969984246	2.546345964525595	2.320237245900853	1.051068891981787	1.8738180961170658	2.7428167406883217	1.6580819477225255	2.5781748875806847	2.1041083552177953	4.28805178921229	1.297261193328517	3.2657850568731925	1.6813344457612915	2.4918706103776196	3.896093118132858	3.2798104281199705	1.2882310144303482	0.04748044393119866	3.5324598893291412	2.189582855478681	2.137570328907399	2.525420045822222	1.9699374307229283	1.759209136656	3.6069955526257096	1.893899088142823	2.8629907066357636	2.2148965730088106	2.654836704723759	1.563300832827236	0.6194756504532211	2.1850541147032767	3.051826450005995	3.1485761570092587	0.9418719975271364	2.600293799019058	2.063507199341067	3.911495227405501	1.276779332273303	0.9051120064389235	2.200792023408182	3.0726310817052154	3.1872094319943174	-0.280125535084605	1.0947158397495715	2.7133468590175567	1.3352127397667921	2.5407095496553675	3.0377384241393792	1.2071132071616364	-0.39104928203800293	1.1339942631836193	2.129023101219077	1.8474910731529146	0.7327841773071664	3.284027705852613	2.2773475597539528	0.7996125724750933	2.944974319909042	2.6988306116378418	0.7216471182195132	4.100016397997301	0.8011780508774535	2.2635534909416544	1.0122544998277663	-0.1757953500619447	3.9832564199885336	2.365338682188602	2.9367642582250824	3.2123867948227374	4.2366422313182115	3.6637230691250258	1.376326376408834	2.5921382266513273	3.797044199367997	1.2926938832977828	3.08357036279484	2.612062417997013	3.3887209651765917	0.2299306308469955	2.8466035577150834	1.9553919688394026	3.886517970706164	2.9463814960358468	3.109377851003965	3.6200705605338555	1.826934518633497	3.1106565984668006	2.9155583095152067	2.37710369248715	1.7385917450757602	3.1640146844719315	2.512507184695763	2.185962944762364	2.066039271750613	2.400421049555786	2.8322360343330186	2.9827823861357317	2.053236429194963	3.4491018376835503	2.6170831155692706	2.225517560409521	2.4080141129038295	3.1709429900022124	2.663621837065777	2.036419137539185	3.9022783775818533	2.044364215921257	1.4740198787298997	4.097446204091772	1.0331308384762123	2.7482260889959345	3.9842275057663925	2.078402760009319	3.1289730439748458	2.550685827240967	2.495454691817994	1.7345789718569784	3.782258898356299	-0.0022975300263747833	2.0356280018010056	1.1173288779471608	3.5943698461231226	2.398163018982083	2.577976739784036	1.2976949825557256	4.460233239409794	2.340105433089202	3.8918064324853856	2.486234537736833	4.263707842914632	1.1417831179697027	2.0161222459309522	1.8263768228828376	0.5724217332776056	2.0341437941851126	0.08332637350422267	1.680821313315402	2.9189817488991094	2.7839423044734404	3.4538314420062144	4.547753805499791	1.6247323509163687	2.854722463061438	2.102247191038721	2.6216377640559063	2.2450446513449167	2.432518880752096	3.0204602188181746	2.9416992755919655	2.5736381459846194	1.4726932136252113	1.6566959573679116	1.9631866504273252	4.496116320930019	2.8677555094214835	3.802352402492529	2.916382617993966	1.9780743179726996	1.2044960053777372	2.7020840491202143	3.6095177826949163	1.5212850242191212	1.89515300572097	4.852659747276425
PDCD1LG2	-0.7511660683186205	-0.27697063934386934	-0.08977829603646903	1.5802190225493427	0.32080217791692256	0.5110548310532828	-1.0454101711325294	0.394877330962915	0.3029727157508888	0.18671090008344127	-0.9892354861731398	-0.411030108128299	1.3329650668899746	0.453821969713597	-0.13610743062291686	-0.38846419180191205	-1.8473836891366475	-0.7507189938792176	0.6198223071164812	0.045929721992595596	0.3306124374235959	-0.7464044313937523	-0.8451986466022374	-0.4377425536393438	0.09769627127318792	-1.0849806507818807	-0.34021766364993367	0.6324905979270876	0.8866478974706751	-2.0242061607442783	-2.560018782447862	0.008943191484160451	-1.3959862064798694	-0.5088650848969958	-2.283709408366331	-0.3615361693876942	-0.7331451323570075	1.5488882027599251	-0.5419439139357989	0.26051827836527686	-0.007477358820160429	0.10122794254621015	-0.6817513601852525	-1.3584641980296661	0.3214685528149892	1.38954444859907	0.902524581478827	-0.5639178008418639	0.20562577821878625	-0.549596545950862	1.0525246669637354	-0.41499970626960625	0.2766080287390027	-0.9780124077170229	0.52691626460533	0.3989822261837399	-3.878644323333738	-0.5019071865741087	0.9564279880698343	-0.8191664776149477	0.1868491797877181	0.3853447722399106	-0.4963541534057434	-1.5546046983663668	-0.8542082411664538	-0.6386228313656126	-0.44012532677568794	-0.4510044906896775	0.5239257255017677	-0.1289179881712914	-1.2620498957188135	0.008864555651443062	-0.1188658069235009	-0.5893017854928879	0.8109578928927621	-1.6178287770358097	-0.396691049833072	-1.734785894948602	-1.9451627196009516	1.361687243309934	-0.22644430079896738	0.5905902836160375	1.0456588488717315	1.7316699828357425	0.6924329828245925	1.5235035240430013	-0.047918197210521374	1.1589528613178552	-0.4942412678762307	0.5068632293751647	-0.08019958564381646	1.1199771698434737	-1.4395265288642842	0.7062212680820803	0.7516022307638242	1.007558496297069	0.2610806420621308	0.8497386654367509	0.7060678889921821	-0.27639121140841727	0.7477142224088547	0.8390537042791171	-0.1551957446317762	0.252154030469637	1.943560533338334	0.05965842456980175	0.08066794618895923	-0.4447812573125205	0.8145115018295752	0.5029209429902406	1.3701514545821962	0.26629863776492035	1.3896212660783276	0.14058167190965953	1.0736238390810477	-0.13732192245762542	0.3813854413212212	0.2494734239594698	0.13703583556269194	1.955394073516919	-0.752305107117246	0.10149560675689484	1.8072181487988388	1.5951798516058264	0.6426437660011532	1.601907367660725	0.07718644332070301	0.7331954192066723	-0.11102502061384456	0.633132209036694	0.07281494709201075	0.9141289194756053	-2.0544136368960007	-0.6343776302234172	-0.38790394747179935	0.6409090593628561	-0.09969181780912262	-0.12630911557118552	-1.2890163566452313	1.7672997877987282	0.17622321351528925	1.0494062596138982	1.2797357515854477	1.4710899406944178	-1.0361350532031612	0.2668142708308281	-0.26470247106438505	-0.7081587787432033	-0.8295525205656267	-1.8118762260203432	-0.3909877624917968	0.03698647865204219	0.4978511869020972	1.0090442182907426	1.6028838171014423	-0.793528406096172	0.4716706218315547	-0.10983557433082058	0.1249208239429711	-0.8053713941299643	-0.07654698658996884	0.2526228354498161	0.07731200743498556	0.7728871329319742	-0.9199562875445424	-0.7783433611052053	0.06430108292531944	1.533829574547395	0.8804817054041063	1.1755308283000048	0.4380303634364857	-1.206518845113957	-1.2063090752564314	0.1621232995010855	1.471760352576565	0.5048837414250977	-1.0603996161185023	1.6387870854552589
IL10	-1.8858254206055443	-1.8251135212563403	-1.4058989833047555	0.010090741375844203	-0.4694026665913742	-0.7056649244778286	-1.2522033310674705	-1.20653843321676	-1.6718637715060165	-1.0180260267005083	-1.3268521064731504	-2.0287080215515347	-0.049505115524540066	-0.48731970217137777	-1.267891922479882	-1.572139838893949	-1.649999092263625	-1.9535061244739054	-0.8433127431325285	-0.8758240786354392	-0.7398477867195661	-1.59052331114962	-4.053625956572792	-1.3075979565742721	-1.4553518265012837	-1.0878400791931178	-1.9371033681966399	-0.9710074323274958	-0.944316975833472	-1.8513552073345494	-2.687114539537511	-1.975732775655576	-3.73344748186479	-1.8964133498673617	-3.920277488685697	-0.9028273929460733	-2.7842105448176695	0.4081214852458386	-1.1173848133290805	-0.5400374235612069	-0.6686931070129303	-1.242729082112699	-2.226167502067544	-2.87185093450287	-1.2414784742901803	0.2513391018243798	-0.9774352857701434	-1.4290047471759508	-0.6422962097898686	-2.0363823803170695	-0.4262211046375075	-1.3216768069175866	-2.488193358454456	-1.8004567296530825	-1.2584498845917231	-1.4371905432702201	-2.2265477671730656	-1.2478535316739383	-0.8194449689359633	-2.593100565706134	-0.5637723519206412	-0.49297587864671133	-1.8552319407804303	-1.7086591572053038	-2.4557635022559747	-1.3804381375068897	-0.9461653284032834	-2.142720802411755	-1.02645104061842	-1.2725251922085299	-1.4415191017407452	-1.622689290275273	-1.4359786032249913	-1.873795228854278	-1.2669454844724202	-1.5960483891156785	-1.3490170488165654	-1.8085654819766028	-2.574131189001215	0.01921496051192939	-1.5339416467531333	-0.0626443148527791	-0.25225348895818733	0.7913284119418682	-0.224412231111776	-0.5867981103458346	-1.3808647331387096	-0.06626572632156869	-1.235762877827204	-0.5254191976269706	-1.7386560905922175	-0.257148552061893	-1.0702954698660587	-0.7260046693186957	-0.9586049864171398	-0.031213041627207616	-0.6888636036061291	-0.2891915826720348	-0.32108507411986853	-0.9036877488056616	-0.46832432432964133	-0.38671720127219844	-1.9288481300582396	-0.9534867188600757	0.5362278803133762	-0.9581453226903189	-0.8630432512126891	-2.224163422188722	-0.24325891076689743	-0.8457715419701572	-0.38277519131680604	-1.0163580028603394	0.45229961486220027	-0.628493429061904	-0.11008476404924572	-1.316561252703102	-0.7307450504912341	-0.7462913440913193	-1.2027179984559342	0.7645351409853962	-1.4094401555579776	-1.3024528086086264	0.25777633400075484	-0.7347038499784966	-0.6639582570793974	0.4874897956404922	-0.747678239178172	-0.13094255459774384	-1.725286009476899	-0.836849296662646	-1.4400736607563833	-0.1421601194173867	-2.4089155631863672	-1.2528343689534371	-2.2561349872418286	-0.30732151608048985	-0.4907154571210648	-0.6443293953726092	-2.198963121197336	0.5194919109454474	-0.829948361909568	-0.11859196343582745	0.1093306300606649	0.20508867427563526	-1.0445648264523424	-0.4113648731761743	-0.759673987719764	-2.304152073801278	-1.5007806545566673	-1.9929363810902325	-0.6928234682907051	-1.0113573478855207	-1.4594409761995424	-1.0248828803089993	0.29024327978126685	-1.5288272538095455	-1.3019811743129552	-1.0684620505929177	-0.5026057966413893	-1.954443084902349	-0.576891766589505	-1.0866320731934414	-0.7939396443377333	-0.6659930569024981	-1.8960253208232651	-2.0984402105434237	-0.39579357728042464	0.30976963381600076	-0.27920991729986744	0.05234313993783779	-0.5997756548382984	-2.8493285968451896	-1.7631389758678275	-0.8872965595536124	-0.07215198564956893	-1.415772865570371	-2.856966018611291	-0.0874613251750036
ARG1	-5.620665571018071	-4.465844112389193	-5.445911141727357	-4.737541027392731	-3.4587332071091463	-4.425252282410915	-3.7688211265340965	-4.589453304167606	-5.023510638041582	-3.841096630622266	-3.7723549344869367	-5.417552254481441	-3.292048042811313	-3.5211826663496053	-3.537216650844786	-3.1465778004829246	-5.962763296461885	-4.664472554934786	-2.984423275131711	-3.7722493898434957	-3.1128954319566797	-5.5851832969907695	1.8384121193720757	-4.029951112811521	-4.390933238108879	-4.356395083197419	-3.720836015222295	-4.077275448029089	-3.8380204871419337	-1.7915185416685402	-3.5047675919342787	-0.5644292159130613	-6.180566603085826	-4.298754979526002	-0.396959156315857	-3.36638472701792	-3.20543348688625	-1.2843636123817634	-3.2990621516109933	-4.422528447362205	-4.135579206929915	-4.554901314607066	-4.589763693879617	-4.993110983608963	-3.789615200186107	-1.9097989763374983	-3.747960484679616	-4.6397406465846815	-5.822508252665907	-4.9797970390604664	-4.294477218421912	-4.661403305122312	-7.916120678982483	-5.142512746736014	-4.4675060929779304	-4.70896865053398	-4.367791287362509	-3.2788023530494836	-7.975502663292936	-5.532689506785917	-1.7811991792592448	-2.948487315325192	-4.206461990942081	-4.253460644914558	-5.481011702587596	-4.511087207371117	-3.097658617386922	-6.98910248816439	-3.9721258760066958	-2.9205430002324304	-4.376642893096448	-4.551381151234507	-3.662288729844343	-4.781234769932624	-3.753669519396187	-4.863031855358445	-4.63743933693693	-3.3468717002130277	-4.305646566393743	-3.4197616706581826	-4.956237590085668	-2.924408543266521	-4.302892196538179	-2.8002098017974006	-2.716442372712237	-5.413151899321447	-3.3584212582987867	-3.401246122254868	-4.329862545190862	-4.221882802733438	-5.027530845100124	-4.9545468314503704	-4.235436966128694	-2.6248343297567645	-3.052467234622637	-3.2340387632868874	-4.441682914739788	-2.9032280092933322	-3.6231919915049726	-2.523130051020548	-3.0202141453259825	-3.0181582902078885	-4.821238157971474	-5.168087462443462	-3.569010914659412	-3.857827810067851	-5.308353482314144	-5.1074758554769115	-5.8635854678949295	-1.3928927310239163	-3.8511647002464002	-3.797867228019773	-3.386210985460705	-4.1605072024947996	-5.318253829059318	-5.118356530778012	-3.910143734503358	-3.620613334072963	-4.503858596014467	-2.516780344339322	-5.950114736609352	-5.026243474168593	-3.6778512569910076	-6.132870185494939	-3.3258301083401944	-1.8094075168710648	-3.4930369561787638	-2.1901553464363523	-5.228400246132406	-4.774521623173597	-3.923201680993161	-2.178118426888009	-6.451422854353167	-4.2555834104706	-8.509410995766881	-2.5866315859207223	-2.7265219733375083	-4.39007130124703	-4.834672720278703	-2.6976008994876852	-4.9879174890932445	-3.0884158050560178	-3.0732146037883017	-2.359606363011957	-3.8241564345721146	-3.388757710723776	-3.5288521300621603	-4.455982055850011	-5.7630327238559005	-5.343790719865492	-3.7511411061632423	-2.998855459323132	-3.3844703669910836	-5.2933003310039854	-3.0462996671003406	-4.514019112361233	-3.8338559789465543	-3.6362564757556397	-2.498409858359089	-5.151539478378193	-4.114354816264637	-3.7948950749475623	-5.294493264139373	-3.746722155125769	-5.722139229234559	-5.763554710798668	-5.035589463553584	-3.09551816454416	-3.3940053162985064	-2.7812909630330935	-3.534153184918395	-5.892446692953309	-3.5209944374700237	-3.2424684215975894	-3.5981004785918413	-6.419612374864007	-4.410076633663741	-1.8350266450317223
CCL2	5.197776870953708	5.604550371943643	5.604755372757627	6.574291743372357	6.963615844464568	5.876204261304571	5.241600939340406	5.477891349793322	4.92678003807438	5.704249144834222	5.032363989453685	4.4631022978626	5.942385474512135	6.221371673106588	5.5499221168124	5.406283939730004	5.793183972976187	4.605913890185689	6.13889588291467	5.922188183761276	6.0287460685174254	5.7574021324604985	3.9531070752961943	5.5279219801239075	5.720941073530052	5.878048132095272	4.639768647590566	5.298655398289979	5.68966106907694	5.790623392542198	4.393281913864374	5.638068205369388	2.9819968218398323	5.319361508794686	4.440345694916689	6.024067620309947	4.389929003225566	8.557842656151285	5.874010947512975	6.0152840335735815	6.5187019454585355	5.671641612728953	4.179309664881077	4.285623511876798	6.606658244144557	7.914979236925026	4.6925051673107845	5.188394791147076	5.566704623208038	4.637199909576708	5.373636310762221	5.699977490451449	4.952548378241711	5.555800856721384	5.25534580761418	5.227177404542577	1.1848300468974715	5.43339982027679	5.57355032875253	4.489139815109151	7.145298040691571	6.139035803799726	5.076649199597128	4.9148428701284335	4.280225581551083	5.019383250362882	5.755522468420071	4.357976793334891	6.059626438010506	6.238026958085773	5.724647566431092	5.049702679354002	6.771996511351202	4.7234000949529875	5.80953701376242	4.724120239976197	5.49440335470247	5.632223394792154	3.7041454042548683	5.9412426340219575	5.216679947424764	6.754101896698752	6.045029443013723	6.36157112071878	5.439448120964232	6.960833280775789	5.611361823640636	6.7796698593818245	5.8572868710152415	6.183728382069159	5.061166579022323	6.302549235885538	4.696150461159192	6.428695775800031	5.719064032951479	5.668898371318504	6.136659730824853	6.49169699224457	6.15757871964371	5.820184355431914	5.932845317425547	6.106062911211436	4.643465577575455	6.573538341731903	7.1508297134814205	5.79611700718222	4.203026240318714	4.935895129948701	5.5562607883505875	7.29898280571726	6.417198726732255	6.001375555260756	6.108493959125547	5.598257757755681	5.863480510578065	5.212911973084031	5.593529193655584	5.613228045074887	5.9334454185010586	6.821122807667967	7.4821879237514475	5.787894865796831	6.1038545538768565	7.159593690011716	6.505906365480197	8.10521485502548	5.769605811723888	6.141845011329083	5.135029869600727	5.718493331543294	4.933297341294415	5.751133741211977	4.520284828872419	5.261387030890594	5.181324513860023	5.871645779672119	5.916556634082054	5.7970492989843585	5.128366648721603	6.269600008934728	5.862168983354919	6.79805340831685	6.321643882708158	7.732370939232228	5.595245113278916	7.542637424363924	5.704300778937165	4.98746662450142	5.317275653801088	5.378598238843993	7.104101294826847	5.648753458519176	6.498505474424601	5.964648308732066	5.845278317579885	5.051174862966879	6.145542841543582	5.6209893786686065	7.726838244513651	4.093106197904202	5.612968584810225	5.266733960305575	5.430217717442997	5.992871626909406	5.603681032078914	4.691772495056472	5.601448068482575	6.698623128394465	6.106771823104436	7.739376686764679	5.5457925189693436	4.204964794988484	5.251938315951385	6.812589083949642	7.566455224230259	6.029317736373377	4.300136424803464	7.818324467894315
LGALS3	8.756184237188284	7.733618834509295	9.999400489109773	8.774686787513772	8.480305320829899	9.238680024295055	9.08510698891284	9.152864567691154	9.085433697091808	9.522981466183802	8.854250881696515	9.64864414720504	8.585100972783206	9.008191862564956	8.556593940272887	9.117511796769495	7.880111141720483	9.037193390145525	9.641458142352683	9.52739376564482	8.613865235989298	8.659327707224062	3.421620856256861	9.253057923873133	8.375532918465172	8.539084061499345	9.10868917898119	7.991938000845866	8.720080708489494	7.30582706507048	6.385178935555641	6.562463022877156	7.874983603100926	7.379573767432557	4.16469699143681	9.234965399964082	7.217439794267661	8.371644908445997	7.856972884816231	8.524787017767476	8.69682791988446	8.20212204653879	8.081829540399706	7.64421764013045	7.934137549807839	8.760704297841698	8.83884946650538	7.919968980602925	9.65618692336945	9.213879640978051	7.965345465854981	8.727096982277324	9.775738167516089	8.538478924811916	9.229693332132932	8.276619576779215	8.83822395219044	8.917290977652058	10.175381184604841	8.97701770454805	8.36182542390526	9.166207786267915	8.53399492489834	9.06413116768007	9.381885016784944	7.233483566981836	9.02707998157916	9.792241243999094	8.692624842441077	8.371353577147438	9.561556135928292	9.471434670903081	8.05982120734842	8.699152710902712	8.647494106813596	7.972014894064958	8.751163269417326	7.809972383921551	7.959617008719996	8.58251425690111	9.147101274021153	8.023531865076134	9.599172441156746	8.62103923370218	9.052463983276706	8.210649929060335	8.886126255455423	8.49968994401284	8.26565858121933	9.017018570734399	8.692898663009387	9.153666423529106	8.216749560721116	8.669982578973634	9.139655257997482	8.582140462689264	8.989311184746839	9.451124662293843	8.246535312133865	9.95590856931496	9.31914806831924	8.831938837363918	9.106489464692114	8.746412851774426	8.860321822905163	8.692059000177101	9.3137603960553	8.924550396803458	9.560162855848649	7.9055818453716595	8.766434097475507	8.5481139925622	8.473940054376513	8.258968541166654	9.877221612118635	9.696163514882466	9.050166127643138	9.320027189342595	8.793824417213006	8.352395625041936	8.709687194983758	9.010887452952039	8.903293677888538	8.726356979943994	8.82319889529672	7.859294027688469	9.495172803171222	9.034974073585278	9.14032407114427	9.427763477270133	9.617596361906308	8.787135627335346	8.515606301868695	8.658890628134841	10.371553260691627	9.24341014115697	8.544304363962858	8.814073275788452	8.654310565325892	8.56904780029122	8.798082856768598	8.925382614431998	8.990943984487735	8.219918068258348	9.076236239918527	7.911873847659333	9.074172820973484	8.897606495007125	8.536010088723135	8.210658869723927	7.706411182096207	9.161769205354426	8.30723824550398	10.34758140250392	9.153896650103277	9.055019132219108	8.80817066142897	9.322598931819062	7.380760310633552	8.691053917553393	9.61481216761744	9.169567827128864	8.620558137604236	8.992898532716108	8.860288577261464	9.081747920716944	9.347497803645897	8.044830452041323	9.315017007937398	8.10239062142033	9.508453394646828	7.82124457953871	7.75429461375922	8.758679353942465	9.014702337380186	8.619009092812654	8.937983123046038	7.142731599096912
ARG2	1.2959079843940748	2.3768907816866225	1.8192457841139156	1.7308553127906599	1.5750363350167345	1.483420433424687	1.062507941336834	1.692508185446501	1.6581773132186504	1.5004825342891475	1.0922395298499512	1.3095973741495355	2.1707183983808953	1.3230253038503428	2.009122883886857	2.142119226841882	0.7023613305712072	1.642058095099782	1.9125904554593147	1.506129035519946	2.1025737541976506	1.7364007152196106	5.155363999309647	1.4003415036987894	2.0989481354128277	0.9093742969899677	2.0103042882549342	2.0500195917427746	2.1335017540174452	3.348066394208081	2.4000924937996215	3.803135135814979	1.5303664117437763	2.4463080648205837	4.588115868378104	1.9030431647730988	3.1403802478045915	1.684109349211102	2.257185031033991	1.488490358327861	1.255532085944151	1.8941041619423586	2.2315171545742296	2.244759266132213	2.0129728756524394	1.7975645785258771	2.247262876538468	1.621533127916232	1.1725278773321302	1.6633892535627541	1.8081423384998287	1.2158790179818577	1.8646169084225175	1.6975666491349317	1.6747180317221586	1.8544549012750184	1.3717200890666805	1.737356142194833	1.1188058129208955	1.8676760691079553	1.4831212338709023	1.8864494120851552	2.0933104500491355	0.7158787498934955	1.53871711908174	2.1363488266660218	1.6430785096891252	1.2218715705067498	1.8689961204431538	1.6796028069357796	0.8098454306447186	1.6870539454554137	1.3022953238635029	1.7436095281651194	2.0758863248930752	0.37454580263472814	1.4234759286327443	1.6301596939426821	2.049135606011248	1.4685971629851418	1.4670115656974916	1.4491486266815956	1.8439248902582497	1.625854526011851	1.4323487354639666	2.2578746934350007	1.6809579933761334	1.5307044284400089	1.0539959187705685	1.7153115650614283	1.7502267218121865	1.420747153558898	0.8329323997961557	1.9765401597108383	2.0838002773708535	1.5211937607402664	1.6393266449000312	1.3806625404267052	1.3179182462806835	1.377540331382979	1.6563505109144396	1.3264522290636558	1.4971091766319997	1.402578955679315	1.6081260962520276	1.7392835518322474	1.4255580902550817	2.0050133210616523	1.2332340833217283	1.8744275817907374	2.2983368838565132	1.4416524785485345	1.2669714713997664	1.6196896718990632	1.4770426782928006	1.6240127403087834	1.6332442639232032	1.7644482927893517	1.3876210936785531	1.9047614108925432	1.0117512163456055	1.849586605759575	1.9265517879225162	1.9941598009456096	1.829329753751778	1.5444455119816782	1.7986493145991336	2.01046529196843	1.5218125158398834	1.589824404478358	1.5143033185815336	1.789844360317189	0.763731038137854	1.3750266380637264	0.45576999894042314	1.8503688915882086	1.2118193681473381	1.4779524324018793	2.035550920863815	1.4583918970365286	1.6235764213237056	1.4464546150830402	1.508773932806745	1.5758959917180222	0.9446775145516189	1.4070621128235925	1.4928432015000643	2.5779237711203695	1.4185933413396166	0.6305217022651644	1.0475353197229598	1.9748017627873053	1.8775922953942314	2.1913877416618424	1.4094878001395164	1.5323324206299629	1.9389873989684525	1.5397227326769731	1.082772551281327	1.3076123242672364	1.5384008957641728	1.6632909705413392	1.233474149439756	2.001280204481621	1.3463921322573502	1.5429379297030912	1.063276683108894	1.4659352304990414	2.0079117382901215	1.4668281208750813	1.71186833194929	1.8252897234687984	2.097015908837694	1.5697873733881795	1.3670183830111324	1.7806853949546806	1.6804626259776834	1.6318248591671163
CD274	-0.03621097739296575	0.19159031039825702	1.1925965278438178	1.4973520861882594	0.9556818126064439	1.0771446696323372	-0.35924190929789424	1.1471775855849284	1.003086871338728	1.1692556292980871	-0.6516739533571152	0.870961378302022	1.417998999179765	0.5124786127438381	0.5773056234248719	1.020789985472386	-1.4895735899462788	0.44485368979964535	1.4147031786025135	0.9876844097290389	0.83897991266748	0.10356777505912707	-0.050140136688211046	0.05383313823611524	0.7688413604637121	-0.6555511000344514	0.8611753938754934	0.6774714556593797	1.1909464888907773	0.8234101385691264	-0.9960161083629218	0.8373826637445285	-0.46338792201021395	-0.04707082208147084	-0.585690175902932	0.8881561587114455	0.38705363861946296	1.716586153865612	0.2591533387131506	0.5917730468884497	0.2705509780928417	0.4203522276567726	0.11099861832952085	0.29012181584432595	0.9626550338387667	1.6980788218325666	1.3020230565327542	-0.07748918959177353	0.8062136781249862	0.602690659459858	1.1167590981693227	0.1447131305316136	1.9123127814870442	-0.09917723248685939	0.9748982385385259	0.5836528846900553	0.6295005246440781	0.32016444433063795	0.5585812038383062	0.508347890908103	0.6967285459747232	1.052517642184211	0.5857017865894689	-1.1767803174862148	0.8375645361453166	-0.649277410490092	0.48900135822407886	1.1822220923647917	0.9016111605363625	0.47838277677385976	0.2931996004118369	0.8242397874171645	0.24173496281003137	1.2564304032721734	1.1587919036281842	-1.9361476900363832	0.3224778384740865	-0.8602355396914625	0.5222440461065392	1.2801026219678309	0.6351155538254647	0.3664071772091817	1.4565019436874342	1.620618978624045	0.7642622135289427	1.4787981646834691	0.4093958984331916	1.203582810209357	-0.2511403559407044	1.0166966455702393	0.7060404664203004	1.285981978001768	-1.6028627323683657	1.230121738816174	1.2507635651648825	1.0520568982328489	0.9959014883686196	1.268611815791247	0.8699805834245988	0.8384426584237544	1.2468775185422087	0.5644381893754535	0.6124975153638483	0.47866411117048546	1.6238014873725712	0.7534638809025587	0.11864180350784115	0.812335152899317	0.8396667934445188	0.887242923879592	1.571314315821257	0.28176684948193986	0.7739916364313499	0.37043432690860234	1.4149878928418276	0.9633118395083394	1.0346685652012644	0.9940852353056975	0.8031203459436735	1.6483495937580286	-0.14628387918797814	1.0161817822215937	1.7906109310102594	1.7725271859948846	1.2371457445519676	1.2256615111038611	0.9545888789992776	1.245735063210359	0.5531750777926299	1.1872261088414966	0.655126893637543	1.2046997378948379	-1.2363791201055634	0.016836533695460787	1.0970729720976287	1.095490634970673	-0.05197714364229733	0.48965204751170743	0.22936223458340987	1.5289938390049023	0.7087576134479847	1.1363961718713054	1.2395143323081246	1.4246378088945897	-0.23784922539580244	0.36728516478683715	0.4010949687999863	1.5933094402910037	0.05281318868162832	-1.3644442133003736	-0.48865501616256757	0.9747689803213929	1.0750591343739302	1.969715132871534	1.5822425487941976	0.2084993850072454	1.1233822553171073	0.8404683878694226	-0.00762181201097567	-0.1440003785311499	0.6432966573240146	0.8809017403405006	0.27868498843433454	1.2108873574392431	-0.10766967006384154	0.4237956876361424	0.42934208418962094	1.2911719754096402	1.4242294323806146	1.0856751047147766	1.1513837599746914	-0.14399937321278244	0.9147476459737165	0.8143245917072517	1.7031648003088953	1.1092036870642223	0.2268499053614259	1.38985714584642
CCL22	1.7884057766703592	0.2883223590956545	0.7455797746730894	1.7474258758570045	1.4567931471753504	1.5865228128976874	0.781708124063603	0.6860097188770897	0.25520936544193695	2.3055087728184436	0.69097010530594	1.203428751227885	0.8365328527626197	1.9549644600953036	1.709338267877258	0.7572042627101361	0.005657756771738853	0.9896664467311931	2.5467419687673685	1.3552436467872733	1.482798213303103	0.8231976431027288	-7.671053757198479	1.2361944920231869	0.688495791236317	1.0417150067636758	0.956304722067622	0.21941728311876485	0.32286746272468214	-1.8015080577846208	-2.5281662334941237	-2.9185271613666486	0.40192798374747074	-0.37311123974705485	-6.9860931740536865	0.5792053127774421	-2.0158145360744095	3.08493063636936	-0.9767855261547247	0.8665164392418836	1.513669343733059	1.256664509717842	-0.20175339061987607	-1.4527866160593446	1.1041658113876212	2.509660532010953	1.2733211550782624	-0.147179499106314	1.3695662579068024	0.6198216827367	1.1703784750285697	0.9715458988520762	0.02807963853494666	0.6095803160061113	1.8941517806181816	0.9392989878025757	-4.0226429442253195	-0.007190574225136359	3.340785470484679	0.21522401735959384	2.9126117570970758	2.4201129506570487	-0.14328750664107126	-0.6876022783840385	0.4330768355758261	-1.0339814055247527	1.294230465390136	0.1942953417062876	2.3120356384724507	1.6746764361501407	0.7435815196261322	2.0633809773515983	2.646454472845364	-0.6686896241170643	2.2695701152656147	0.03101292947142298	0.9931200877941091	-0.3409062605291888	-2.4870930434381298	2.4296903766631814	1.5247445849602217	1.6481252336780194	1.4870117682006772	2.1187350379687366	2.9644959419882646	0.755839472819595	2.5535048433041183	2.1366433356240933	0.10789807596896406	1.67753185711602	0.3475375858762062	1.9824587101364912	-0.22079678297289806	2.39047689424154	1.2211319714033708	3.0421791065067962	0.9495687142876541	3.4667534253460195	1.9764657915990131	2.012653400960195	2.964707726202607	2.8286021335229545	1.0088396100607202	1.0740375383317433	2.9273690586298544	1.1480234764059345	1.4323382280898835	0.4988082925458919	1.5809797022159628	2.65324053927388	0.8335126564837534	2.580114463816651	1.8351762956028503	-0.1054125877280665	1.1571323738782473	1.0741655223379958	1.2955586043136718	1.8099132051119229	0.841558778851863	1.7344523386129964	1.904729455489579	-0.1175983906818514	1.6754377353371375	0.9435609402736755	1.8204400175208049	3.395860985151355	1.1459911825495883	2.2553734119254427	2.1740787925400387	1.8596028427454847	1.7145003435420048	2.587389591519641	-1.0334440584045246	0.9917990495887148	1.68439128332595	2.5960198155741976	1.8762891985457335	0.6605911672965066	-0.6840149773932804	3.6378332362929466	0.33316951108699744	3.8461546173128847	2.376752330947677	3.481542596760039	1.2882840810890785	1.2358886697489426	0.7414390963134911	-1.2822238832043205	0.048887499076598395	0.3934791416082586	0.9745180425599411	1.843019419762066	2.6282340440261143	2.597687227514255	3.7149227891549748	0.6494031097675057	1.8036279801115258	1.641606244572106	2.090816214138396	1.580410556390043	1.9514178080139164	1.9680947602465535	1.1002520553346509	0.501810017020726	0.7506924498366736	0.6992380370587936	1.4471738485533026	2.856910197642793	1.0255397512240183	2.651414056800993	1.8678907007529393	-0.8792773350032599	-0.6775900599446141	2.746348378348693	3.1129434309004145	0.5373255196398032	1.1685440552137152	4.355348305645229
